version 2
JvmtiExport can_access_local_variables 0
JvmtiExport can_hotswap_or_post_breakpoint 0
JvmtiExport can_post_on_exceptions 0
# 327 ciObject found
instanceKlass sun/util/locale/BaseLocale
ciInstanceKlass java/lang/Cloneable 1 0 7 100 1 100 1 1 1
instanceKlass org/apache/poi/ss/usermodel/Font
instanceKlass org/apache/poi/xssf/usermodel/OoxmlSheetExtensions
instanceKlass org/apache/poi/ss/usermodel/Sheet
instanceKlass org/apache/poi/ss/usermodel/DataFormat
instanceKlass org/apache/poi/ss/usermodel/CreationHelper
instanceKlass org/apache/poi/ss/usermodel/CellStyle
instanceKlass org/apache/poi/ss/formula/udf/UDFFinder
instanceKlass org/apache/poi/ooxml/POIXMLRelation
instanceKlass org/apache/xmlbeans/XmlObject
instanceKlass org/apache/xmlbeans/XmlTokenSource
instanceKlass org/apache/commons/collections4/ListValuedMap
instanceKlass org/apache/commons/collections4/MultiValuedMap
instanceKlass org/apache/poi/ooxml/POIXMLFactory
instanceKlass org/apache/poi/ss/usermodel/Name
instanceKlass org/apache/poi/ooxml/POIXMLDocumentPart
instanceKlass org/apache/poi/ss/usermodel/Date1904Support
instanceKlass org/apache/poi/openxml4j/opc/PackageRelationship
instanceKlass org/apache/logging/log4j/LogBuilder$1
instanceKlass java/text/CalendarBuilder
instanceKlass java/text/ParsePosition
instanceKlass com/sun/org/apache/xerces/internal/dom/CharacterDataImpl$1
instanceKlass org/w3c/dom/Text
instanceKlass org/w3c/dom/CharacterData
instanceKlass org/apache/poi/openxml4j/opc/internal/unmarshallers/UnmarshallContext
instanceKlass org/apache/poi/openxml4j/opc/PackageRelationshipCollection
instanceKlass  @bci org/apache/poi/openxml4j/opc/ZipPackage getPartsImpl ()Lorg/apache/poi/openxml4j/opc/PackagePartCollection; 284 <appendix> argL0 ; # org/apache/poi/openxml4j/opc/ZipPackage$$Lambda+0x00000156d328ed18
instanceKlass  @bci org/apache/poi/openxml4j/opc/ZipPackage getPartsImpl ()Lorg/apache/poi/openxml4j/opc/PackagePartCollection; 274 <appendix> member <vmtarget> ; # org/apache/poi/openxml4j/opc/ZipPackage$$Lambda+0x00000156d328ead8
instanceKlass org/apache/poi/openxml4j/opc/ZipPackage$EntryTriple
instanceKlass  @bci org/apache/poi/openxml4j/opc/ZipPackage getPartsImpl ()Lorg/apache/poi/openxml4j/opc/PackagePartCollection; 263 <appendix> argL0 ; # org/apache/poi/openxml4j/opc/ZipPackage$$Lambda+0x00000156d328e658
instanceKlass org/apache/poi/openxml4j/opc/PackagingURIHelper
instanceKlass org/w3c/dom/Attr
instanceKlass com/sun/org/apache/xerces/internal/dom/NamedNodeMapImpl
instanceKlass org/w3c/dom/NamedNodeMap
instanceKlass com/sun/org/apache/xerces/internal/dom/DeepNodeListImpl
instanceKlass com/sun/org/apache/xerces/internal/dom/DeferredDocumentImpl$RefCount
instanceKlass com/sun/org/apache/xerces/internal/dom/NodeListCache
instanceKlass org/w3c/dom/TypeInfo
instanceKlass org/w3c/dom/ElementTraversal
instanceKlass org/w3c/dom/Element
instanceKlass org/w3c/dom/DocumentType
instanceKlass com/sun/org/apache/xerces/internal/dom/NodeImpl
instanceKlass org/w3c/dom/events/EventTarget
instanceKlass org/w3c/dom/NodeList
instanceKlass org/w3c/dom/Document
instanceKlass org/w3c/dom/ranges/DocumentRange
instanceKlass org/w3c/dom/events/DocumentEvent
instanceKlass org/w3c/dom/traversal/DocumentTraversal
instanceKlass com/sun/org/apache/xerces/internal/dom/DeferredNode
instanceKlass org/apache/poi/util/XMLHelper$DocHelperErrorHandler
instanceKlass  @bci org/apache/poi/util/XMLHelper newDocumentBuilder ()Ljavax/xml/parsers/DocumentBuilder; 8 <appendix> argL0 ; # org/apache/poi/util/XMLHelper$$Lambda+0x00000156d328e000
instanceKlass  @bci org/apache/poi/util/XMLHelper getSaxParserFactory ()Ljavax/xml/parsers/SAXParserFactory; 92 <appendix> member <vmtarget> ; # org/apache/poi/util/XMLHelper$$Lambda+0x00000156d328bbe8
instanceKlass  @bci org/apache/poi/util/XMLHelper getSaxParserFactory ()Ljavax/xml/parsers/SAXParserFactory; 74 <appendix> member <vmtarget> ; # org/apache/poi/util/XMLHelper$$Lambda+0x00000156d328b9c8
instanceKlass  @bci org/apache/poi/util/XMLHelper getSaxParserFactory ()Ljavax/xml/parsers/SAXParserFactory; 56 <appendix> member <vmtarget> ; # org/apache/poi/util/XMLHelper$$Lambda+0x00000156d328b7a8
instanceKlass  @bci org/apache/poi/util/XMLHelper getSaxParserFactory ()Ljavax/xml/parsers/SAXParserFactory; 38 <appendix> member <vmtarget> ; # org/apache/poi/util/XMLHelper$$Lambda+0x00000156d328b588
instanceKlass  @bci org/apache/poi/util/XMLHelper getSaxParserFactory ()Ljavax/xml/parsers/SAXParserFactory; 20 <appendix> member <vmtarget> ; # org/apache/poi/util/XMLHelper$$Lambda+0x00000156d328b368
instanceKlass  @bci org/apache/poi/util/XMLHelper getDocumentBuilderFactory ()Ljavax/xml/parsers/DocumentBuilderFactory; 212 <appendix> member <vmtarget> ; # org/apache/poi/util/XMLHelper$$Lambda+0x00000156d328b148
instanceKlass  @bci org/apache/poi/util/XMLHelper getDocumentBuilderFactory ()Ljavax/xml/parsers/DocumentBuilderFactory; 166 <appendix> member <vmtarget> ; # org/apache/poi/util/XMLHelper$$Lambda+0x00000156d328af28
instanceKlass  @cpi org/apache/poi/util/XMLHelper 282 form vmentry <vmtarget> ; # java/lang/invoke/LambdaForm$DMH+0x00000156d328cc00
# instanceKlass java/lang/invoke/LambdaForm$DMH+0x00000156d328c800
instanceKlass  @bci org/apache/poi/util/XMLHelper getDocumentBuilderFactory ()Ljavax/xml/parsers/DocumentBuilderFactory; 153 <appendix> member <vmtarget> ; # org/apache/poi/util/XMLHelper$$Lambda+0x00000156d328ad08
instanceKlass  @bci org/apache/poi/util/XMLHelper getDocumentBuilderFactory ()Ljavax/xml/parsers/DocumentBuilderFactory; 135 <appendix> member <vmtarget> ; # org/apache/poi/util/XMLHelper$$Lambda+0x00000156d328aae8
instanceKlass  @bci org/apache/poi/util/XMLHelper getDocumentBuilderFactory ()Ljavax/xml/parsers/DocumentBuilderFactory; 117 <appendix> member <vmtarget> ; # org/apache/poi/util/XMLHelper$$Lambda+0x00000156d328a8c8
instanceKlass  @bci org/apache/poi/util/XMLHelper getDocumentBuilderFactory ()Ljavax/xml/parsers/DocumentBuilderFactory; 99 <appendix> member <vmtarget> ; # org/apache/poi/util/XMLHelper$$Lambda+0x00000156d328a6a8
instanceKlass javax/xml/parsers/DocumentBuilder
instanceKlass  @bci org/apache/poi/util/XMLHelper getDocumentBuilderFactory ()Ljavax/xml/parsers/DocumentBuilderFactory; 81 <appendix> member <vmtarget> ; # org/apache/poi/util/XMLHelper$$Lambda+0x00000156d328a488
instanceKlass  @bci org/apache/poi/util/XMLHelper getDocumentBuilderFactory ()Ljavax/xml/parsers/DocumentBuilderFactory; 62 <appendix> member <vmtarget> ; # org/apache/poi/util/XMLHelper$$Lambda+0x00000156d328a268
instanceKlass  @bci org/apache/poi/util/XMLHelper getDocumentBuilderFactory ()Ljavax/xml/parsers/DocumentBuilderFactory; 43 <appendix> member <vmtarget> ; # org/apache/poi/util/XMLHelper$$Lambda+0x00000156d328a048
instanceKlass  @cpi org/apache/poi/util/XMLHelper 270 form vmentry <vmtarget> ; # java/lang/invoke/LambdaForm$DMH+0x00000156d328c400
instanceKlass org/apache/poi/util/XMLHelper$SecurityProperty
instanceKlass  @bci org/apache/poi/util/XMLHelper getDocumentBuilderFactory ()Ljavax/xml/parsers/DocumentBuilderFactory; 25 <appendix> member <vmtarget> ; # org/apache/poi/util/XMLHelper$$Lambda+0x00000156d3289c30
instanceKlass  @cpi org/apache/poi/util/XMLHelper 265 form vmentry <vmtarget> ; # java/lang/invoke/LambdaForm$DMH+0x00000156d328c000
instanceKlass org/apache/poi/util/XMLHelper$SecurityFeature
instanceKlass javax/xml/parsers/DocumentBuilderFactory
instanceKlass org/apache/poi/util/XMLHelper
instanceKlass org/apache/poi/ooxml/util/DocumentHelper
instanceKlass  @bci org/apache/poi/openxml4j/opc/PackagePartCollection <init> ()V 20 <appendix> argL0 ; # org/apache/poi/openxml4j/opc/PackagePartCollection$$Lambda+0x00000156d3288ff8
instanceKlass org/apache/poi/openxml4j/opc/PackagePartName
instanceKlass org/apache/poi/openxml4j/opc/PackagePartCollection
instanceKlass  @bci java/util/Comparator thenComparing (Ljava/util/Comparator;)Ljava/util/Comparator; 7 <appendix> member <vmtarget> ; # java/util/Comparator$$Lambda+0x00000156d32608d8
instanceKlass  @bci org/apache/commons/compress/archivers/zip/ZipFile <clinit> ()V 41 <appendix> argL0 ; # org/apache/commons/compress/archivers/zip/ZipFile$$Lambda+0x00000156d3288218
instanceKlass  @bci java/util/Comparator comparingLong (Ljava/util/function/ToLongFunction;)Ljava/util/Comparator; 6 <appendix> member <vmtarget> ; # java/util/Comparator$$Lambda+0x00000156d3260640
instanceKlass  @bci org/apache/commons/compress/archivers/zip/ZipFile <clinit> ()V 33 <appendix> argL0 ; # org/apache/commons/compress/archivers/zip/ZipFile$$Lambda+0x00000156d3288000
instanceKlass org/apache/commons/compress/archivers/zip/UnparseableExtraFieldData
instanceKlass org/apache/commons/compress/archivers/zip/UnrecognizedExtraField
instanceKlass org/apache/commons/compress/archivers/zip/ExtraFieldUtils$UnparseableExtraField
instanceKlass  @bci org/apache/commons/compress/archivers/zip/ExtraFieldUtils <clinit> ()V 237 <appendix> argL0 ; # org/apache/commons/compress/archivers/zip/ExtraFieldUtils$$Lambda+0x00000156d3287860
instanceKlass org/apache/commons/compress/archivers/zip/ResourceAlignmentExtraField
instanceKlass  @bci org/apache/commons/compress/archivers/zip/ExtraFieldUtils <clinit> ()V 220 <appendix> argL0 ; # org/apache/commons/compress/archivers/zip/ExtraFieldUtils$$Lambda+0x00000156d32873b8
instanceKlass  @bci org/apache/commons/compress/archivers/zip/ExtraFieldUtils <clinit> ()V 203 <appendix> argL0 ; # org/apache/commons/compress/archivers/zip/ExtraFieldUtils$$Lambda+0x00000156d3286f08
instanceKlass  @bci org/apache/commons/compress/archivers/zip/ExtraFieldUtils <clinit> ()V 186 <appendix> argL0 ; # org/apache/commons/compress/archivers/zip/ExtraFieldUtils$$Lambda+0x00000156d3286a28
instanceKlass  @bci org/apache/commons/compress/archivers/zip/ExtraFieldUtils <clinit> ()V 169 <appendix> argL0 ; # org/apache/commons/compress/archivers/zip/ExtraFieldUtils$$Lambda+0x00000156d3286560
instanceKlass  @bci org/apache/commons/compress/archivers/zip/ExtraFieldUtils <clinit> ()V 152 <appendix> argL0 ; # org/apache/commons/compress/archivers/zip/ExtraFieldUtils$$Lambda+0x00000156d3286098
instanceKlass org/apache/commons/compress/archivers/zip/PKWareExtraHeader
instanceKlass  @bci org/apache/commons/compress/archivers/zip/ExtraFieldUtils <clinit> ()V 135 <appendix> argL0 ; # org/apache/commons/compress/archivers/zip/ExtraFieldUtils$$Lambda+0x00000156d3285950
instanceKlass  @bci org/apache/commons/compress/archivers/zip/ExtraFieldUtils <clinit> ()V 118 <appendix> argL0 ; # org/apache/commons/compress/archivers/zip/ExtraFieldUtils$$Lambda+0x00000156d3285738
instanceKlass org/apache/commons/compress/archivers/zip/Zip64ExtendedInformationExtraField
instanceKlass  @bci org/apache/commons/compress/archivers/zip/ExtraFieldUtils <clinit> ()V 101 <appendix> argL0 ; # org/apache/commons/compress/archivers/zip/ExtraFieldUtils$$Lambda+0x00000156d3285250
instanceKlass  @bci org/apache/commons/compress/archivers/zip/ExtraFieldUtils <clinit> ()V 84 <appendix> argL0 ; # org/apache/commons/compress/archivers/zip/ExtraFieldUtils$$Lambda+0x00000156d3285038
instanceKlass  @bci org/apache/commons/compress/archivers/zip/ExtraFieldUtils <clinit> ()V 67 <appendix> argL0 ; # org/apache/commons/compress/archivers/zip/ExtraFieldUtils$$Lambda+0x00000156d3284e20
instanceKlass org/apache/commons/compress/archivers/zip/JarMarker
instanceKlass  @bci org/apache/commons/compress/archivers/zip/ExtraFieldUtils <clinit> ()V 50 <appendix> argL0 ; # org/apache/commons/compress/archivers/zip/ExtraFieldUtils$$Lambda+0x00000156d32849c0
instanceKlass org/apache/commons/compress/archivers/zip/X7875_NewUnix
instanceKlass  @bci org/apache/commons/compress/archivers/zip/ExtraFieldUtils <clinit> ()V 33 <appendix> argL0 ; # org/apache/commons/compress/archivers/zip/ExtraFieldUtils$$Lambda+0x00000156d3284500
instanceKlass  @bci org/apache/commons/compress/archivers/zip/ExtraFieldUtils <clinit> ()V 16 <appendix> argL0 ; # org/apache/commons/compress/archivers/zip/ExtraFieldUtils$$Lambda+0x00000156d32842e8
instanceKlass org/apache/commons/compress/archivers/zip/AsiExtraField
instanceKlass org/apache/commons/compress/archivers/zip/UnixStat
instanceKlass org/apache/commons/compress/archivers/zip/ExtraFieldUtils
instanceKlass org/apache/commons/compress/archivers/zip/X000A_NTFS
instanceKlass org/apache/commons/compress/archivers/zip/X5455_ExtendedTimestamp
instanceKlass  @bci sun/util/locale/provider/LocaleProviderAdapter toLocaleArray (Ljava/util/Set;)[Ljava/util/Locale; 16 <appendix> argL0 ; # sun/util/locale/provider/LocaleProviderAdapter$$Lambda+0x80000006e
instanceKlass  @bci sun/util/locale/provider/LocaleProviderAdapter toLocaleArray (Ljava/util/Set;)[Ljava/util/Locale; 6 <appendix> argL0 ; # sun/util/locale/provider/LocaleProviderAdapter$$Lambda+0x80000006d
instanceKlass  @bci sun/util/cldr/CLDRLocaleProviderAdapter getCalendarDataProvider ()Ljava/util/spi/CalendarDataProvider; 8 <appendix> member <vmtarget> ; # sun/util/cldr/CLDRLocaleProviderAdapter$$Lambda+0x800000067
instanceKlass sun/util/locale/provider/CalendarDataUtility$CalendarWeekParameterGetter
instanceKlass java/util/Calendar$Builder
instanceKlass  @bci sun/util/locale/provider/JRELocaleProviderAdapter getCalendarProvider ()Lsun/util/spi/CalendarProvider; 8 <appendix> member <vmtarget> ; # sun/util/locale/provider/JRELocaleProviderAdapter$$Lambda+0x800000068
instanceKlass org/apache/commons/compress/archivers/zip/AbstractUnicodeExtraField
instanceKlass org/apache/commons/compress/archivers/zip/ZipUtil
instanceKlass org/apache/commons/compress/archivers/zip/ZipShort
instanceKlass org/apache/commons/compress/archivers/zip/GeneralPurposeBit
instanceKlass org/apache/commons/compress/archivers/zip/ExtraFieldParsingBehavior
instanceKlass org/apache/commons/compress/archivers/zip/UnparseableExtraFieldBehavior
instanceKlass org/apache/commons/compress/archivers/zip/ZipExtraField
instanceKlass org/apache/commons/compress/archivers/EntryStreamOffsets
instanceKlass org/apache/commons/compress/archivers/zip/ZipArchiveInputStream$CurrentEntry
instanceKlass  @bci org/apache/commons/io/IOUtils read (Ljava/io/InputStream;[BII)I 12 <appendix> member <vmtarget> ; # org/apache/commons/io/IOUtils$$Lambda+0x00000156d325c820
instanceKlass  @cpi org/apache/commons/io/IOUtils 1136 form vmentry <vmtarget> ; # java/lang/invoke/LambdaForm$DMH+0x00000156d3280000
instanceKlass org/apache/commons/io/function/IOTriFunction
instanceKlass org/apache/commons/compress/utils/IOUtils
instanceKlass org/apache/poi/openxml4j/util/ZipInputStreamZipEntrySource
instanceKlass org/apache/commons/compress/archivers/zip/NioZipEncoding
instanceKlass org/apache/commons/compress/archivers/zip/CharsetAccessor
instanceKlass org/apache/commons/compress/archivers/zip/ZipEncoding
instanceKlass org/apache/commons/compress/archivers/zip/ZipEncodingHelper
instanceKlass org/apache/commons/io/Charsets
instanceKlass org/apache/commons/compress/utils/ByteUtils
instanceKlass org/apache/commons/compress/archivers/zip/ZipLong
instanceKlass org/apache/commons/compress/archivers/ArchiveEntry
instanceKlass org/apache/commons/compress/compressors/bzip2/BZip2Constants
instanceKlass org/apache/commons/io/function/IOIterator
instanceKlass org/apache/poi/openxml4j/opc/internal/ZipHelper$1
instanceKlass org/apache/commons/compress/utils/InputStreamStatistics
instanceKlass org/apache/poi/openxml4j/opc/internal/ZipHelper
instanceKlass org/apache/poi/openxml4j/opc/internal/marshallers/PackagePropertiesMarshaller$NamespaceImpl
instanceKlass org/w3c/dom/Node
instanceKlass org/apache/poi/openxml4j/opc/internal/marshallers/PackagePropertiesMarshaller
instanceKlass org/apache/poi/openxml4j/opc/internal/unmarshallers/PackagePropertiesUnmarshaller
instanceKlass org/apache/poi/openxml4j/opc/internal/PartUnmarshaller
instanceKlass  @bci java/util/regex/Pattern and (Ljava/util/regex/Pattern$CharPredicate;Ljava/util/regex/Pattern$CharPredicate;Z)Ljava/util/regex/Pattern$CharPredicate; 14 <appendix> member <vmtarget> ; # java/util/regex/Pattern$$Lambda+0x00000156d31bef00
instanceKlass org/apache/poi/openxml4j/opc/internal/ContentType
instanceKlass org/apache/poi/openxml4j/opc/internal/marshallers/DefaultMarshaller
instanceKlass org/apache/poi/openxml4j/opc/PackagePart
instanceKlass org/apache/commons/compress/archivers/zip/ZipFile
instanceKlass org/apache/poi/openxml4j/util/ZipEntrySource
instanceKlass org/apache/poi/openxml4j/opc/OPCComplianceFlags
instanceKlass org/apache/poi/openxml4j/opc/PackageProperties
instanceKlass org/apache/poi/openxml4j/opc/internal/ContentTypeManager
instanceKlass org/apache/poi/openxml4j/opc/internal/PartMarshaller
instanceKlass org/apache/poi/openxml4j/opc/OPCPackage
instanceKlass org/apache/poi/openxml4j/opc/RelationshipSource
instanceKlass org/apache/poi/xssf/usermodel/XSSFWorkbookFactory
instanceKlass org/apache/poi/hssf/usermodel/HSSFWorkbookFactory
instanceKlass  @bci org/apache/poi/ss/usermodel/WorkbookFactory <init> ()V 36 <appendix> member <vmtarget> ; # org/apache/poi/ss/usermodel/WorkbookFactory$$Lambda+0x00000156d3254a08
instanceKlass org/apache/poi/ss/usermodel/WorkbookFactory$Singleton
instanceKlass  @bci org/apache/poi/ss/usermodel/WorkbookFactory create (Ljava/io/InputStream;Ljava/lang/String;)Lorg/apache/poi/ss/usermodel/Workbook; 54 <appendix> member <vmtarget> ; # org/apache/poi/ss/usermodel/WorkbookFactory$$Lambda+0x00000156d32545e8
instanceKlass org/apache/poi/ss/usermodel/Workbook
instanceKlass org/apache/poi/ss/usermodel/WorkbookProvider
instanceKlass org/apache/poi/ss/usermodel/WorkbookFactory$ProviderMethod
instanceKlass  @bci org/apache/commons/io/function/IOIntConsumer <clinit> ()V 0 <appendix> argL0 ; # org/apache/commons/io/function/IOIntConsumer$$Lambda+0x00000156d324dc88
instanceKlass  @cpi org/apache/commons/io/function/IOIntConsumer 93 form vmentry <vmtarget> ; # java/lang/invoke/LambdaForm$DMH+0x00000156d3250400
# instanceKlass java/lang/invoke/LambdaForm$DMH+0x00000156d3250000
instanceKlass org/apache/commons/io/function/IOIntConsumer
instanceKlass  @bci org/apache/commons/io/function/IOConsumer <clinit> ()V 0 <appendix> argL0 ; # org/apache/commons/io/function/IOConsumer$$Lambda+0x00000156d324d858
instanceKlass  @bci org/apache/commons/io/input/ProxyInputStream <init> (Ljava/io/InputStream;Lorg/apache/commons/io/input/ProxyInputStream$AbstractBuilder;)V 6 <appendix> argL0 ; # org/apache/commons/io/input/ProxyInputStream$$Lambda+0x00000156d324d620
instanceKlass org/apache/commons/io/function/Erase
instanceKlass org/apache/commons/io/function/IOConsumer
instanceKlass  @bci org/apache/commons/io/function/Constants <clinit> ()V 48 <appendix> argL0 ; # org/apache/commons/io/function/Constants$$Lambda+0x00000156d324d000
instanceKlass  @cpi org/apache/commons/io/function/Constants 120 form vmentry <vmtarget> ; # java/lang/invoke/LambdaForm$DMH+0x00000156d324cc00
instanceKlass org/apache/commons/io/function/IOTriConsumer
instanceKlass  @bci org/apache/commons/io/function/Constants <clinit> ()V 40 <appendix> argL0 ; # org/apache/commons/io/function/Constants$$Lambda+0x00000156d324fb60
instanceKlass  @bci org/apache/commons/io/function/Constants <clinit> ()V 32 <appendix> argL0 ; # org/apache/commons/io/function/Constants$$Lambda+0x00000156d324f908
instanceKlass org/apache/commons/io/function/IOPredicate
instanceKlass  @bci org/apache/commons/io/function/Constants <clinit> ()V 24 <appendix> argL0 ; # org/apache/commons/io/function/Constants$$Lambda+0x00000156d324f468
instanceKlass org/apache/commons/io/function/IOFunction
instanceKlass  @bci org/apache/commons/io/function/Constants <clinit> ()V 16 <appendix> argL0 ; # org/apache/commons/io/function/Constants$$Lambda+0x00000156d324f038
instanceKlass  @cpi org/apache/commons/io/function/Constants 105 form vmentry <vmtarget> ; # java/lang/invoke/LambdaForm$DMH+0x00000156d324c800
instanceKlass org/apache/commons/io/function/IOBiFunction
instanceKlass  @bci org/apache/commons/io/function/Constants <clinit> ()V 8 <appendix> argL0 ; # org/apache/commons/io/function/Constants$$Lambda+0x00000156d324ec18
instanceKlass org/apache/commons/io/function/IORunnable
instanceKlass  @bci org/apache/commons/io/function/Constants <clinit> ()V 0 <appendix> argL0 ; # org/apache/commons/io/function/Constants$$Lambda+0x00000156d324e7e8
instanceKlass  @cpi org/apache/commons/io/function/Constants 97 form vmentry <vmtarget> ; # java/lang/invoke/LambdaForm$DMH+0x00000156d324c400
instanceKlass org/apache/commons/io/function/Constants
instanceKlass org/apache/commons/io/function/IOBiConsumer
instanceKlass  @bci org/apache/commons/io/IOUtils <clinit> ()V 53 <appendix> argL0 ; # org/apache/commons/io/IOUtils$$Lambda+0x00000156d324b480
instanceKlass  @bci org/apache/commons/io/IOUtils <clinit> ()V 36 <appendix> argL0 ; # org/apache/commons/io/IOUtils$$Lambda+0x00000156d324b268
instanceKlass org/apache/commons/io/IOUtils
instanceKlass  @bci org/apache/commons/io/build/AbstractStreamBuilder <init> ()V 47 <appendix> member <vmtarget> ; # org/apache/commons/io/build/AbstractStreamBuilder$$Lambda+0x00000156d3249088
instanceKlass  @cpi org/apache/commons/io/build/AbstractStreamBuilder 218 form vmentry <vmtarget> ; # java/lang/invoke/LambdaForm$DMH+0x00000156d324c000
instanceKlass java/util/function/IntUnaryOperator
instanceKlass org/apache/commons/io/file/DeleteOption
instanceKlass java/nio/file/FileVisitor
instanceKlass org/apache/commons/io/file/PathUtils
instanceKlass org/apache/commons/io/build/AbstractSupplier
instanceKlass org/apache/commons/io/function/IOSupplier
instanceKlass  @bci org/apache/logging/log4j/spi/LoggerRegistry putIfAbsent (Ljava/lang/String;Lorg/apache/logging/log4j/message/MessageFactory;Lorg/apache/logging/log4j/spi/ExtendedLogger;)V 42 <appendix> member <vmtarget> ; # org/apache/logging/log4j/spi/LoggerRegistry$$Lambda+0x00000156d3245468
instanceKlass org/apache/logging/log4j/spi/LoggerRegistry
instanceKlass org/apache/logging/log4j/simple/SimpleLoggerContext
instanceKlass org/apache/logging/log4j/internal/LogManagerStatus
instanceKlass org/apache/logging/log4j/spi/LoggerContext
instanceKlass org/apache/logging/log4j/simple/SimpleLoggerContextFactory
instanceKlass org/apache/logging/log4j/spi/NoOpThreadContextMap
instanceKlass org/apache/logging/log4j/simple/internal/SimpleProvider$Config
instanceKlass  @bci org/apache/logging/log4j/util/ProviderUtil selectProvider (Lorg/apache/logging/log4j/util/PropertiesUtil;Ljava/util/Collection;Lorg/apache/logging/log4j/Logger;)Lorg/apache/logging/log4j/spi/Provider; 376 <appendix> argL0 ; # org/apache/logging/log4j/util/ProviderUtil$$Lambda+0x00000156d32416a8
instanceKlass  @bci java/util/function/BinaryOperator maxBy (Ljava/util/Comparator;)Ljava/util/function/BinaryOperator; 6 <appendix> member <vmtarget> ; # java/util/function/BinaryOperator$$Lambda+0x00000156d31bd260
instanceKlass org/apache/logging/log4j/message/Clearable
instanceKlass org/apache/logging/log4j/message/ReusableMessageFactory
instanceKlass java/time/format/DateTimePrintContext
instanceKlass  @bci org/apache/logging/log4j/status/StatusLogger notifyListeners (Lorg/apache/logging/log4j/status/StatusData;)V 33 <appendix> member <vmtarget> ; # org/apache/logging/log4j/status/StatusLogger$$Lambda+0x00000156d3240fe8
instanceKlass  @bci java/time/format/DateTimeFormatter <clinit> ()V 1075 <appendix> argL0 ; # java/time/format/DateTimeFormatter$$Lambda+0x800000010
instanceKlass  @bci java/time/format/DateTimeFormatter <clinit> ()V 1067 <appendix> argL0 ; # java/time/format/DateTimeFormatter$$Lambda+0x80000000f
instanceKlass java/time/Period
instanceKlass java/time/chrono/ChronoPeriod
instanceKlass java/time/format/DateTimeFormatterBuilder$TextPrinterParser
instanceKlass java/time/format/DateTimeTextProvider$1
instanceKlass java/time/format/DateTimeTextProvider
instanceKlass java/time/format/DateTimeTextProvider$LocaleStore
instanceKlass java/time/format/DateTimeFormatterBuilder$InstantPrinterParser
instanceKlass java/time/format/DateTimeFormatterBuilder$StringLiteralPrinterParser
instanceKlass java/time/format/DateTimeFormatterBuilder$ZoneIdPrinterParser
instanceKlass java/time/format/DateTimeFormatterBuilder$OffsetIdPrinterParser
instanceKlass java/time/format/DecimalStyle
instanceKlass java/time/format/DateTimeFormatterBuilder$CompositePrinterParser
instanceKlass java/time/chrono/AbstractChronology
instanceKlass java/time/chrono/Chronology
instanceKlass java/time/format/DateTimeFormatterBuilder$CharLiteralPrinterParser
instanceKlass java/time/format/DateTimeFormatterBuilder$NumberPrinterParser
instanceKlass java/time/format/DateTimeFormatterBuilder$DateTimePrinterParser
instanceKlass java/time/temporal/JulianFields
instanceKlass java/time/temporal/IsoFields
instanceKlass  @bci java/time/format/DateTimeFormatterBuilder <clinit> ()V 0 <appendix> argL0 ; # java/time/format/DateTimeFormatterBuilder$$Lambda+0x800000011
instanceKlass java/time/temporal/TemporalQuery
instanceKlass java/time/format/DateTimeFormatterBuilder
instanceKlass java/time/format/DateTimeFormatter
instanceKlass org/apache/logging/log4j/status/StatusData
instanceKlass org/apache/logging/log4j/message/SimpleMessage
instanceKlass  @bci org/apache/logging/log4j/util/ProviderUtil selectProvider (Lorg/apache/logging/log4j/util/PropertiesUtil;Ljava/util/Collection;Lorg/apache/logging/log4j/Logger;)Lorg/apache/logging/log4j/spi/Provider; 256 <appendix> argL0 ; # org/apache/logging/log4j/util/ProviderUtil$$Lambda+0x00000156d3240878
instanceKlass org/apache/logging/log4j/spi/ThreadContextMap
instanceKlass org/apache/logging/log4j/spi/LoggerContextFactory
instanceKlass  @bci org/apache/logging/log4j/util/PropertiesUtil$Environment get (Ljava/lang/String;)Ljava/lang/String; 35 <appendix> argL0 ; # org/apache/logging/log4j/util/PropertiesUtil$Environment$$Lambda+0x00000156d3240240
instanceKlass  @bci org/apache/logging/log4j/util/PropertiesUtil$Environment get (Ljava/lang/String;)Ljava/lang/String; 25 <appendix> member <vmtarget> ; # org/apache/logging/log4j/util/PropertiesUtil$Environment$$Lambda+0x00000156d3240000
instanceKlass org/apache/logging/log4j/util/PropertySource$Comparator
instanceKlass org/apache/logging/log4j/util/PropertySource$Util
instanceKlass org/apache/logging/log4j/util/Cast
instanceKlass org/apache/logging/log4j/util/LazyUtil$1
instanceKlass org/apache/logging/log4j/util/LazyUtil
instanceKlass org/apache/logging/log4j/util/SystemPropertiesPropertySource
instanceKlass org/apache/logging/log4j/util/EnvironmentPropertySource
instanceKlass  @bci org/apache/logging/log4j/util/PropertiesUtil$Environment <init> (Lorg/apache/logging/log4j/util/PropertySource;)V 99 <appendix> member <vmtarget> ; # org/apache/logging/log4j/util/PropertiesUtil$Environment$$Lambda+0x00000156d323d000
instanceKlass  @bci org/apache/logging/log4j/util/PropertiesUtil$Environment <init> (Lorg/apache/logging/log4j/util/PropertySource;)V 34 <appendix> argL0 ; # org/apache/logging/log4j/util/PropertiesUtil$Environment$$Lambda+0x00000156d323fc58
instanceKlass org/apache/logging/log4j/util/BiConsumer
instanceKlass org/apache/logging/log4j/util/PropertiesUtil$Environment
instanceKlass org/apache/logging/log4j/util/PropertiesPropertySource
instanceKlass org/apache/logging/log4j/util/LazyUtil$SafeLazy
instanceKlass org/apache/logging/log4j/util/Lazy
instanceKlass  @bci org/apache/logging/log4j/util/PropertiesUtil <clinit> ()V 6 <appendix> argL0 ; # org/apache/logging/log4j/util/PropertiesUtil$$Lambda+0x00000156d323ecd0
instanceKlass org/apache/logging/log4j/util/PropertySource
instanceKlass org/apache/logging/log4j/util/PropertiesUtil
instanceKlass org/apache/logging/log4j/util/LoaderUtil$ThreadContextClassLoaderGetter
instanceKlass  @bci org/apache/logging/log4j/util/LoaderUtil <clinit> ()V 23 <appendix> argL0 ; # org/apache/logging/log4j/util/LoaderUtil$$Lambda+0x00000156d323e490
instanceKlass  @cpi org/apache/logging/log4j/util/LoaderUtil 455 form vmentry <vmtarget> ; # java/lang/invoke/LambdaForm$DMH+0x00000156d323c800
# instanceKlass java/lang/invoke/LambdaForm$DMH+0x00000156d323c400
instanceKlass org/apache/logging/log4j/util/LazyBoolean
instanceKlass org/apache/logging/log4j/util/LoaderUtil
instanceKlass  @bci org/apache/logging/log4j/util/ProviderUtil lazyInit ()V 48 <appendix> argL0 ; # org/apache/logging/log4j/util/ProviderUtil$$Lambda+0x00000156d323ba40
instanceKlass  @bci org/apache/logging/log4j/util/ProviderUtil lazyInit ()V 38 <appendix> argL0 ; # org/apache/logging/log4j/util/ProviderUtil$$Lambda+0x00000156d323b7f8
instanceKlass  @bci org/apache/logging/log4j/util/ServiceLoaderUtil safeStream (Ljava/lang/Class;Ljava/util/ServiceLoader;Lorg/apache/logging/log4j/Logger;)Ljava/util/stream/Stream; 71 <appendix> member <vmtarget> ; # org/apache/logging/log4j/util/ServiceLoaderUtil$$Lambda+0x00000156d323b5a8
instanceKlass org/apache/logging/log4j/util/OsgiServiceLocator
instanceKlass  @bci org/apache/logging/log4j/util/StackLocator getCallerClass (I)Ljava/lang/Class; 15 <appendix> argL0 ; # org/apache/logging/log4j/util/StackLocator$$Lambda+0x00000156d323b170
instanceKlass java/util/stream/SliceOps
instanceKlass  @bci org/apache/logging/log4j/util/StackLocator getCallerClass (I)Ljava/lang/Class; 4 <appendix> member <vmtarget> ; # org/apache/logging/log4j/util/StackLocator$$Lambda+0x00000156d323af38
instanceKlass  @cpi org/apache/logging/log4j/util/StackLocator 277 form vmentry <vmtarget> ; # java/lang/invoke/LambdaForm$DMH+0x00000156d323c000
instanceKlass org/apache/logging/log4j/util/StackLocator
instanceKlass org/apache/logging/log4j/util/StackLocatorUtil
instanceKlass java/util/Spliterators$AbstractSpliterator
instanceKlass org/apache/logging/log4j/util/ServiceLoaderUtil
instanceKlass org/apache/logging/log4j/spi/Provider
instanceKlass org/apache/logging/log4j/util/ProviderUtil
instanceKlass org/apache/logging/log4j/message/ExitMessage
instanceKlass org/apache/logging/log4j/message/EntryMessage
instanceKlass org/apache/logging/log4j/message/FlowMessage
instanceKlass org/apache/logging/log4j/status/StatusConsoleListener
instanceKlass  @bci java/util/regex/CharPredicates forUnicodeBlock (Ljava/lang/String;)Ljava/util/regex/Pattern$CharPredicate; 6 <appendix> member <vmtarget> ; # java/util/regex/CharPredicates$$Lambda+0x00000156d31bab00
instanceKlass java/lang/Character$Subset
instanceKlass  @bci org/apache/logging/log4j/status/StatusLogger$PropertiesUtilsDouble normalizeProperties ([Ljava/util/Properties;)Ljava/util/Map; 31 <appendix> member <vmtarget> ; # org/apache/logging/log4j/status/StatusLogger$PropertiesUtilsDouble$$Lambda+0x00000156d3239560
instanceKlass org/apache/logging/log4j/status/StatusLogger$PropertiesUtilsDouble
instanceKlass org/apache/logging/log4j/status/StatusLogger$Config
instanceKlass org/apache/logging/log4j/status/StatusLogger$InstanceHolder
instanceKlass  @bci org/apache/logging/log4j/util/Strings <clinit> ()V 0 <appendix> argL0 ; # org/apache/logging/log4j/util/Strings$$Lambda+0x00000156d3238a40
instanceKlass org/apache/logging/log4j/util/Strings
instanceKlass org/apache/logging/log4j/Level
instanceKlass  @bci org/apache/logging/log4j/spi/AbstractLogger <clinit> ()V 142 <appendix> argL0 ; # org/apache/logging/log4j/spi/AbstractLogger$$Lambda+0x00000156d3237cd0
instanceKlass org/apache/logging/log4j/internal/DefaultLogBuilder
instanceKlass org/apache/logging/log4j/BridgeAware
instanceKlass org/apache/logging/log4j/message/DefaultFlowMessageFactory
instanceKlass org/apache/logging/log4j/message/FlowMessageFactory
instanceKlass org/apache/logging/log4j/message/AbstractMessageFactory
instanceKlass  @bci org/apache/logging/log4j/MarkerManager getMarker (Ljava/lang/String;)Lorg/apache/logging/log4j/Marker; 4 <appendix> argL0 ; # org/apache/logging/log4j/MarkerManager$$Lambda+0x00000156d32367f0
instanceKlass org/apache/logging/log4j/MarkerManager$Log4jMarker
instanceKlass org/apache/logging/log4j/util/StringBuilderFormattable
instanceKlass org/apache/logging/log4j/Marker
instanceKlass org/apache/logging/log4j/MarkerManager
instanceKlass org/apache/logging/log4j/status/StatusListener
instanceKlass java/util/EventListener
instanceKlass org/apache/logging/log4j/LogBuilder
instanceKlass org/apache/logging/log4j/message/Message
instanceKlass org/apache/logging/log4j/message/MessageFactory2
instanceKlass org/apache/logging/log4j/spi/AbstractLogger
instanceKlass org/apache/logging/log4j/spi/LocationAwareLogger
instanceKlass org/apache/logging/log4j/spi/ExtendedLogger
instanceKlass org/apache/logging/log4j/message/MessageFactory
instanceKlass org/apache/logging/log4j/LogManager
instanceKlass org/apache/logging/log4j/Logger
instanceKlass org/apache/poi/logging/PoiLogManager
instanceKlass org/apache/poi/util/IOUtils
instanceKlass sun/nio/cs/ArrayEncoder
instanceKlass org/apache/poi/util/ThreadLocalUtil
instanceKlass  @bci org/apache/poi/util/LocaleUtil <clinit> ()V 37 <appendix> argL0 ; # org/apache/poi/util/LocaleUtil$$Lambda+0x00000156d322b0f0
instanceKlass  @cpi org/apache/commons/io/function/Constants 101 form vmentry <vmtarget> ; # java/lang/invoke/LambdaForm$DMH+0x00000156d3228800
instanceKlass org/apache/poi/util/LocaleUtil
instanceKlass org/apache/poi/util/LittleEndian
instanceKlass org/apache/poi/util/LittleEndianConsts
instanceKlass org/apache/poi/ss/usermodel/WorkbookFactory
instanceKlass com/qa/opencart/utils/ExcelUtil
instanceKlass org/testng/internal/DataProviderMethod
instanceKlass org/testng/internal/invokers/ParameterHandler
instanceKlass org/testng/internal/invokers/ITestInvoker$FailureContext
instanceKlass org/testng/internal/invokers/TestInvoker$MethodInvocationAgent
instanceKlass org/testng/internal/invokers/TestMethodArguments$Builder
instanceKlass  @bci org/testng/internal/invokers/ConfigInvoker setClassInvocationFailure (Ljava/lang/Class;Ljava/lang/Object;)V 13 <appendix> argL0 ; # org/testng/internal/invokers/ConfigInvoker$$Lambda+0x00000156d322eff0
instanceKlass java/lang/StackTraceElement$HashedModules
instanceKlass java/lang/Throwable$PrintStreamOrWriter
instanceKlass java/io/PrintWriter$1
instanceKlass jdk/internal/access/JavaIOPrintWriterAccess
instanceKlass  @bci java/util/regex/Pattern ALL ()Ljava/util/regex/Pattern$CharPredicate; 0 <appendix> argL0 ; # java/util/regex/Pattern$$Lambda+0x00000156d31b8e30
instanceKlass com/intellij/rt/execution/testFrameworks/AbstractExpectedPatterns
instanceKlass com/intellij/rt/execution/junit/FileComparisonData
instanceKlass com/intellij/rt/execution/junit/ComparisonFailureData
instanceKlass  @bci org/openqa/selenium/WebDriverException createMessage (Ljava/lang/String;)Ljava/lang/String; 72 <appendix> argL0 ; # org/openqa/selenium/WebDriverException$$Lambda+0x00000156d322e588
instanceKlass  @bci org/openqa/selenium/WebDriverException getAdditionalInformation ()Ljava/lang/String; 32 <appendix> argL0 ; # org/openqa/selenium/WebDriverException$$Lambda+0x00000156d322e350
instanceKlass  @bci org/openqa/selenium/WebDriverException getAdditionalInformation ()Ljava/lang/String; 7 <appendix> member <vmtarget> ; # org/openqa/selenium/WebDriverException$$Lambda+0x00000156d322e110
instanceKlass  @bci org/openqa/selenium/WebDriverException createMessage (Ljava/lang/String;)Ljava/lang/String; 7 <appendix> argL0 ; # org/openqa/selenium/WebDriverException$$Lambda+0x00000156d322ded8
instanceKlass  @bci org/openqa/selenium/Proxy toString ()Ljava/lang/String; 154 <appendix> member <vmtarget> ; # org/openqa/selenium/Proxy$$Lambda+0x00000156d322dca8
instanceKlass  @bci org/openqa/selenium/Proxy toString ()Ljava/lang/String; 138 <appendix> member <vmtarget> ; # org/openqa/selenium/Proxy$$Lambda+0x00000156d322da78
instanceKlass  @bci org/openqa/selenium/Proxy toString ()Ljava/lang/String; 122 <appendix> member <vmtarget> ; # org/openqa/selenium/Proxy$$Lambda+0x00000156d322d848
instanceKlass  @bci org/openqa/selenium/Proxy toString ()Ljava/lang/String; 106 <appendix> member <vmtarget> ; # org/openqa/selenium/Proxy$$Lambda+0x00000156d322d618
instanceKlass  @bci org/openqa/selenium/SharedCapabilitiesMethods abbreviate (Ljava/util/Map;Ljava/lang/Object;)Ljava/lang/String; 183 <appendix> member <vmtarget> ; # org/openqa/selenium/SharedCapabilitiesMethods$$Lambda+0x00000156d322d3d8
instanceKlass  @bci org/openqa/selenium/SharedCapabilitiesMethods abbreviate (Ljava/util/Map;Ljava/lang/Object;)Ljava/lang/String; 169 <appendix> argL0 ; # org/openqa/selenium/SharedCapabilitiesMethods$$Lambda+0x00000156d322d1a0
instanceKlass  @bci java/util/TreeMap$EntrySpliterator getComparator ()Ljava/util/Comparator; 21 <appendix> argL0 ; # java/util/TreeMap$EntrySpliterator$$Lambda+0x00000156d31b8948
instanceKlass  @bci org/openqa/selenium/remote/ErrorCodec decode (Ljava/util/Map;)Lorg/openqa/selenium/WebDriverException; 126 <appendix> member <vmtarget> ; # org/openqa/selenium/remote/ErrorCodec$$Lambda+0x00000156d322cf50
instanceKlass  @bci org/openqa/selenium/remote/ErrorCodes toStatus (Ljava/lang/String;Ljava/util/Optional;)I 40 <appendix> argL0 ; # org/openqa/selenium/remote/ErrorCodes$$Lambda+0x00000156d322cd38
instanceKlass  @bci org/openqa/selenium/remote/ErrorCodes toStatus (Ljava/lang/String;Ljava/util/Optional;)I 30 <appendix> argL0 ; # org/openqa/selenium/remote/ErrorCodes$$Lambda+0x00000156d322caf0
instanceKlass  @bci org/openqa/selenium/remote/ErrorCodes toStatus (Ljava/lang/String;Ljava/util/Optional;)I 20 <appendix> member <vmtarget> ; # org/openqa/selenium/remote/ErrorCodes$$Lambda+0x00000156d322c8a0
instanceKlass  @bci org/openqa/selenium/remote/RemoteWebDriver findElement (Lorg/openqa/selenium/By;)Lorg/openqa/selenium/WebElement; 10 <appendix> argL0 ; # org/openqa/selenium/remote/RemoteWebDriver$$Lambda+0x00000156d322c678
instanceKlass org/openqa/selenium/support/ui/ExpectedConditions$7
instanceKlass org/openqa/selenium/support/ui/ExpectedCondition
instanceKlass com/google/common/base/Function
instanceKlass org/openqa/selenium/support/ui/ExpectedConditions
instanceKlass  @bci org/openqa/selenium/support/ui/FluentWait <init> (Ljava/lang/Object;Ljava/time/Clock;Lorg/openqa/selenium/support/ui/Sleeper;)V 19 <appendix> argL0 ; # org/openqa/selenium/support/ui/FluentWait$$Lambda+0x00000156d3227a98
instanceKlass  @bci org/openqa/selenium/support/ui/Sleeper <clinit> ()V 0 <appendix> argL0 ; # org/openqa/selenium/support/ui/Sleeper$$Lambda+0x00000156d3227880
instanceKlass  @cpi org/apache/commons/io/function/IOConsumer 141 form vmentry <vmtarget> ; # java/lang/invoke/LambdaForm$DMH+0x00000156d3228400
instanceKlass org/openqa/selenium/support/ui/Sleeper
instanceKlass org/openqa/selenium/support/ui/FluentWait
instanceKlass  @bci org/testng/internal/invokers/TestMethodWorker invokeBeforeClassMethods (Lorg/testng/ITestClass;Lorg/testng/IMethodInstance;)V 10 <appendix> argL0 ; # org/testng/internal/invokers/TestMethodWorker$$Lambda+0x00000156d3226f80
instanceKlass  @bci org/testng/internal/KeyAwareAutoCloseableLock$AutoReleasable <init> (Lorg/testng/internal/AutoCloseableLock;Ljava/lang/Runnable;)V 26 <appendix> argL0 ; # org/testng/internal/KeyAwareAutoCloseableLock$AutoReleasable$$Lambda+0x00000156d3226d68
instanceKlass  @bci org/testng/internal/KeyAwareAutoCloseableLock lockForObject (Ljava/lang/Object;)Lorg/testng/internal/KeyAwareAutoCloseableLock$AutoReleasable; 32 <appendix> member <vmtarget> ; # org/testng/internal/KeyAwareAutoCloseableLock$$Lambda+0x00000156d3226b48
instanceKlass org/testng/internal/KeyAwareAutoCloseableLock$AutoReleasable
instanceKlass  @bci org/testng/internal/KeyAwareAutoCloseableLock lockForObject (Ljava/lang/Object;)Lorg/testng/internal/KeyAwareAutoCloseableLock$AutoReleasable; 8 <appendix> argL0 ; # org/testng/internal/KeyAwareAutoCloseableLock$$Lambda+0x00000156d32266e8
instanceKlass  @bci org/testng/internal/BaseTestMethod getInstanceId ()Ljava/util/UUID; 7 <appendix> argL0 ; # org/testng/internal/BaseTestMethod$$Lambda+0x00000156d32264b0
instanceKlass  @bci org/testng/TestRunner privateRun (Lorg/testng/xml/XmlTest;)V 320 <appendix> argL0 ; # org/testng/TestRunner$$Lambda+0x00000156d3226288
instanceKlass  @cpi org/testng/TestRunner 1578 form vmentry <vmtarget> ; # java/lang/invoke/LambdaForm$DMH+0x00000156d3228000
instanceKlass  @bci org/testng/TestRunner createWorkers (Ljava/util/List;)Ljava/util/List; 97 <appendix> argL0 ; # org/testng/TestRunner$$Lambda+0x00000156d3226040
instanceKlass  @bci org/testng/TestRunner createWorkers (Ljava/util/List;)Ljava/util/List; 87 <appendix> argL0 ; # org/testng/TestRunner$$Lambda+0x00000156d3225e08
instanceKlass  @bci org/testng/internal/invokers/ClassBasedParallelWorker findClasses (Ljava/util/List;Ljava/lang/Class;)Ljava/util/List; 7 <appendix> member <vmtarget> ; # org/testng/internal/invokers/ClassBasedParallelWorker$$Lambda+0x00000156d3225bb8
instanceKlass org/testng/internal/KeyAwareAutoCloseableLock
instanceKlass org/testng/internal/invokers/TestMethodWorker
instanceKlass  @bci org/testng/internal/invokers/ClassBasedParallelWorker shouldRunSequentially (Ljava/lang/Class;Ljava/util/Set;)Z 17 <appendix> member <vmtarget> ; # org/testng/internal/invokers/ClassBasedParallelWorker$$Lambda+0x00000156d3225458
instanceKlass org/testng/internal/XmlTestUtils
instanceKlass  @bci org/testng/internal/invokers/ClassBasedParallelWorker methodsToMultipleMethodInstances ([Lorg/testng/ITestNGMethod;)Ljava/util/List; 4 <appendix> argL0 ; # org/testng/internal/invokers/ClassBasedParallelWorker$$Lambda+0x00000156d3225020
instanceKlass org/testng/internal/invokers/AbstractParallelWorker
instanceKlass org/testng/internal/invokers/AbstractParallelWorker$Arguments
instanceKlass org/testng/internal/invokers/AbstractParallelWorker$Arguments$Builder
instanceKlass  @bci org/testng/TestRunner sortOnPriority ([Lorg/testng/ITestNGMethod;)Z 17 <appendix> argL0 ; # org/testng/TestRunner$$Lambda+0x00000156d3224338
instanceKlass  @bci org/testng/internal/DynamicGraph dependencies (Ljava/util/Map;)Ljava/util/List; 4 <appendix> argL0 ; # org/testng/internal/DynamicGraph$$Lambda+0x00000156d3224100
instanceKlass  @bci org/testng/internal/DynamicGraphHelper classComparator ()Ljava/util/Comparator; 0 <appendix> argL0 ; # org/testng/internal/DynamicGraphHelper$$Lambda+0x00000156d3223ee8
instanceKlass  @bci org/testng/internal/DynamicGraphHelper createClassDependencies ([Lorg/testng/ITestNGMethod;Lorg/testng/xml/XmlTest;)Lorg/testng/collections/ListMultiMap; 75 <appendix> member <vmtarget> ; # org/testng/internal/DynamicGraphHelper$$Lambda+0x00000156d3223c98
instanceKlass  @bci org/testng/internal/DynamicGraphHelper lambda$createDynamicGraph$3 (Lorg/testng/internal/DynamicGraph;Lorg/testng/DependencyMap;Ljava/util/concurrent/atomic/AtomicReference;Lorg/testng/ITestNGMethod;)V 97 <appendix> member <vmtarget> ; # org/testng/internal/DynamicGraphHelper$$Lambda+0x00000156d3223a68
instanceKlass  @bci org/testng/internal/DynamicGraphHelper lambda$createDynamicGraph$3 (Lorg/testng/internal/DynamicGraph;Lorg/testng/DependencyMap;Ljava/util/concurrent/atomic/AtomicReference;Lorg/testng/ITestNGMethod;)V 49 <appendix> member <vmtarget> ; # org/testng/internal/DynamicGraphHelper$$Lambda+0x00000156d3223838
instanceKlass  @bci org/testng/internal/DynamicGraphHelper createDynamicGraph ([Lorg/testng/ITestNGMethod;Lorg/testng/xml/XmlTest;)Lorg/testng/internal/DynamicGraph; 38 <appendix> member <vmtarget> ; # org/testng/internal/DynamicGraphHelper$$Lambda+0x00000156d3223608
instanceKlass  @bci org/testng/collections/MultiMap put (Ljava/lang/Object;Ljava/lang/Object;)Z 16 <appendix> member <vmtarget> ; # org/testng/collections/MultiMap$$Lambda+0x00000156d32233c8
instanceKlass org/testng/DependencyMap
instanceKlass org/testng/internal/DynamicGraph$Edges
instanceKlass org/testng/internal/DynamicGraph
instanceKlass org/testng/internal/DynamicGraphHelper
instanceKlass  @bci org/testng/TestRunner privateRun (Lorg/testng/xml/XmlTest;)V 33 <appendix> member <vmtarget> ; # org/testng/TestRunner$$Lambda+0x00000156d3222850
instanceKlass  @bci org/testng/internal/MethodHelper methodInstancesToMethods (Ljava/util/List;)Ljava/util/List; 6 <appendix> argL0 ; # org/testng/internal/MethodHelper$$Lambda+0x00000156d3222618
instanceKlass org/testng/internal/MethodInstance$1
instanceKlass  @bci org/testng/internal/MethodHelper methodsToMethodInstances (Ljava/util/List;)Ljava/util/List; 6 <appendix> argL0 ; # org/testng/internal/MethodHelper$$Lambda+0x00000156d3222140
instanceKlass org/testng/internal/MethodInstance
instanceKlass  @bci org/testng/TestRunner$ConfigurationListener removeConfigurationResultAfterExecution (Lorg/testng/ITestResult;)V 13 <appendix> member <vmtarget> ; # org/testng/TestRunner$ConfigurationListener$$Lambda+0x00000156d3221cb8
instanceKlass com/qa/opencart/utils/JavaScriptUtil
instanceKlass org/openqa/selenium/interactions/InputSource
instanceKlass org/openqa/selenium/interactions/Encodable
instanceKlass org/openqa/selenium/interactions/Interaction
instanceKlass org/openqa/selenium/interactions/Action
instanceKlass org/openqa/selenium/interactions/Actions
instanceKlass org/openqa/selenium/support/ui/Wait
instanceKlass com/qa/opencart/utils/ElementUtil
instanceKlass com/qa/opencart/pages/LoginPage
instanceKlass org/openqa/selenium/remote/RemoteWebDriver$RemoteWebDriverOptions$RemoteWindow
instanceKlass  @bci org/openqa/selenium/json/JsonInput nextNull ()Ljava/lang/Object; 10 <appendix> argL0 ; # org/openqa/selenium/json/JsonInput$$Lambda+0x00000156d321fd68
instanceKlass org/openqa/selenium/WebDriver$Timeouts
instanceKlass org/openqa/selenium/WebDriver$Window
instanceKlass org/openqa/selenium/remote/RemoteWebDriver$RemoteWebDriverOptions
instanceKlass  @bci org/openqa/selenium/chromium/AddHasCdp getImplementation (Lorg/openqa/selenium/Capabilities;Lorg/openqa/selenium/remote/ExecuteMethod;)Lorg/openqa/selenium/chromium/HasCdp; 1 <appendix> member <vmtarget> ; # org/openqa/selenium/chromium/AddHasCdp$$Lambda+0x00000156d321f4b0
instanceKlass org/openqa/selenium/chromium/AddHasCasting$1
instanceKlass  @bci org/openqa/selenium/PersistentCapabilities toUnmodifiableMap (Ljava/util/function/Function;Ljava/util/function/Function;)Ljava/util/stream/Collector; 5 <appendix> argL0 ; # org/openqa/selenium/PersistentCapabilities$$Lambda+0x00000156d321f000
instanceKlass  @bci org/openqa/selenium/PersistentCapabilities asMap ()Ljava/util/Map; 14 <appendix> member <vmtarget> ; # org/openqa/selenium/PersistentCapabilities$$Lambda+0x00000156d321edc0
instanceKlass  @bci org/openqa/selenium/PersistentCapabilities toUnmodifiableSet ()Ljava/util/stream/Collector; 3 <appendix> argL0 ; # org/openqa/selenium/PersistentCapabilities$$Lambda+0x00000156d321eb88
instanceKlass  @bci org/openqa/selenium/ImmutableCapabilities <init> (Ljava/util/Map;)V 22 <appendix> member <vmtarget> ; # org/openqa/selenium/ImmutableCapabilities$$Lambda+0x00000156d321e958
instanceKlass  @bci org/openqa/selenium/SharedCapabilitiesMethods hashCode (Lorg/openqa/selenium/Capabilities;)I 19 <appendix> argL0 ; # org/openqa/selenium/SharedCapabilitiesMethods$$Lambda+0x00000156d321e6c8
instanceKlass org/openqa/selenium/PersistentCapabilities
instanceKlass  @bci org/openqa/selenium/chromium/ChromiumDriver <init> (Lorg/openqa/selenium/remote/CommandExecutor;Lorg/openqa/selenium/Capabilities;Ljava/lang/String;)V 343 <appendix> member <vmtarget> ; # org/openqa/selenium/chromium/ChromiumDriver$$Lambda+0x00000156d321e1e8
instanceKlass org/openqa/selenium/ImmutableCapabilities
instanceKlass org/openqa/selenium/devtools/v138/v138Target
instanceKlass  @bci org/openqa/selenium/devtools/idealized/Network <init> (Lorg/openqa/selenium/devtools/DevTools;)V 16 <appendix> argL0 ; # org/openqa/selenium/devtools/idealized/Network$$Lambda+0x00000156d321da70
instanceKlass org/openqa/selenium/devtools/v138/v138Log
instanceKlass  @bci org/openqa/selenium/chromium/ChromiumDriver lambda$new$5 (Lorg/openqa/selenium/devtools/CdpInfo;Lorg/openqa/selenium/devtools/Connection;)Lorg/openqa/selenium/devtools/DevTools; 10 <appendix> member <vmtarget> ; # org/openqa/selenium/chromium/ChromiumDriver$$Lambda+0x00000156d321d368
instanceKlass  @bci org/openqa/selenium/chromium/ChromiumDriver <init> (Lorg/openqa/selenium/remote/CommandExecutor;Lorg/openqa/selenium/Capabilities;Ljava/lang/String;)V 327 <appendix> member <vmtarget> ; # org/openqa/selenium/chromium/ChromiumDriver$$Lambda+0x00000156d321d128
instanceKlass  @bci org/openqa/selenium/chromium/ChromiumDriver <init> (Lorg/openqa/selenium/remote/CommandExecutor;Lorg/openqa/selenium/Capabilities;Ljava/lang/String;)V 307 <appendix> member <vmtarget> ; # org/openqa/selenium/chromium/ChromiumDriver$$Lambda+0x00000156d321cf08
instanceKlass java/time/LocalTime$1
instanceKlass  @bci sun/util/locale/provider/JRELocaleProviderAdapter getDateFormatSymbolsProvider ()Ljava/text/spi/DateFormatSymbolsProvider; 8 <appendix> member <vmtarget> ; # sun/util/locale/provider/JRELocaleProviderAdapter$$Lambda+0x80000006a
instanceKlass java/text/DateFormatSymbols
instanceKlass java/time/LocalDate$1
instanceKlass java/time/ZonedDateTime$1
instanceKlass java/util/Calendar
instanceKlass java/util/Formatter$DateTime
instanceKlass java/util/logging/Level$RbAccess
instanceKlass java/text/FieldPosition$Delegate
instanceKlass java/text/Format$FieldDelegate
instanceKlass java/text/DigitList
instanceKlass  @bci sun/util/locale/provider/JRELocaleProviderAdapter getNumberFormatProvider ()Ljava/text/spi/NumberFormatProvider; 8 <appendix> member <vmtarget> ; # sun/util/locale/provider/JRELocaleProviderAdapter$$Lambda+0x80000006c
instanceKlass  @bci java/util/logging/LogRecord inferCaller ()V 18 <appendix> member <vmtarget> ; # java/util/logging/LogRecord$$Lambda+0x00000156d31b75e8
instanceKlass java/lang/StackStreamFactory$FrameBuffer
instanceKlass java/lang/StackStreamFactory
instanceKlass  @bci java/util/logging/LogRecord$CallerFinder get ()Ljava/util/Optional; 4 <appendix> member <vmtarget> ; # java/util/logging/LogRecord$CallerFinder$$Lambda+0x00000156d31b5c28
instanceKlass  @bci java/util/logging/LogRecord$CallerFinder <clinit> ()V 0 <appendix> argL0 ; # java/util/logging/LogRecord$CallerFinder$$Lambda+0x00000156d31b5a10
instanceKlass java/util/logging/LogRecord$CallerFinder
instanceKlass java/util/logging/LogManager$CloseOnReset
instanceKlass java/util/logging/StreamHandler$1
instanceKlass java/util/logging/Handler$1
instanceKlass jdk/internal/logger/SimpleConsoleLogger$Formatting
instanceKlass  @bci java/util/logging/SimpleFormatter <init> ()V 5 <appendix> argL0 ; # java/util/logging/SimpleFormatter$$Lambda+0x00000156d31b4658
instanceKlass java/util/logging/Formatter
instanceKlass java/util/logging/LogRecord
instanceKlass  @bci org/openqa/selenium/devtools/v138/v138CdpInfo <init> ()V 4 <appendix> argL0 ; # org/openqa/selenium/devtools/v138/v138CdpInfo$$Lambda+0x00000156d321ccd0
instanceKlass org/openqa/selenium/devtools/v138/v138Domains
instanceKlass  @bci org/openqa/selenium/devtools/v137/v137CdpInfo <init> ()V 4 <appendix> argL0 ; # org/openqa/selenium/devtools/v137/v137CdpInfo$$Lambda+0x00000156d3213c18
instanceKlass org/openqa/selenium/devtools/v137/v137Domains
instanceKlass  @bci org/openqa/selenium/devtools/v136/v136CdpInfo <init> ()V 4 <appendix> argL0 ; # org/openqa/selenium/devtools/v136/v136CdpInfo$$Lambda+0x00000156d3212d10
instanceKlass org/openqa/selenium/devtools/DevTools
instanceKlass org/openqa/selenium/devtools/idealized/Javascript
instanceKlass org/openqa/selenium/devtools/idealized/Network
instanceKlass org/openqa/selenium/devtools/idealized/Events
instanceKlass org/openqa/selenium/devtools/idealized/log/Log
instanceKlass org/openqa/selenium/devtools/idealized/target/Target
instanceKlass org/openqa/selenium/devtools/v136/v136Domains
instanceKlass org/openqa/selenium/devtools/idealized/Domains
instanceKlass org/openqa/selenium/devtools/CdpVersionFinder
instanceKlass org/openqa/selenium/remote/http/Message
instanceKlass org/openqa/selenium/remote/http/jdk/JdkHttpClient$4
instanceKlass jdk/internal/net/http/websocket/UTF8AccumulatingDecoder
instanceKlass  @bci jdk/internal/net/http/websocket/MessageDecoder <clinit> ()V 19 <appendix> member <vmtarget> ; # jdk/internal/net/http/websocket/MessageDecoder$$Lambda+0x00000156d32191b8
instanceKlass jdk/internal/net/http/websocket/MessageDecoder
instanceKlass jdk/internal/net/http/websocket/Frame$Consumer
instanceKlass jdk/internal/net/http/websocket/TransportImpl$ReadEvent
instanceKlass jdk/internal/net/http/websocket/TransportImpl$WriteEvent
instanceKlass jdk/internal/net/http/websocket/Frame$Reader
instanceKlass jdk/internal/net/http/websocket/Frame
instanceKlass jdk/internal/net/http/websocket/Frame$Masker
instanceKlass jdk/internal/net/http/websocket/Frame$HeaderWriter
instanceKlass  @bci jdk/internal/net/http/websocket/MessageEncoder <clinit> ()V 3 <appendix> member <vmtarget> ; # jdk/internal/net/http/websocket/MessageEncoder$$Lambda+0x00000156d3217658
instanceKlass jdk/internal/net/http/websocket/MessageEncoder
instanceKlass jdk/internal/net/http/websocket/TransportImpl$SendTask$2
instanceKlass jdk/internal/net/http/websocket/TransportImpl$SendTask$1
instanceKlass jdk/internal/net/http/websocket/MessageQueue$QueueCallback
instanceKlass  @bci jdk/internal/net/http/websocket/TransportImpl <clinit> ()V 19 <appendix> member <vmtarget> ; # jdk/internal/net/http/websocket/TransportImpl$$Lambda+0x00000156d3216858
instanceKlass jdk/internal/net/http/websocket/RawChannel$RawEvent
instanceKlass jdk/internal/net/http/websocket/TransportImpl
instanceKlass jdk/internal/net/http/websocket/WebSocketImpl$SignallingMessageConsumer
instanceKlass jdk/internal/net/http/websocket/MessageQueue$Message
instanceKlass jdk/internal/net/http/websocket/MessageQueue
instanceKlass jdk/internal/net/http/websocket/Transport
instanceKlass jdk/internal/net/http/websocket/TransportFactoryImpl
instanceKlass jdk/internal/net/http/RawChannelTube$WriteSubscription
instanceKlass  @bci jdk/internal/net/http/RawChannelTube <init> (Ljdk/internal/net/http/HttpConnection;Ljava/util/function/Supplier;)V 116 <appendix> member <vmtarget> ; # jdk/internal/net/http/RawChannelTube$$Lambda+0x00000156d3214c08
instanceKlass jdk/internal/net/http/RawChannelTube$ReadSubscriber
instanceKlass jdk/internal/net/http/RawChannelTube$WritePublisher
instanceKlass jdk/internal/net/http/RawChannelTube
instanceKlass  @bci jdk/internal/net/http/HttpResponseImpl$RawChannelProvider rawChannel0 ()Ljdk/internal/net/http/websocket/RawChannel; 38 <appendix> member <vmtarget> ; # jdk/internal/net/http/HttpResponseImpl$RawChannelProvider$$Lambda+0x00000156d3214240
instanceKlass  @bci java/net/http/HttpResponse$BodySubscribers ofString (Ljava/nio/charset/Charset;)Ljava/net/http/HttpResponse$BodySubscriber; 10 <appendix> member <vmtarget> ; # java/net/http/HttpResponse$BodySubscribers$$Lambda+0x00000156d3214000
instanceKlass sun/net/www/HeaderParser
instanceKlass  @bci jdk/internal/net/http/websocket/OpeningHandshake lambda$send$0 ()Ljava/util/concurrent/CompletableFuture; 15 <appendix> member <vmtarget> ; # jdk/internal/net/http/websocket/OpeningHandshake$$Lambda+0x00000156d3203d28
instanceKlass  @bci jdk/internal/net/http/HttpClientImpl sendAsync (Ljava/net/http/HttpRequest;Ljava/net/http/HttpResponse$BodyHandler;Ljava/net/http/HttpResponse$PushPromiseHandler;Ljava/util/concurrent/Executor;)Ljava/util/concurrent/CompletableFuture; 333 <appendix> argL0 ; # jdk/internal/net/http/HttpClientImpl$$Lambda+0x00000156d3203b00
instanceKlass  @bci java/net/http/HttpResponse$BodyHandlers ofString ()Ljava/net/http/HttpResponse$BodyHandler; 0 <appendix> argL0 ; # java/net/http/HttpResponse$BodyHandlers$$Lambda+0x00000156d32038e8
instanceKlass  @bci jdk/internal/net/http/websocket/OpeningHandshake send ()Ljava/util/concurrent/CompletableFuture; 1 <appendix> member <vmtarget> ; # jdk/internal/net/http/websocket/OpeningHandshake$$Lambda+0x00000156d32036c8
instanceKlass jdk/internal/net/http/websocket/TransportFactory
instanceKlass jdk/internal/net/http/websocket/OpeningHandshake
instanceKlass  @bci jdk/internal/net/http/websocket/WebSocketImpl newInstanceAsync (Ljdk/internal/net/http/websocket/BuilderImpl;)Ljava/util/concurrent/CompletableFuture; 1 <appendix> member <vmtarget> ; # jdk/internal/net/http/websocket/WebSocketImpl$$Lambda+0x00000156d3202bd0
instanceKlass jdk/internal/net/http/websocket/OpeningHandshake$Result
instanceKlass  @bci jdk/internal/net/http/websocket/WebSocketImpl <clinit> ()V 3 <appendix> member <vmtarget> ; # jdk/internal/net/http/websocket/WebSocketImpl$$Lambda+0x00000156d32027a8
instanceKlass jdk/internal/net/http/websocket/MessageStreamConsumer
instanceKlass jdk/internal/net/http/websocket/WebSocketImpl
instanceKlass java/net/http/WebSocket
instanceKlass org/openqa/selenium/remote/http/jdk/JdkHttpClient$3
instanceKlass  @bci org/openqa/selenium/remote/http/jdk/JdkHttpClient openSocket (Lorg/openqa/selenium/remote/http/HttpRequest;Lorg/openqa/selenium/remote/http/WebSocket$Listener;)Lorg/openqa/selenium/remote/http/WebSocket; 39 <appendix> member <vmtarget> ; # org/openqa/selenium/remote/http/jdk/JdkHttpClient$$Lambda+0x00000156d32104b8
instanceKlass jdk/internal/net/http/websocket/BuilderImpl
instanceKlass org/openqa/selenium/devtools/Connection$Listener
instanceKlass java/util/concurrent/locks/ReentrantReadWriteLock$WriteLock
instanceKlass java/util/concurrent/locks/ReentrantReadWriteLock$ReadLock
instanceKlass java/util/concurrent/locks/ReentrantReadWriteLock
instanceKlass  @bci org/openqa/selenium/devtools/Connection <clinit> ()V 21 <appendix> argL0 ; # org/openqa/selenium/devtools/Connection$$Lambda+0x00000156d3210000
instanceKlass org/openqa/selenium/remote/http/WebSocket$Listener
instanceKlass java/util/concurrent/locks/ReadWriteLock
instanceKlass  @bci org/openqa/selenium/chromium/ChromiumDriver <init> (Lorg/openqa/selenium/remote/CommandExecutor;Lorg/openqa/selenium/Capabilities;Ljava/lang/String;)V 236 <appendix> member <vmtarget> ; # org/openqa/selenium/chromium/ChromiumDriver$$Lambda+0x00000156d3208a70
instanceKlass org/openqa/selenium/devtools/Connection
instanceKlass  @bci jdk/internal/net/http/ConnectionPool purgeExpiredConnectionsAndReturnNextDeadline (Ljdk/internal/net/http/common/Deadline;)J 185 <appendix> member <vmtarget> ; # jdk/internal/net/http/ConnectionPool$$Lambda+0x00000156d3201af8
instanceKlass java/util/LinkedList$DescendingIterator
instanceKlass  @bci org/openqa/selenium/chromium/ChromiumDriver <init> (Lorg/openqa/selenium/remote/CommandExecutor;Lorg/openqa/selenium/Capabilities;Ljava/lang/String;)V 191 <appendix> argL0 ; # org/openqa/selenium/chromium/ChromiumDriver$$Lambda+0x00000156d3209d00
instanceKlass  @bci org/openqa/selenium/chromium/ChromiumDriver <init> (Lorg/openqa/selenium/remote/CommandExecutor;Lorg/openqa/selenium/Capabilities;Ljava/lang/String;)V 179 <appendix> member <vmtarget> ; # org/openqa/selenium/chromium/ChromiumDriver$$Lambda+0x00000156d3209ac0
instanceKlass org/openqa/selenium/devtools/CdpEndpointFinder
instanceKlass  @bci org/openqa/selenium/chromium/ChromiumDriver <init> (Lorg/openqa/selenium/remote/CommandExecutor;Lorg/openqa/selenium/Capabilities;Ljava/lang/String;)V 144 <appendix> argL0 ; # org/openqa/selenium/chromium/ChromiumDriver$$Lambda+0x00000156d3209688
instanceKlass  @bci org/openqa/selenium/chromium/AddHasLaunchApp getImplementation (Lorg/openqa/selenium/Capabilities;Lorg/openqa/selenium/remote/ExecuteMethod;)Lorg/openqa/selenium/chromium/HasLaunchApp; 1 <appendix> member <vmtarget> ; # org/openqa/selenium/chromium/AddHasLaunchApp$$Lambda+0x00000156d3209468
instanceKlass org/openqa/selenium/chromium/AddHasNetworkConditions$1
instanceKlass  @bci org/openqa/selenium/chromium/AddHasPermissions getImplementation (Lorg/openqa/selenium/Capabilities;Lorg/openqa/selenium/remote/ExecuteMethod;)Lorg/openqa/selenium/chromium/HasPermissions; 1 <appendix> member <vmtarget> ; # org/openqa/selenium/chromium/AddHasPermissions$$Lambda+0x00000156d3209000
instanceKlass org/openqa/selenium/html5/SessionStorage
instanceKlass org/openqa/selenium/html5/LocalStorage
instanceKlass org/openqa/selenium/html5/Storage
instanceKlass org/openqa/selenium/remote/html5/RemoteWebStorage
instanceKlass org/openqa/selenium/remote/html5/RemoteLocationContext
instanceKlass  @bci org/openqa/selenium/MutableCapabilities <init> (Ljava/util/Map;)V 17 <appendix> member <vmtarget> ; # org/openqa/selenium/MutableCapabilities$$Lambda+0x00000156d320b1a0
instanceKlass org/openqa/selenium/remote/RemoteWebElement
instanceKlass org/openqa/selenium/interactions/Locatable
instanceKlass  @bci org/openqa/selenium/remote/JsonToWebElementConverter apply (Ljava/lang/Object;)Ljava/lang/Object; 129 <appendix> member <vmtarget> ; # org/openqa/selenium/remote/JsonToWebElementConverter$$Lambda+0x00000156d320a948
instanceKlass org/openqa/selenium/remote/Response
instanceKlass org/openqa/selenium/remote/ErrorCodec$W3CError
instanceKlass org/openqa/selenium/remote/ErrorCodec
instanceKlass org/openqa/selenium/remote/codec/AbstractHttpResponseCodec
instanceKlass org/openqa/selenium/safari/HasPermissions
instanceKlass org/openqa/selenium/safari/AddHasPermissions
instanceKlass org/openqa/selenium/safari/AddHasDebugger
instanceKlass org/openqa/selenium/firefox/HasFullPageScreenshot
instanceKlass org/openqa/selenium/firefox/AddHasFullPageScreenshot
instanceKlass org/openqa/selenium/firefox/HasExtensions
instanceKlass org/openqa/selenium/firefox/AddHasExtensions
instanceKlass org/openqa/selenium/firefox/HasContext
instanceKlass org/openqa/selenium/firefox/AddHasContext
instanceKlass  @bci org/openqa/selenium/remote/Dialect lambda$bindAdditionalCommands$1 (Lorg/openqa/selenium/remote/CommandCodec;Lorg/openqa/selenium/remote/AdditionalHttpCommands;)V 7 <appendix> member <vmtarget> ; # org/openqa/selenium/remote/Dialect$$Lambda+0x00000156d320db38
instanceKlass  @bci org/openqa/selenium/remote/Dialect bindAdditionalCommands (Lorg/openqa/selenium/remote/CommandCodec;)Lorg/openqa/selenium/remote/CommandCodec; 6 <appendix> member <vmtarget> ; # org/openqa/selenium/remote/Dialect$$Lambda+0x00000156d320d908
instanceKlass  @bci org/openqa/selenium/remote/codec/AbstractHttpCommandCodec$CommandSpec <init> (Lorg/openqa/selenium/remote/http/HttpMethod;Ljava/lang/String;)V 32 <appendix> argL0 ; # org/openqa/selenium/remote/codec/AbstractHttpCommandCodec$CommandSpec$$Lambda+0x00000156d320d6c0
instanceKlass org/openqa/selenium/remote/codec/AbstractHttpCommandCodec$CommandSpec
instanceKlass org/openqa/selenium/remote/codec/AbstractHttpCommandCodec
instanceKlass  @bci org/openqa/selenium/remote/ProtocolHandshake createSession (Lorg/openqa/selenium/remote/http/HttpHandler;Lorg/openqa/selenium/remote/http/Contents$Supplier;)Lorg/openqa/selenium/internal/Either; 273 <appendix> member <vmtarget> ; # org/openqa/selenium/remote/ProtocolHandshake$$Lambda+0x00000156d320cd78
instanceKlass  @bci org/openqa/selenium/remote/ProtocolHandshake createSession (Lorg/openqa/selenium/remote/http/HttpHandler;Lorg/openqa/selenium/remote/http/Contents$Supplier;)Lorg/openqa/selenium/internal/Either; 263 <appendix> argL0 ; # org/openqa/selenium/remote/ProtocolHandshake$$Lambda+0x00000156d320cb40
instanceKlass org/openqa/selenium/internal/Either
instanceKlass  @bci org/openqa/selenium/Proxy <init> (Ljava/util/Map;)V 191 <appendix> member <vmtarget> ; # org/openqa/selenium/Proxy$$Lambda+0x00000156d320c690
instanceKlass  @bci org/openqa/selenium/Proxy <init> (Ljava/util/Map;)V 178 <appendix> member <vmtarget> ; # org/openqa/selenium/Proxy$$Lambda+0x00000156d320c460
instanceKlass  @bci org/openqa/selenium/Proxy <init> (Ljava/util/Map;)V 163 <appendix> member <vmtarget> ; # org/openqa/selenium/Proxy$$Lambda+0x00000156d320c230
instanceKlass  @bci org/openqa/selenium/Proxy <init> (Ljava/util/Map;)V 148 <appendix> member <vmtarget> ; # org/openqa/selenium/Proxy$$Lambda+0x00000156d320c000
instanceKlass  @bci org/openqa/selenium/Proxy <init> (Ljava/util/Map;)V 133 <appendix> member <vmtarget> ; # org/openqa/selenium/Proxy$$Lambda+0x00000156d3207d30
instanceKlass  @bci org/openqa/selenium/Proxy <init> (Ljava/util/Map;)V 118 <appendix> member <vmtarget> ; # org/openqa/selenium/Proxy$$Lambda+0x00000156d3207b00
instanceKlass  @bci org/openqa/selenium/Proxy <init> (Ljava/util/Map;)V 103 <appendix> member <vmtarget> ; # org/openqa/selenium/Proxy$$Lambda+0x00000156d32078d0
instanceKlass  @bci org/openqa/selenium/Proxy <init> (Ljava/util/Map;)V 88 <appendix> member <vmtarget> ; # org/openqa/selenium/Proxy$$Lambda+0x00000156d32076a0
instanceKlass  @bci org/openqa/selenium/Proxy <init> (Ljava/util/Map;)V 73 <appendix> member <vmtarget> ; # org/openqa/selenium/Proxy$$Lambda+0x00000156d3207470
instanceKlass  @bci org/openqa/selenium/Proxy <init> (Ljava/util/Map;)V 58 <appendix> member <vmtarget> ; # org/openqa/selenium/Proxy$$Lambda+0x00000156d3207240
instanceKlass  @bci org/openqa/selenium/Proxy <init> (Ljava/util/Map;)V 43 <appendix> member <vmtarget> ; # org/openqa/selenium/Proxy$$Lambda+0x00000156d3207010
instanceKlass  @bci org/openqa/selenium/Proxy <init> (Ljava/util/Map;)V 28 <appendix> member <vmtarget> ; # org/openqa/selenium/Proxy$$Lambda+0x00000156d3206de0
instanceKlass org/openqa/selenium/remote/SessionId
instanceKlass  @bci org/openqa/selenium/remote/ProtocolHandshake$Result <clinit> ()V 0 <appendix> argL0 ; # org/openqa/selenium/remote/ProtocolHandshake$Result$$Lambda+0x00000156d3206570
instanceKlass  @bci org/openqa/selenium/remote/W3CHandshakeResponse successHandler ()Ljava/util/function/Function; 0 <appendix> argL0 ; # org/openqa/selenium/remote/W3CHandshakeResponse$$Lambda+0x00000156d3206338
instanceKlass  @bci org/openqa/selenium/remote/W3CHandshakeResponse errorHandler ()Ljava/util/function/Function; 0 <appendix> argL0 ; # org/openqa/selenium/remote/W3CHandshakeResponse$$Lambda+0x00000156d3206100
instanceKlass  @bci org/openqa/selenium/remote/ProtocolHandshake createSession (Lorg/openqa/selenium/remote/http/HttpHandler;Lorg/openqa/selenium/remote/http/Contents$Supplier;)Lorg/openqa/selenium/internal/Either; 248 <appendix> argL0 ; # org/openqa/selenium/remote/ProtocolHandshake$$Lambda+0x00000156d3205eb8
instanceKlass  @bci org/openqa/selenium/remote/ProtocolHandshake createSession (Lorg/openqa/selenium/remote/http/HttpHandler;Lorg/openqa/selenium/remote/http/Contents$Supplier;)Lorg/openqa/selenium/internal/Either; 238 <appendix> member <vmtarget> ; # org/openqa/selenium/remote/ProtocolHandshake$$Lambda+0x00000156d3205c78
instanceKlass  @bci org/openqa/selenium/remote/HandshakeResponse getResponseFunction ()Ljava/util/function/Function; 1 <appendix> member <vmtarget> ; # org/openqa/selenium/remote/HandshakeResponse$$Lambda+0x00000156d3205a38
instanceKlass  @cpi org/openqa/selenium/remote/HandshakeResponse 48 form vmentry <vmtarget> ; # java/lang/invoke/LambdaForm$DMH+0x00000156d3208000
instanceKlass org/openqa/selenium/remote/ProtocolHandshake$Result
instanceKlass org/openqa/selenium/remote/W3CHandshakeResponse
instanceKlass org/openqa/selenium/remote/HandshakeResponse
instanceKlass org/openqa/selenium/remote/InitialHandshakeResponse
instanceKlass  @bci org/openqa/selenium/json/JsonInput nextBoolean ()Z 27 <appendix> argL0 ; # org/openqa/selenium/json/JsonInput$$Lambda+0x00000156d3204f90
instanceKlass  @bci org/openqa/selenium/json/BooleanCoercer apply (Ljava/lang/reflect/Type;)Ljava/util/function/BiFunction; 0 <appendix> argL0 ; # org/openqa/selenium/json/BooleanCoercer$$Lambda+0x00000156d3204d68
instanceKlass  @bci org/openqa/selenium/remote/http/HttpMessage getContentEncoding ()Ljava/nio/charset/Charset; 54 <appendix> argL0 ; # org/openqa/selenium/remote/http/HttpMessage$$Lambda+0x00000156d3204b30
instanceKlass  @bci org/openqa/selenium/remote/http/HttpMessage getContentEncoding ()Ljava/nio/charset/Charset; 44 <appendix> argL0 ; # org/openqa/selenium/remote/http/HttpMessage$$Lambda+0x00000156d32048f8
instanceKlass  @bci org/openqa/selenium/remote/http/HttpMessage getContentEncoding ()Ljava/nio/charset/Charset; 34 <appendix> argL0 ; # org/openqa/selenium/remote/http/HttpMessage$$Lambda+0x00000156d32046b0
instanceKlass  @bci org/openqa/selenium/remote/http/HttpMessage getContentEncoding ()Ljava/nio/charset/Charset; 24 <appendix> argL0 ; # org/openqa/selenium/remote/http/HttpMessage$$Lambda+0x00000156d3204478
instanceKlass  @bci org/openqa/selenium/remote/http/jdk/JdkHttpMessages lambda$createResponse$4 (Lorg/openqa/selenium/remote/http/HttpResponse;Ljava/lang/String;Ljava/util/List;)V 18 <appendix> member <vmtarget> ; # org/openqa/selenium/remote/http/jdk/JdkHttpMessages$$Lambda+0x00000156d3204248
instanceKlass  @bci org/openqa/selenium/remote/http/jdk/JdkHttpMessages lambda$createResponse$4 (Lorg/openqa/selenium/remote/http/HttpResponse;Ljava/lang/String;Ljava/util/List;)V 6 <appendix> argL0 ; # org/openqa/selenium/remote/http/jdk/JdkHttpMessages$$Lambda+0x00000156d3204000
instanceKlass  @bci org/openqa/selenium/remote/http/jdk/JdkHttpMessages createResponse (Ljava/net/http/HttpResponse;)Lorg/openqa/selenium/remote/http/HttpResponse; 29 <appendix> member <vmtarget> ; # org/openqa/selenium/remote/http/jdk/JdkHttpMessages$$Lambda+0x00000156d31dfd10
instanceKlass jdk/internal/net/http/websocket/RawChannel
instanceKlass jdk/internal/net/http/HttpResponseImpl$RawChannelProvider
instanceKlass jdk/internal/net/http/HttpResponseImpl
instanceKlass jdk/internal/net/http/websocket/RawChannel$Provider
instanceKlass jdk/internal/net/http/ConnectionPool$ExpiryEntry
instanceKlass jdk/internal/net/http/ConnectionPool$CleanupTrigger
instanceKlass  @bci jdk/internal/net/http/HttpConnection closeOrReturnToCache (Ljava/net/http/HttpHeaders;)V 63 <appendix> argL0 ; # jdk/internal/net/http/HttpConnection$$Lambda+0x00000156d3200b08
instanceKlass jdk/internal/net/http/common/HttpBodySubscriberWrapper$SubscriptionWrapper
instanceKlass  @bci jdk/internal/net/http/MultiExchange lambda$responseAsync0$4 (Ljdk/internal/net/http/Response;)Ljava/util/concurrent/CompletionStage; 59 <appendix> member <vmtarget> ; # jdk/internal/net/http/MultiExchange$$Lambda+0x00000156d3200690
instanceKlass  @bci jdk/internal/net/http/Exchange readBodyAsync (Ljava/net/http/HttpResponse$BodyHandler;)Ljava/util/concurrent/CompletableFuture; 40 <appendix> member <vmtarget> ; # jdk/internal/net/http/Exchange$$Lambda+0x00000156d3200460
instanceKlass  @bci jdk/internal/net/http/Http1Response readBody (Ljava/net/http/HttpResponse$BodySubscriber;ZLjava/util/concurrent/Executor;)Ljava/util/concurrent/CompletableFuture; 240 <appendix> member <vmtarget> ; # jdk/internal/net/http/Http1Response$$Lambda+0x00000156d3200230
instanceKlass  @bci jdk/internal/net/http/ResponseSubscribers lambda$getBodyAsync$3 (Ljava/net/http/HttpResponse$BodySubscriber;Ljava/util/concurrent/CompletableFuture;Ljava/util/function/Consumer;)V 7 <appendix> member <vmtarget> ; # jdk/internal/net/http/ResponseSubscribers$$Lambda+0x00000156d3200000
instanceKlass  @bci jdk/internal/net/http/ResponseSubscribers getBodyAsync (Ljava/util/concurrent/Executor;Ljava/net/http/HttpResponse$BodySubscriber;Ljava/util/concurrent/CompletableFuture;Ljava/util/function/Consumer;)Ljava/util/concurrent/CompletableFuture; 95 <appendix> member <vmtarget> ; # jdk/internal/net/http/ResponseSubscribers$$Lambda+0x00000156d31fdc60
instanceKlass  @bci jdk/internal/net/http/Http1Response readBody (Ljava/net/http/HttpResponse$BodySubscriber;ZLjava/util/concurrent/Executor;)Ljava/util/concurrent/CompletableFuture; 227 <appendix> member <vmtarget> ; # jdk/internal/net/http/Http1Response$$Lambda+0x00000156d31fda30
instanceKlass  @bci jdk/internal/net/http/HttpConnection$TrailingOperations add (Ljava/util/concurrent/CompletionStage;)V 24 <appendix> member <vmtarget> ; # jdk/internal/net/http/HttpConnection$TrailingOperations$$Lambda+0x00000156d31fd800
instanceKlass  @bci jdk/internal/net/http/Http1Response lambda$readBody$3 (JLjava/net/http/HttpResponse$BodySubscriber;Ljava/util/concurrent/CompletableFuture;Ljdk/internal/net/http/Http1Response$ClientRefCountTracker;)V 164 <appendix> member <vmtarget> ; # jdk/internal/net/http/Http1Response$$Lambda+0x00000156d31ffc70
instanceKlass  @cpi jdk/internal/net/http/Http1Response 703 form vmentry <vmtarget> ; # java/lang/invoke/LambdaForm$DMH+0x00000156d31fd400
instanceKlass  @bci jdk/internal/net/http/ResponseContent$FixedLengthBodyParser <init> (Ljdk/internal/net/http/ResponseContent;JLjava/util/function/Consumer;)V 11 <appendix> member <vmtarget> ; # jdk/internal/net/http/ResponseContent$FixedLengthBodyParser$$Lambda+0x00000156d31ffa50
instanceKlass jdk/internal/net/http/ResponseContent$FixedLengthBodyParser
instanceKlass  @bci jdk/internal/net/http/Http1Response lambda$readBody$3 (JLjava/net/http/HttpResponse$BodySubscriber;Ljava/util/concurrent/CompletableFuture;Ljdk/internal/net/http/Http1Response$ClientRefCountTracker;)V 93 <appendix> member <vmtarget> ; # jdk/internal/net/http/Http1Response$$Lambda+0x00000156d31ff588
instanceKlass  @bci jdk/internal/net/http/Http1Response lambda$readBody$3 (JLjava/net/http/HttpResponse$BodySubscriber;Ljava/util/concurrent/CompletableFuture;Ljdk/internal/net/http/Http1Response$ClientRefCountTracker;)V 19 <appendix> member <vmtarget> ; # jdk/internal/net/http/Http1Response$$Lambda+0x00000156d31ff368
instanceKlass jdk/internal/net/http/ResponseContent$BodyParser
instanceKlass jdk/internal/net/http/ResponseContent
instanceKlass  @bci jdk/internal/net/http/Http1Response readBody (Ljava/net/http/HttpResponse$BodySubscriber;ZLjava/util/concurrent/Executor;)Ljava/util/concurrent/CompletableFuture; 208 <adapter> ; # java/lang/invoke/LambdaForm$MH+0x00000156d31fd000
# instanceKlass java/lang/invoke/LambdaForm$DMH+0x00000156d31fcc00
instanceKlass  @bci jdk/internal/net/http/Http1Response readBody (Ljava/net/http/HttpResponse$BodySubscriber;ZLjava/util/concurrent/Executor;)Ljava/util/concurrent/CompletableFuture; 208 <appendix> form vmentry <vmtarget> ; # java/lang/invoke/LambdaForm$DMH+0x00000156d31fc800
instanceKlass  @bci jdk/internal/net/http/Http1Response readBody (Ljava/net/http/HttpResponse$BodySubscriber;ZLjava/util/concurrent/Executor;)Ljava/util/concurrent/CompletableFuture; 208 <appendix> member <vmtarget> ; # jdk/internal/net/http/Http1Response$$Lambda+0x00000156d31fed30
instanceKlass  @cpi jdk/internal/net/http/Http1Response 671 form vmentry <vmtarget> ; # java/lang/invoke/LambdaForm$DMH+0x00000156d31fc400
instanceKlass jdk/internal/net/http/Http1Response$ClientRefCountTracker
instanceKlass  @bci java/util/stream/FindOps$FindSink$OfLong <clinit> ()V 43 <appendix> argL0 ; # java/util/stream/FindOps$FindSink$OfLong$$Lambda+0x00000156d31b1aa0
instanceKlass  @bci java/util/stream/FindOps$FindSink$OfLong <clinit> ()V 38 <appendix> argL0 ; # java/util/stream/FindOps$FindSink$OfLong$$Lambda+0x00000156d31b1858
instanceKlass  @bci java/util/stream/FindOps$FindSink$OfLong <clinit> ()V 16 <appendix> argL0 ; # java/util/stream/FindOps$FindSink$OfLong$$Lambda+0x00000156d31b1640
instanceKlass  @bci java/util/stream/FindOps$FindSink$OfLong <clinit> ()V 11 <appendix> argL0 ; # java/util/stream/FindOps$FindSink$OfLong$$Lambda+0x00000156d31b13f8
instanceKlass java/util/OptionalLong
instanceKlass java/util/stream/Sink$OfLong
instanceKlass java/util/function/LongConsumer
instanceKlass java/util/stream/LongStream
instanceKlass  @bci java/net/http/HttpHeaders firstValueAsLong (Ljava/lang/String;)Ljava/util/OptionalLong; 10 <appendix> argL0 ; # java/net/http/HttpHeaders$$Lambda+0x00000156d31fe910
instanceKlass java/util/function/ToLongFunction
instanceKlass jdk/internal/net/http/ResponseSubscribers
instanceKlass jdk/internal/net/http/ResponseSubscribers$ByteArraySubscriber
instanceKlass java/net/http/HttpResponse$BodySubscribers
instanceKlass jdk/internal/net/http/ResponseInfoImpl
instanceKlass  @bci jdk/internal/net/http/Http1HeaderParser addHeaderFromString (Ljava/lang/String;)V 126 <appendix> argL0 ; # jdk/internal/net/http/Http1HeaderParser$$Lambda+0x00000156d31fbd60
instanceKlass  @bci jdk/internal/net/http/Exchange sendRequestBody (Ljdk/internal/net/http/ExchangeImpl;)Ljava/util/concurrent/CompletableFuture; 70 <appendix> member <vmtarget> ; # jdk/internal/net/http/Exchange$$Lambda+0x00000156d31fbb20
instanceKlass  @bci jdk/internal/net/http/Exchange wrapForUpgrade (Ljava/util/concurrent/CompletableFuture;)Ljava/util/concurrent/CompletableFuture; 9 <appendix> member <vmtarget> ; # jdk/internal/net/http/Exchange$$Lambda+0x00000156d31fb8e0
instanceKlass  @bci jdk/internal/net/http/Http1Response readHeadersAsync (Ljava/util/concurrent/Executor;)Ljava/util/concurrent/CompletableFuture; 225 <appendix> member <vmtarget> ; # jdk/internal/net/http/Http1Response$$Lambda+0x00000156d31fb6a0
instanceKlass  @bci jdk/internal/net/http/Exchange sendRequestBody (Ljdk/internal/net/http/ExchangeImpl;)Ljava/util/concurrent/CompletableFuture; 53 <appendix> member <vmtarget> ; # jdk/internal/net/http/Exchange$$Lambda+0x00000156d31fb460
instanceKlass  @bci jdk/internal/net/http/Http1Exchange getOutgoing ()Ljdk/internal/net/http/Http1Exchange$DataPair; 245 <appendix> member <vmtarget> ; # jdk/internal/net/http/Http1Exchange$$Lambda+0x00000156d31fb240
instanceKlass  @bci jdk/internal/net/http/Http1Exchange getOutgoing ()Ljdk/internal/net/http/Http1Exchange$DataPair; 260 <appendix> member <vmtarget> ; # jdk/internal/net/http/Http1Exchange$$Lambda+0x00000156d31fb020
instanceKlass  @bci jdk/internal/net/http/Http1Exchange sendBodyAsync ()Ljava/util/concurrent/CompletableFuture; 153 <appendix> member <vmtarget> ; # jdk/internal/net/http/Http1Exchange$$Lambda+0x00000156d31fadf0
instanceKlass  @bci jdk/internal/net/http/Http1Exchange cancelIfFailed (Ljava/util/concurrent/Flow$Subscription;)V 9 <appendix> member <vmtarget> ; # jdk/internal/net/http/Http1Exchange$$Lambda+0x00000156d31fabc0
instanceKlass  @bci jdk/internal/net/http/Http1Exchange sendBodyAsync ()Ljava/util/concurrent/CompletableFuture; 144 <appendix> member <vmtarget> ; # jdk/internal/net/http/Http1Exchange$$Lambda+0x00000156d31fa990
instanceKlass  @bci jdk/internal/net/http/RequestPublishers$StreamIterator <init> (Ljava/io/InputStream;)V 2 <appendix> argL0 ; # jdk/internal/net/http/RequestPublishers$StreamIterator$$Lambda+0x00000156d31fa550
instanceKlass jdk/internal/net/http/RequestPublishers$StreamIterator
instanceKlass jdk/internal/net/http/PullPublisher$Subscription
instanceKlass  @bci jdk/internal/net/http/RequestPublishers$InputStreamPublisher iterableOf (Ljava/io/InputStream;)Ljava/lang/Iterable; 1 <appendix> member <vmtarget> ; # jdk/internal/net/http/RequestPublishers$InputStreamPublisher$$Lambda+0x00000156d31f9e78
instanceKlass jdk/internal/net/http/RequestPublishers
instanceKlass jdk/internal/net/http/PullPublisher
instanceKlass  @bci jdk/internal/net/http/SocketTube$InternalWriteSubscriber tryFlushCurrent (Z)V 280 <appendix> member <vmtarget> ; # jdk/internal/net/http/SocketTube$InternalWriteSubscriber$$Lambda+0x00000156d31f9830
instanceKlass sun/nio/ch/IOVecWrapper$Deallocator
instanceKlass sun/nio/ch/NativeObject
instanceKlass sun/nio/ch/IOVecWrapper
instanceKlass  @bci jdk/internal/net/http/Http1Exchange getOutgoing ()Ljdk/internal/net/http/Http1Exchange$DataPair; 185 <appendix> member <vmtarget> ; # jdk/internal/net/http/Http1Exchange$$Lambda+0x00000156d31f93a0
instanceKlass jdk/internal/net/http/Http1Exchange$DataPair
instanceKlass  @bci jdk/internal/net/http/Http1Request collectHeaders0 (Ljava/lang/StringBuilder;)V 80 <appendix> member <vmtarget> ; # jdk/internal/net/http/Http1Request$$Lambda+0x00000156d31f8f48
instanceKlass  @bci jdk/internal/net/http/common/Utils CONTEXT_RESTRICTED (Ljava/net/http/HttpClient;)Ljava/util/function/BiPredicate; 1 <appendix> member <vmtarget> ; # jdk/internal/net/http/common/Utils$$Lambda+0x00000156d31f8cf8
instanceKlass  @bci jdk/internal/net/http/SocketTube$InternalReadPublisher$InternalReadSubscription resumeReadEvent ()V 47 <appendix> member <vmtarget> ; # jdk/internal/net/http/SocketTube$InternalReadPublisher$InternalReadSubscription$$Lambda+0x00000156d31f8ac8
instanceKlass  @bci jdk/internal/net/http/SocketTube$InternalWriteSubscriber startSubscription ()V 135 <appendix> member <vmtarget> ; # jdk/internal/net/http/SocketTube$InternalWriteSubscriber$$Lambda+0x00000156d31f88a8
instanceKlass  @bci java/util/function/BiPredicate and (Ljava/util/function/BiPredicate;)Ljava/util/function/BiPredicate; 7 <appendix> member <vmtarget> ; # java/util/function/BiPredicate$$Lambda+0x00000156d31ae3e8
instanceKlass  @cpi java/util/function/BiPredicate 54 form vmentry <vmtarget> ; # java/lang/invoke/LambdaForm$DMH+0x00000156d31fc000
instanceKlass jdk/internal/net/http/SocketTube$InternalWriteSubscriber$WriteSubscription
instanceKlass jdk/internal/net/http/SocketTube$InternalReadPublisher$ReadSubscription
instanceKlass  @bci jdk/internal/net/http/Http1Exchange lambda$sendHeadersAsync$4 (Ljava/lang/Void;)Ljava/util/concurrent/CompletionStage; 16 <appendix> member <vmtarget> ; # jdk/internal/net/http/Http1Exchange$$Lambda+0x00000156d31f8228
instanceKlass  @bci jdk/internal/net/http/HttpClientImpl$SelectorManager run ()V 1394 <appendix> argL0 ; # jdk/internal/net/http/HttpClientImpl$SelectorManager$$Lambda+0x00000156d31f8000
instanceKlass  @bci jdk/internal/net/http/HttpClientImpl$SelectorManager run ()V 1377 <appendix> member <vmtarget> ; # jdk/internal/net/http/HttpClientImpl$SelectorManager$$Lambda+0x00000156d31f4a08
instanceKlass jdk/internal/net/http/common/Pair
instanceKlass  @bci jdk/internal/net/http/PlainHttpConnection$ConnectEvent handle ()V 211 <appendix> argL0 ; # jdk/internal/net/http/PlainHttpConnection$ConnectEvent$$Lambda+0x00000156d31f5d20
instanceKlass  @bci jdk/internal/net/http/HttpClientImpl$SelectorManager run ()V 1359 <appendix> member <vmtarget> ; # jdk/internal/net/http/HttpClientImpl$SelectorManager$$Lambda+0x00000156d31f5af0
instanceKlass  @bci jdk/internal/net/http/HttpClientImpl$SelectorManager run ()V 1304 <appendix> member <vmtarget> ; # jdk/internal/net/http/HttpClientImpl$SelectorManager$$Lambda+0x00000156d31f58d0
instanceKlass  @bci jdk/internal/net/http/HttpClientImpl$SelectorManager run ()V 1289 <appendix> member <vmtarget> ; # jdk/internal/net/http/HttpClientImpl$SelectorManager$$Lambda+0x00000156d31f56a0
instanceKlass  @bci jdk/internal/net/http/HttpClientImpl$SelectorAttachment events (I)Ljava/util/stream/Stream; 10 <appendix> member <vmtarget> ; # jdk/internal/net/http/HttpClientImpl$SelectorAttachment$$Lambda+0x00000156d31f5458
instanceKlass  @bci jdk/internal/net/http/HttpClientImpl registerPending (Ljdk/internal/net/http/HttpClientImpl$PendingRequest;Ljava/util/concurrent/CompletableFuture;)Ljava/util/concurrent/CompletableFuture; 43 <appendix> member <vmtarget> ; # jdk/internal/net/http/HttpClientImpl$$Lambda+0x00000156d31f5228
instanceKlass  @cpi jdk/internal/net/http/HttpClientImpl$SelectorAttachment 241 form vmentry <vmtarget> ; # java/lang/invoke/LambdaForm$DMH+0x00000156d31f4400
instanceKlass jdk/internal/net/http/HttpClientImpl$PendingRequest
instanceKlass  @bci jdk/internal/net/http/HttpClientImpl sendAsync (Ljava/net/http/HttpRequest;Ljava/net/http/HttpResponse$BodyHandler;Ljava/net/http/HttpResponse$PushPromiseHandler;Ljava/util/concurrent/Executor;)Ljava/util/concurrent/CompletableFuture; 254 <appendix> member <vmtarget> ; # jdk/internal/net/http/HttpClientImpl$$Lambda+0x00000156d31f7ca0
instanceKlass  @bci jdk/internal/net/http/MultiExchange responseAsyncImpl ()Ljava/util/concurrent/CompletableFuture; 114 <appendix> member <vmtarget> ; # jdk/internal/net/http/MultiExchange$$Lambda+0x00000156d31f7a70
instanceKlass  @bci jdk/internal/net/http/MultiExchange responseAsyncImpl ()Ljava/util/concurrent/CompletableFuture; 105 <appendix> member <vmtarget> ; # jdk/internal/net/http/MultiExchange$$Lambda+0x00000156d31f7830
instanceKlass java/lang/invoke/ConstantBootstraps
instanceKlass  @bci jdk/internal/net/http/Exchange lambda$responseAsyncImpl0$8 (Ljava/util/function/Function;Ljdk/internal/net/http/ExchangeImpl;)Ljava/util/concurrent/CompletableFuture; 6 <appendix> member <vmtarget> ; # jdk/internal/net/http/Exchange$$Lambda+0x00000156d31f7600
instanceKlass  @bci jdk/internal/net/http/Http1Exchange sendHeadersAsync ()Ljava/util/concurrent/CompletableFuture; 255 <appendix> member <vmtarget> ; # jdk/internal/net/http/Http1Exchange$$Lambda+0x00000156d31f73c0
instanceKlass java/nio/channels/SelectionKey
instanceKlass  @bci jdk/internal/net/http/Http1Exchange sendHeadersAsync ()Ljava/util/concurrent/CompletableFuture; 246 <appendix> member <vmtarget> ; # jdk/internal/net/http/Http1Exchange$$Lambda+0x00000156d31f7180
instanceKlass  @bci jdk/internal/net/http/Http1Exchange sendHeadersAsync ()Ljava/util/concurrent/CompletableFuture; 126 <appendix> member <vmtarget> ; # jdk/internal/net/http/Http1Exchange$$Lambda+0x00000156d31f6f40
instanceKlass  @bci jdk/internal/net/http/HttpClientImpl$SelectorAttachment <clinit> ()V 18 <appendix> member <vmtarget> ; # jdk/internal/net/http/HttpClientImpl$SelectorAttachment$$Lambda+0x00000156d31f6d20
instanceKlass  @bci jdk/internal/net/http/PlainHttpConnection connectAsync (Ljdk/internal/net/http/Exchange;)Ljava/util/concurrent/CompletableFuture; 483 <appendix> member <vmtarget> ; # jdk/internal/net/http/PlainHttpConnection$$Lambda+0x00000156d31f6af0
instanceKlass jdk/internal/net/http/HttpClientImpl$SelectorAttachment
instanceKlass  @bci jdk/internal/net/http/Exchange checkCancelled (Ljava/util/concurrent/CompletableFuture;Ljdk/internal/net/http/HttpConnection;)Ljava/util/concurrent/CompletableFuture; 4 <appendix> member <vmtarget> ; # jdk/internal/net/http/Exchange$$Lambda+0x00000156d31f6458
instanceKlass  @bci jdk/internal/net/http/PlainHttpConnection connectAsync (Ljdk/internal/net/http/Exchange;)Ljava/util/concurrent/CompletableFuture; 281 <appendix> member <vmtarget> ; # jdk/internal/net/http/PlainHttpConnection$$Lambda+0x00000156d31f6238
instanceKlass  @bci jdk/internal/net/http/MultiExchange remainingConnectTimeout ()Ljava/util/Optional; 7 <appendix> argL0 ; # jdk/internal/net/http/MultiExchange$$Lambda+0x00000156d31f6000
instanceKlass  @bci jdk/internal/net/http/common/Demand increase (J)Z 25 <appendix> argL0 ; # jdk/internal/net/http/common/Demand$$Lambda+0x00000156d31f3c30
instanceKlass java/util/function/LongBinaryOperator
instanceKlass  @bci jdk/internal/net/http/Http1AsyncReceiver handlePendingDelegate ()Z 50 <appendix> member <vmtarget> ; # jdk/internal/net/http/Http1AsyncReceiver$$Lambda+0x00000156d31f3a10
instanceKlass  @bci jdk/internal/net/http/Http1AsyncReceiver handlePendingDelegate ()Z 42 <appendix> member <vmtarget> ; # jdk/internal/net/http/Http1AsyncReceiver$$Lambda+0x00000156d31f37e0
instanceKlass jdk/internal/net/http/Http1HeaderParser
instanceKlass  @bci jdk/internal/net/http/Http1Response <init> (Ljdk/internal/net/http/HttpConnection;Ljdk/internal/net/http/Http1Exchange;Ljdk/internal/net/http/Http1AsyncReceiver;)V 97 <appendix> member <vmtarget> ; # jdk/internal/net/http/Http1Response$$Lambda+0x00000156d31f2f50
instanceKlass  @bci jdk/internal/net/http/Http1Response <init> (Ljdk/internal/net/http/HttpConnection;Ljdk/internal/net/http/Http1Exchange;Ljdk/internal/net/http/Http1AsyncReceiver;)V 79 <appendix> member <vmtarget> ; # jdk/internal/net/http/Http1Response$$Lambda+0x00000156d31f2d20
instanceKlass  @bci jdk/internal/net/http/Http1Response <init> (Ljdk/internal/net/http/HttpConnection;Ljdk/internal/net/http/Http1Exchange;Ljdk/internal/net/http/Http1AsyncReceiver;)V 13 <appendix> member <vmtarget> ; # jdk/internal/net/http/Http1Response$$Lambda+0x00000156d31f2b00
instanceKlass jdk/internal/net/http/Http1Response$Receiver
instanceKlass jdk/internal/net/http/Http1AsyncReceiver$Http1AsyncDelegate
instanceKlass jdk/internal/net/http/Http1Response
instanceKlass  @bci jdk/internal/net/http/Exchange responseAsyncImpl0 (Ljdk/internal/net/http/HttpConnection;)Ljava/util/concurrent/CompletableFuture; 70 <appendix> member <vmtarget> ; # jdk/internal/net/http/Exchange$$Lambda+0x00000156d31f18a8
instanceKlass  @bci jdk/internal/net/http/Exchange establishExchange (Ljdk/internal/net/http/HttpConnection;)Ljava/util/concurrent/CompletableFuture; 151 <appendix> member <vmtarget> ; # jdk/internal/net/http/Exchange$$Lambda+0x00000156d31f1668
instanceKlass  @bci jdk/internal/net/http/Exchange establishExchange (Ljdk/internal/net/http/HttpConnection;)Ljava/util/concurrent/CompletableFuture; 134 <appendix> member <vmtarget> ; # jdk/internal/net/http/Exchange$$Lambda+0x00000156d31f1438
instanceKlass  @cpi jdk/internal/net/http/Http1Response 674 form vmentry <vmtarget> ; # java/lang/invoke/LambdaForm$DMH+0x00000156d31f4000
instanceKlass  @bci jdk/internal/net/http/ExchangeImpl get (Ljdk/internal/net/http/Exchange;Ljdk/internal/net/http/HttpConnection;)Ljava/util/concurrent/CompletableFuture; 95 <appendix> argL0 ; # jdk/internal/net/http/ExchangeImpl$$Lambda+0x00000156d31f1200
instanceKlass  @bci jdk/internal/net/http/ExchangeImpl createExchangeImpl (Ljdk/internal/net/http/Http2Connection;Ljava/lang/Throwable;Ljdk/internal/net/http/Exchange;Ljdk/internal/net/http/HttpConnection;)Ljava/util/concurrent/CompletableFuture; 234 <appendix> member <vmtarget> ; # jdk/internal/net/http/ExchangeImpl$$Lambda+0x00000156d31f0fc0
instanceKlass jdk/internal/net/http/Http1AsyncReceiver$Http1TubeSubscriber
instanceKlass  @bci jdk/internal/net/http/Http1AsyncReceiver <init> (Ljava/util/concurrent/Executor;Ljdk/internal/net/http/Http1Exchange;)V 33 <appendix> member <vmtarget> ; # jdk/internal/net/http/Http1AsyncReceiver$$Lambda+0x00000156d31f0b20
instanceKlass  @bci jdk/internal/net/http/Http1AsyncReceiver <init> (Ljava/util/concurrent/Executor;Ljdk/internal/net/http/Http1Exchange;)V 6 <appendix> member <vmtarget> ; # jdk/internal/net/http/Http1AsyncReceiver$$Lambda+0x00000156d31f0900
instanceKlass jdk/internal/net/http/AbstractSubscription
instanceKlass jdk/internal/net/http/Http1AsyncReceiver
instanceKlass  @bci jdk/internal/net/http/Http1Request <init> (Ljdk/internal/net/http/HttpRequestImpl;Ljdk/internal/net/http/Http1Exchange;)V 6 <appendix> member <vmtarget> ; # jdk/internal/net/http/Http1Request$$Lambda+0x00000156d31f0000
instanceKlass  @bci jdk/internal/net/http/Http1Request <clinit> ()V 0 <appendix> argL0 ; # jdk/internal/net/http/Http1Request$$Lambda+0x00000156d31ebc00
instanceKlass jdk/internal/net/http/Http1Exchange$Http1RequestBodySubscriber
instanceKlass jdk/internal/net/http/Http1Request
instanceKlass  @bci jdk/internal/net/http/SocketTube$InternalWriteSubscriber <init> (Ljdk/internal/net/http/SocketTube;)V 21 <appendix> member <vmtarget> ; # jdk/internal/net/http/SocketTube$InternalWriteSubscriber$$Lambda+0x00000156d31ef440
instanceKlass  @bci jdk/internal/net/http/SocketTube$InternalWriteSubscriber <init> (Ljdk/internal/net/http/SocketTube;)V 15 <appendix> member <vmtarget> ; # jdk/internal/net/http/SocketTube$InternalWriteSubscriber$$Lambda+0x00000156d31ef210
instanceKlass jdk/internal/net/http/SocketTube$InternalWriteSubscriber
instanceKlass  @bci jdk/internal/net/http/SocketTube$InternalReadPublisher$InternalReadSubscription <init> (Ljdk/internal/net/http/SocketTube$InternalReadPublisher;)V 56 <appendix> member <vmtarget> ; # jdk/internal/net/http/SocketTube$InternalReadPublisher$InternalReadSubscription$$Lambda+0x00000156d31eeb70
instanceKlass  @bci jdk/internal/net/http/SocketTube$InternalReadPublisher$InternalReadSubscription <init> (Ljdk/internal/net/http/SocketTube$InternalReadPublisher;)V 50 <appendix> member <vmtarget> ; # jdk/internal/net/http/SocketTube$InternalReadPublisher$InternalReadSubscription$$Lambda+0x00000156d31ee940
instanceKlass  @bci jdk/internal/net/http/SocketTube$InternalReadPublisher$InternalReadSubscription <init> (Ljdk/internal/net/http/SocketTube$InternalReadPublisher;)V 30 <appendix> member <vmtarget> ; # jdk/internal/net/http/SocketTube$InternalReadPublisher$InternalReadSubscription$$Lambda+0x00000156d31ee720
instanceKlass jdk/internal/net/http/SocketTube$SocketFlowTask
instanceKlass jdk/internal/net/http/SocketTube$InternalReadPublisher$InternalReadSubscription
instanceKlass jdk/internal/net/http/SocketTube$InternalReadPublisher
instanceKlass jdk/internal/net/http/SocketTube$SliceBufferSource
instanceKlass jdk/internal/net/http/SocketTube$BufferSource
instanceKlass  @bci jdk/internal/net/http/SocketTube <init> (Ljdk/internal/net/http/HttpClientImpl;Ljava/nio/channels/SocketChannel;Ljava/util/function/Supplier;)V 6 <appendix> member <vmtarget> ; # jdk/internal/net/http/SocketTube$$Lambda+0x00000156d31ed5f0
instanceKlass  @bci jdk/internal/net/http/PlainHttpConnection <init> (Ljava/net/InetSocketAddress;Ljdk/internal/net/http/HttpClientImpl;)V 243 <appendix> argL0 ; # jdk/internal/net/http/PlainHttpConnection$$Lambda+0x00000156d31ed3d8
instanceKlass jdk/internal/net/http/SocketTube
instanceKlass sun/nio/ch/SocketChannelImpl$DefaultOptionsHolder
instanceKlass  @bci jdk/internal/net/http/HttpConnection$PlainHttpPublisher <init> (Ljdk/internal/net/http/HttpConnection;Ljava/lang/Object;)V 37 <appendix> member <vmtarget> ; # jdk/internal/net/http/HttpConnection$PlainHttpPublisher$$Lambda+0x00000156d31eccd0
instanceKlass jdk/internal/net/http/HttpConnection$PlainHttpPublisher
instanceKlass jdk/internal/net/http/HttpConnection$TrailingOperations
instanceKlass  @bci jdk/internal/net/http/HttpConnection <init> (Ljava/net/InetSocketAddress;Ljdk/internal/net/http/HttpClientImpl;)V 6 <appendix> member <vmtarget> ; # jdk/internal/net/http/HttpConnection$$Lambda+0x00000156d31ec650
instanceKlass jdk/internal/net/http/AsyncEvent
instanceKlass jdk/internal/net/http/common/FlowTube
instanceKlass jdk/internal/net/http/HttpConnection$HttpPublisher
instanceKlass jdk/internal/net/http/ConnectionPool$CacheKey
instanceKlass jdk/internal/net/http/common/SequentialScheduler$SchedulableTask
instanceKlass jdk/internal/net/http/common/SequentialScheduler$CompleteRestartableTask
instanceKlass jdk/internal/net/http/common/SequentialScheduler$RestartableTask
instanceKlass jdk/internal/net/http/common/SequentialScheduler$DeferredCompleter
instanceKlass jdk/internal/net/http/common/SequentialScheduler
instanceKlass jdk/internal/net/http/Http1Exchange$Http1Publisher$WriteTask
instanceKlass jdk/internal/net/http/common/Demand
instanceKlass jdk/internal/net/http/Http1Exchange$Http1Publisher$Http1WriteSubscription
instanceKlass  @bci jdk/internal/net/http/Http1Exchange$Http1Publisher <init> (Ljdk/internal/net/http/Http1Exchange;)V 11 <appendix> member <vmtarget> ; # jdk/internal/net/http/Http1Exchange$Http1Publisher$$Lambda+0x00000156d31e5e00
instanceKlass jdk/internal/net/http/Http1Exchange$Http1Publisher
instanceKlass java/util/concurrent/ConcurrentLinkedDeque$Node
instanceKlass  @bci jdk/internal/net/http/Http1Exchange <init> (Ljdk/internal/net/http/Exchange;Ljdk/internal/net/http/HttpConnection;)V 7 <appendix> member <vmtarget> ; # jdk/internal/net/http/Http1Exchange$$Lambda+0x00000156d31e59b0
instanceKlass  @bci jdk/internal/net/http/ExchangeImpl get (Ljdk/internal/net/http/Exchange;Ljdk/internal/net/http/HttpConnection;)Ljava/util/concurrent/CompletableFuture; 83 <appendix> member <vmtarget> ; # jdk/internal/net/http/ExchangeImpl$$Lambda+0x00000156d31e5140
instanceKlass  @bci jdk/internal/net/http/Http2Connection keyString (ZLjava/net/InetSocketAddress;Ljava/lang/String;I)Ljava/lang/String; 79 <adapter> ; # java/lang/invoke/LambdaForm$MH+0x00000156d31eb800
# instanceKlass java/lang/invoke/LambdaForm$DMH+0x00000156d31eb400
instanceKlass  @bci jdk/internal/net/http/Http2Connection keyString (ZLjava/net/InetSocketAddress;Ljava/lang/String;I)Ljava/lang/String; 79 <appendix> form vmentry <vmtarget> ; # java/lang/invoke/LambdaForm$MH+0x00000156d31eb000
# instanceKlass java/lang/invoke/LambdaForm$MH+0x00000156d31eac00
instanceKlass  @bci jdk/internal/net/http/Http2Connection keyString (ZLjava/net/InetSocketAddress;Ljava/lang/String;I)Ljava/lang/String; 79 <appendix> form names 8 function resolvedHandle form vmentry <vmtarget> ; # java/lang/invoke/LambdaForm$DMH+0x00000156d31ea800
instanceKlass  @bci jdk/internal/net/http/Http2Connection keyString (ZLjava/net/InetSocketAddress;Ljava/lang/String;I)Ljava/lang/String; 79 <appendix> argL3 form vmentry <vmtarget> ; # java/lang/invoke/LambdaForm$MH+0x00000156d31ea400
# instanceKlass java/lang/invoke/LambdaForm$MH+0x00000156d31ea000
# instanceKlass java/lang/invoke/LambdaForm$MH+0x00000156d31e9c00
# instanceKlass java/lang/invoke/LambdaForm$MH+0x00000156d31e9800
# instanceKlass java/lang/invoke/LambdaForm$MH+0x00000156d31e9400
instanceKlass  @bci jdk/internal/net/http/Http2Connection keyString (ZLjava/net/InetSocketAddress;Ljava/lang/String;I)Ljava/lang/String; 79 <appendix> form names 12 function resolvedHandle form vmentry <vmtarget> ; # java/lang/invoke/LambdaForm$DMH+0x00000156d31e9000
instanceKlass  @bci jdk/internal/net/http/Http2Connection keyString (ZLjava/net/InetSocketAddress;Ljava/lang/String;I)Ljava/lang/String; 79 <appendix> argL1 form vmentry <vmtarget> ; # java/lang/invoke/LambdaForm$MH+0x00000156d31e8c00
# instanceKlass java/lang/invoke/LambdaForm$MH+0x00000156d31e8800
# instanceKlass java/lang/invoke/LambdaForm$MH+0x00000156d31e8400
# instanceKlass java/lang/invoke/LambdaForm$MH+0x00000156d31e8000
instanceKlass  @bci jdk/internal/net/http/HttpRequestImpl getAddress ()Ljava/net/InetSocketAddress; 64 <appendix> member <vmtarget> ; # jdk/internal/net/http/HttpRequestImpl$$Lambda+0x00000156d31e4f20
instanceKlass  @bci jdk/internal/net/http/Http2Connection <clinit> ()V 19 <appendix> member <vmtarget> ; # jdk/internal/net/http/Http2Connection$$Lambda+0x00000156d31e4d00
instanceKlass jdk/internal/net/http/frame/Http2Frame
instanceKlass jdk/internal/net/http/Http2Connection
instanceKlass  @bci jdk/internal/net/http/ExchangeImpl <clinit> ()V 2 <appendix> member <vmtarget> ; # jdk/internal/net/http/ExchangeImpl$$Lambda+0x00000156d31e24b0
instanceKlass  @bci jdk/internal/net/http/Exchange responseAsyncImpl0 (Ljdk/internal/net/http/HttpConnection;)Ljava/util/concurrent/CompletableFuture; 57 <appendix> member <vmtarget> ; # jdk/internal/net/http/Exchange$$Lambda+0x00000156d31e2270
instanceKlass  @bci jdk/internal/net/http/Exchange responseAsyncImpl0 (Ljdk/internal/net/http/HttpConnection;)Ljava/util/concurrent/CompletableFuture; 49 <appendix> member <vmtarget> ; # jdk/internal/net/http/Exchange$$Lambda+0x00000156d31e2030
instanceKlass java/util/LinkedList$ListItr
instanceKlass jdk/internal/net/http/AuthenticationFilter$Cache
instanceKlass jdk/internal/net/http/common/Deadline
instanceKlass  @bci jdk/internal/net/http/ResponseTimerEvent <clinit> ()V 2 <appendix> member <vmtarget> ; # jdk/internal/net/http/ResponseTimerEvent$$Lambda+0x00000156d31e19e8
instanceKlass  @bci jdk/internal/net/http/MultiExchange responseAsync (Ljava/util/concurrent/Executor;)Ljava/util/concurrent/CompletableFuture; 12 <appendix> argL0 ; # jdk/internal/net/http/MultiExchange$$Lambda+0x00000156d31e17d0
instanceKlass  @bci jdk/internal/net/http/MultiExchange responseAsync0 (Ljava/util/concurrent/CompletableFuture;)Ljava/util/concurrent/CompletableFuture; 20 <appendix> member <vmtarget> ; # jdk/internal/net/http/MultiExchange$$Lambda+0x00000156d31e1590
instanceKlass  @bci jdk/internal/net/http/MultiExchange responseAsync0 (Ljava/util/concurrent/CompletableFuture;)Ljava/util/concurrent/CompletableFuture; 11 <appendix> member <vmtarget> ; # jdk/internal/net/http/MultiExchange$$Lambda+0x00000156d31e1350
instanceKlass jdk/internal/net/http/Response
instanceKlass  @bci jdk/internal/net/http/MultiExchange responseAsync0 (Ljava/util/concurrent/CompletableFuture;)Ljava/util/concurrent/CompletableFuture; 2 <appendix> member <vmtarget> ; # jdk/internal/net/http/MultiExchange$$Lambda+0x00000156d31e0ee0
instanceKlass jdk/internal/net/http/MultiExchange$CancelableRef
instanceKlass jdk/internal/net/http/Exchange$ConnectionAborter
instanceKlass  @bci jdk/internal/net/http/Exchange <init> (Ljdk/internal/net/http/HttpRequestImpl;Ljdk/internal/net/http/MultiExchange;)V 6 <appendix> member <vmtarget> ; # jdk/internal/net/http/Exchange$$Lambda+0x00000156d31e0898
instanceKlass jdk/internal/net/http/ExchangeImpl
instanceKlass jdk/internal/net/http/Exchange
instanceKlass  @bci jdk/internal/net/http/MultiExchange <init> (Ljava/net/http/HttpRequest;Ljdk/internal/net/http/HttpRequestImpl;Ljdk/internal/net/http/HttpClientImpl;Ljava/net/http/HttpResponse$BodyHandler;Ljava/net/http/HttpResponse$PushPromiseHandler;Ljava/security/AccessControlContext;)V 168 <appendix> argL0 ; # jdk/internal/net/http/MultiExchange$$Lambda+0x00000156d31d9c28
instanceKlass jdk/internal/net/http/MultiExchange$ConnectTimeoutTracker
instanceKlass java/util/Base64$Encoder
instanceKlass java/util/Base64
instanceKlass  @bci jdk/internal/net/http/MultiExchange <clinit> ()V 19 <appendix> member <vmtarget> ; # jdk/internal/net/http/MultiExchange$$Lambda+0x00000156d31d9800
instanceKlass jdk/internal/net/http/TimeoutEvent
instanceKlass jdk/internal/net/http/MultiExchange
instanceKlass jdk/internal/net/http/common/Cancelable
instanceKlass  @bci jdk/internal/net/http/HttpRequestImpl userAgent ()Ljava/lang/String; 0 <appendix> argL0 ; # jdk/internal/net/http/HttpRequestImpl$$Lambda+0x00000156d31db358
instanceKlass  @bci java/net/http/HttpHeaders lambda$headersOf$1 (Ljava/util/function/BiPredicate;Ljava/util/ArrayList;Ljava/util/TreeMap;Ljava/util/TreeSet;Ljava/lang/String;Ljava/util/List;)V 47 <appendix> member <vmtarget> ; # java/net/http/HttpHeaders$$Lambda+0x00000156d31db128
instanceKlass  @bci java/net/http/HttpHeaders headersOf (Ljava/util/Map;Ljava/util/function/BiPredicate;)Ljava/net/http/HttpHeaders; 37 <appendix> member <vmtarget> ; # java/net/http/HttpHeaders$$Lambda+0x00000156d31daef8
instanceKlass  @cpi java/net/http/HttpHeaders 301 form vmentry <vmtarget> ; # java/lang/invoke/LambdaForm$DMH+0x00000156d31d9400
instanceKlass java/net/http/HttpHeaders
instanceKlass  @bci jdk/internal/net/http/common/HttpHeadersBuilder addHeader (Ljava/lang/String;Ljava/lang/String;)V 5 <appendix> argL0 ; # jdk/internal/net/http/common/HttpHeadersBuilder$$Lambda+0x00000156d31daab8
instanceKlass  @bci org/openqa/selenium/remote/http/HttpMessage lambda$forEachHeader$1 (Ljava/util/function/BiConsumer;Ljava/lang/String;Ljava/util/List;)V 3 <appendix> member <vmtarget> ; # org/openqa/selenium/remote/http/HttpMessage$$Lambda+0x00000156d31dfae0
instanceKlass  @bci org/openqa/selenium/remote/http/HttpMessage forEachHeader (Ljava/util/function/BiConsumer;)V 5 <appendix> member <vmtarget> ; # org/openqa/selenium/remote/http/HttpMessage$$Lambda+0x00000156d31df8b0
instanceKlass  @bci org/openqa/selenium/remote/http/jdk/JdkHttpMessages createRequest (Lorg/openqa/selenium/remote/http/HttpRequest;Lorg/openqa/selenium/remote/http/HttpMethod;Ljava/net/URI;)Ljava/net/http/HttpRequest; 201 <appendix> member <vmtarget> ; # org/openqa/selenium/remote/http/jdk/JdkHttpMessages$$Lambda+0x00000156d31df680
instanceKlass jdk/internal/net/http/RequestPublishers$PublisherAdapter
instanceKlass jdk/internal/net/http/RequestPublishers$InputStreamPublisher
instanceKlass java/net/http/HttpRequest$BodyPublisher
instanceKlass java/net/http/HttpRequest$BodyPublishers
instanceKlass org/openqa/selenium/remote/http/jdk/JdkHttpMessages$1
instanceKlass jdk/internal/net/http/common/HttpHeadersBuilder
instanceKlass jdk/internal/net/http/HttpRequestBuilderImpl
instanceKlass java/net/http/HttpRequest$Builder
instanceKlass  @bci org/openqa/selenium/remote/http/jdk/JdkHttpMessages createRequest (Lorg/openqa/selenium/remote/http/HttpRequest;Lorg/openqa/selenium/remote/http/HttpMethod;Ljava/net/URI;)Ljava/net/http/HttpRequest; 20 <appendix> member <vmtarget> ; # org/openqa/selenium/remote/http/jdk/JdkHttpMessages$$Lambda+0x00000156d31df240
instanceKlass  @bci java/net/http/HttpResponse$BodyHandlers ofByteArray ()Ljava/net/http/HttpResponse$BodyHandler; 0 <appendix> argL0 ; # java/net/http/HttpResponse$BodyHandlers$$Lambda+0x00000156d31c35e0
instanceKlass java/net/http/HttpResponse
instanceKlass java/net/http/HttpResponse$ResponseInfo
instanceKlass java/net/http/HttpResponse$BodyHandler
instanceKlass java/util/concurrent/RunnableScheduledFuture
instanceKlass java/util/concurrent/ScheduledFuture
instanceKlass java/util/concurrent/Delayed
instanceKlass java/net/http/HttpResponse$BodyHandlers
instanceKlass java/util/concurrent/CompletableFuture$Delayer$DaemonThreadFactory
instanceKlass java/util/concurrent/ScheduledExecutorService
instanceKlass  @bci org/openqa/selenium/remote/http/AddSeleniumUserAgent apply (Lorg/openqa/selenium/remote/http/HttpHandler;)Lorg/openqa/selenium/remote/http/HttpHandler; 1 <appendix> member <vmtarget> ; # org/openqa/selenium/remote/http/AddSeleniumUserAgent$$Lambda+0x00000156d31df010
instanceKlass java/util/concurrent/CompletableFuture$Delayer
instanceKlass java/util/concurrent/CompletableFuture$Timeout
instanceKlass java/util/concurrent/CompletableFuture$Canceller
instanceKlass  @bci org/openqa/selenium/remote/http/jdk/JdkHttpClient executeAsync (Lorg/openqa/selenium/remote/http/HttpRequest;)Ljava/util/concurrent/CompletableFuture; 28 <appendix> member <vmtarget> ; # org/openqa/selenium/remote/http/jdk/JdkHttpClient$$Lambda+0x00000156d31dede0
instanceKlass java/util/concurrent/Executors$RunnableAdapter
instanceKlass  @bci org/openqa/selenium/remote/http/jdk/JdkHttpClient executeAsync (Lorg/openqa/selenium/remote/http/HttpRequest;)Ljava/util/concurrent/CompletableFuture; 15 <appendix> member <vmtarget> ; # org/openqa/selenium/remote/http/jdk/JdkHttpClient$$Lambda+0x00000156d31debc0
instanceKlass  @bci org/openqa/selenium/remote/http/HttpMessage addHeader (Ljava/lang/String;Ljava/lang/String;)Lorg/openqa/selenium/remote/http/HttpMessage; 13 <appendix> argL0 ; # org/openqa/selenium/remote/http/HttpMessage$$Lambda+0x00000156d31de988
instanceKlass  @bci java/util/stream/SortedOps$RefSortingSink end ()V 48 <appendix> member <vmtarget> ; # java/util/stream/SortedOps$RefSortingSink$$Lambda+0x00000156d31a83e8
instanceKlass  @bci org/openqa/selenium/remote/NewSessionPayload lambda$validate$4 (Ljava/util/Map;)V 21 <appendix> argL0 ; # org/openqa/selenium/remote/NewSessionPayload$$Lambda+0x00000156d31de320
instanceKlass  @bci org/openqa/selenium/remote/NewSessionPayload lambda$validate$4 (Ljava/util/Map;)V 11 <appendix> argL0 ; # org/openqa/selenium/remote/NewSessionPayload$$Lambda+0x00000156d31de0d8
instanceKlass  @bci org/openqa/selenium/remote/NewSessionPayload lambda$validate$1 (Ljava/util/Map;Ljava/util/Map;)V 16 <appendix> member <vmtarget> ; # org/openqa/selenium/remote/NewSessionPayload$$Lambda+0x00000156d31dde88
instanceKlass java/util/AbstractMap$KeyIterator
instanceKlass  @bci org/openqa/selenium/remote/NewSessionPayload validate ()V 98 <appendix> argL0 ; # org/openqa/selenium/remote/NewSessionPayload$$Lambda+0x00000156d31ddc60
instanceKlass  @bci org/openqa/selenium/remote/NewSessionPayload validate ()V 88 <appendix> argL0 ; # org/openqa/selenium/remote/NewSessionPayload$$Lambda+0x00000156d31dda38
instanceKlass  @bci org/openqa/selenium/remote/NewSessionPayload validate ()V 78 <appendix> argL0 ; # org/openqa/selenium/remote/NewSessionPayload$$Lambda+0x00000156d31dd810
instanceKlass  @bci org/openqa/selenium/remote/NewSessionPayload validate ()V 68 <appendix> member <vmtarget> ; # org/openqa/selenium/remote/NewSessionPayload$$Lambda+0x00000156d31dd5d0
instanceKlass  @bci org/openqa/selenium/remote/NewSessionPayload validate ()V 57 <appendix> member <vmtarget> ; # org/openqa/selenium/remote/NewSessionPayload$$Lambda+0x00000156d31dd3a0
instanceKlass org/openqa/selenium/json/ObjectCoercer$1
instanceKlass  @bci org/openqa/selenium/json/ObjectCoercer apply (Ljava/lang/reflect/Type;)Ljava/util/function/BiFunction; 1 <appendix> member <vmtarget> ; # org/openqa/selenium/json/ObjectCoercer$$Lambda+0x00000156d31dcf70
instanceKlass  @bci org/openqa/selenium/json/MapCoercer lambda$apply$1 (Ljava/lang/reflect/Type;Ljava/lang/reflect/Type;Lorg/openqa/selenium/json/JsonInput;Lorg/openqa/selenium/json/PropertySetting;)Ljava/lang/Object; 20 <appendix> member <vmtarget> ; # org/openqa/selenium/json/MapCoercer$$Lambda+0x00000156d31dcd30
instanceKlass  @bci org/openqa/selenium/json/MapCoercer apply (Ljava/lang/reflect/Type;)Ljava/util/function/BiFunction; 77 <appendix> member <vmtarget> ; # org/openqa/selenium/json/MapCoercer$$Lambda+0x00000156d31dcb00
instanceKlass org/openqa/selenium/json/JsonInput$1
instanceKlass org/openqa/selenium/remote/http/Contents$1
instanceKlass  @bci org/openqa/selenium/json/JsonOutput lambda$new$23 (Ljava/lang/Object;II)V 46 <appendix> member <vmtarget> ; # org/openqa/selenium/json/JsonOutput$$Lambda+0x00000156d31dc458
instanceKlass  @cpi org/openqa/selenium/json/JsonOutput 848 form vmentry <vmtarget> ; # java/lang/invoke/LambdaForm$DMH+0x00000156d31d9000
instanceKlass  @bci org/openqa/selenium/json/JsonOutput lambda$new$23 (Ljava/lang/Object;II)V 33 <appendix> argL0 ; # org/openqa/selenium/json/JsonOutput$$Lambda+0x00000156d31dc210
instanceKlass java/io/ObjectOutput
instanceKlass java/util/function/UnaryOperator
instanceKlass  @bci org/openqa/selenium/json/JsonOutput asString (Ljava/lang/Object;)Ljava/lang/String; 19 <appendix> member <vmtarget> ; # org/openqa/selenium/json/JsonOutput$$Lambda+0x00000156d31d4c48
instanceKlass  @cpi org/openqa/selenium/json/JsonOutput 825 form vmentry <vmtarget> ; # java/lang/invoke/LambdaForm$DMH+0x00000156d31d8c00
instanceKlass  @bci org/openqa/selenium/json/JsonOutput lambda$new$25 (Ljava/lang/Object;II)V 31 <adapter> ; # java/lang/invoke/LambdaForm$MH+0x00000156d31d8800
# instanceKlass java/lang/invoke/LambdaForm$DMH+0x00000156d31d8400
instanceKlass  @bci org/openqa/selenium/json/JsonOutput lambda$new$25 (Ljava/lang/Object;II)V 31 <appendix> form vmentry <vmtarget> ; # java/lang/invoke/LambdaForm$DMH+0x00000156d31d8000
instanceKlass  @bci org/openqa/selenium/json/JsonOutput lambda$new$25 (Ljava/lang/Object;II)V 31 <appendix> member <vmtarget> ; # org/openqa/selenium/json/JsonOutput$$Lambda+0x00000156d31d4a18
instanceKlass  @cpi org/openqa/selenium/json/JsonOutput 842 form vmentry <vmtarget> ; # java/lang/invoke/LambdaForm$DMH+0x00000156d31d4400
instanceKlass  @bci org/openqa/selenium/json/JsonOutput write0 (Ljava/lang/Object;II)Lorg/openqa/selenium/json/JsonOutput; 39 <appendix> member <vmtarget> ; # org/openqa/selenium/json/JsonOutput$$Lambda+0x00000156d31d5d60
instanceKlass  @bci org/openqa/selenium/json/JsonOutput write0 (Ljava/lang/Object;II)Lorg/openqa/selenium/json/JsonOutput; 30 <appendix> argL0 ; # org/openqa/selenium/json/JsonOutput$$Lambda+0x00000156d31d5b28
instanceKlass java/io/ObjectStreamConstants
instanceKlass java/io/ObjectInput
instanceKlass  @bci org/openqa/selenium/json/JsonOutput write0 (Ljava/lang/Object;II)Lorg/openqa/selenium/json/JsonOutput; 15 <appendix> member <vmtarget> ; # org/openqa/selenium/json/JsonOutput$$Lambda+0x00000156d31d58d8
instanceKlass  @bci org/openqa/selenium/json/JsonOutput <init> (Ljava/lang/Appendable;)V 552 <appendix> member <vmtarget> ; # org/openqa/selenium/json/JsonOutput$$Lambda+0x00000156d31d56b8
instanceKlass  @bci org/openqa/selenium/json/JsonOutput <init> (Ljava/lang/Appendable;)V 546 <appendix> argL0 ; # org/openqa/selenium/json/JsonOutput$$Lambda+0x00000156d31d5470
instanceKlass  @bci org/openqa/selenium/json/JsonOutput <init> (Ljava/lang/Appendable;)V 534 <appendix> member <vmtarget> ; # org/openqa/selenium/json/JsonOutput$$Lambda+0x00000156d31d5250
instanceKlass  @bci org/openqa/selenium/json/JsonOutput <init> (Ljava/lang/Appendable;)V 528 <appendix> member <vmtarget> ; # org/openqa/selenium/json/JsonOutput$$Lambda+0x00000156d31d5000
instanceKlass  @bci org/openqa/selenium/json/JsonOutput <init> (Ljava/lang/Appendable;)V 509 <appendix> member <vmtarget> ; # org/openqa/selenium/json/JsonOutput$$Lambda+0x00000156d31d7cb8
instanceKlass  @bci org/openqa/selenium/json/JsonOutput <init> (Ljava/lang/Appendable;)V 503 <appendix> argL0 ; # org/openqa/selenium/json/JsonOutput$$Lambda+0x00000156d31d7a70
instanceKlass  @bci org/openqa/selenium/json/JsonOutput <init> (Ljava/lang/Appendable;)V 491 <appendix> member <vmtarget> ; # org/openqa/selenium/json/JsonOutput$$Lambda+0x00000156d31d7850
instanceKlass  @bci org/openqa/selenium/json/JsonOutput <init> (Ljava/lang/Appendable;)V 485 <appendix> member <vmtarget> ; # org/openqa/selenium/json/JsonOutput$$Lambda+0x00000156d31d7600
instanceKlass  @bci org/openqa/selenium/json/JsonOutput <init> (Ljava/lang/Appendable;)V 466 <appendix> member <vmtarget> ; # org/openqa/selenium/json/JsonOutput$$Lambda+0x00000156d31d73e0
instanceKlass  @bci org/openqa/selenium/json/JsonOutput <init> (Ljava/lang/Appendable;)V 460 <appendix> member <vmtarget> ; # org/openqa/selenium/json/JsonOutput$$Lambda+0x00000156d31d7190
instanceKlass  @bci org/openqa/selenium/json/JsonOutput <init> (Ljava/lang/Appendable;)V 441 <appendix> member <vmtarget> ; # org/openqa/selenium/json/JsonOutput$$Lambda+0x00000156d31d6f70
instanceKlass  @bci org/openqa/selenium/json/JsonOutput <init> (Ljava/lang/Appendable;)V 435 <appendix> member <vmtarget> ; # org/openqa/selenium/json/JsonOutput$$Lambda+0x00000156d31d6d20
instanceKlass  @bci org/openqa/selenium/json/JsonOutput <init> (Ljava/lang/Appendable;)V 422 <appendix> member <vmtarget> ; # org/openqa/selenium/json/JsonOutput$$Lambda+0x00000156d31d6b00
instanceKlass  @bci org/openqa/selenium/json/JsonOutput <init> (Ljava/lang/Appendable;)V 416 <appendix> member <vmtarget> ; # org/openqa/selenium/json/JsonOutput$$Lambda+0x00000156d31d68b0
instanceKlass  @bci org/openqa/selenium/json/JsonOutput <init> (Ljava/lang/Appendable;)V 403 <appendix> member <vmtarget> ; # org/openqa/selenium/json/JsonOutput$$Lambda+0x00000156d31d6690
instanceKlass  @bci org/openqa/selenium/json/JsonOutput <init> (Ljava/lang/Appendable;)V 397 <appendix> member <vmtarget> ; # org/openqa/selenium/json/JsonOutput$$Lambda+0x00000156d31d6440
instanceKlass  @bci org/openqa/selenium/json/JsonOutput <init> (Ljava/lang/Appendable;)V 384 <appendix> member <vmtarget> ; # org/openqa/selenium/json/JsonOutput$$Lambda+0x00000156d31d6220
instanceKlass  @bci org/openqa/selenium/json/JsonOutput <init> (Ljava/lang/Appendable;)V 368 <appendix> member <vmtarget> ; # org/openqa/selenium/json/JsonOutput$$Lambda+0x00000156d31d6000
instanceKlass  @bci org/openqa/selenium/json/JsonOutput <init> (Ljava/lang/Appendable;)V 362 <appendix> member <vmtarget> ; # org/openqa/selenium/json/JsonOutput$$Lambda+0x00000156d31d3be8
instanceKlass  @bci org/openqa/selenium/json/JsonOutput <init> (Ljava/lang/Appendable;)V 343 <appendix> member <vmtarget> ; # org/openqa/selenium/json/JsonOutput$$Lambda+0x00000156d31d39c8
instanceKlass  @bci org/openqa/selenium/json/JsonOutput <init> (Ljava/lang/Appendable;)V 337 <appendix> member <vmtarget> ; # org/openqa/selenium/json/JsonOutput$$Lambda+0x00000156d31d3778
instanceKlass  @bci org/openqa/selenium/json/JsonOutput <init> (Ljava/lang/Appendable;)V 318 <appendix> member <vmtarget> ; # org/openqa/selenium/json/JsonOutput$$Lambda+0x00000156d31d3558
instanceKlass  @bci org/openqa/selenium/json/JsonOutput <init> (Ljava/lang/Appendable;)V 312 <appendix> member <vmtarget> ; # org/openqa/selenium/json/JsonOutput$$Lambda+0x00000156d31d3308
instanceKlass  @bci org/openqa/selenium/json/JsonOutput <init> (Ljava/lang/Appendable;)V 293 <appendix> member <vmtarget> ; # org/openqa/selenium/json/JsonOutput$$Lambda+0x00000156d31d30e8
instanceKlass  @bci org/openqa/selenium/json/JsonOutput <init> (Ljava/lang/Appendable;)V 287 <appendix> member <vmtarget> ; # org/openqa/selenium/json/JsonOutput$$Lambda+0x00000156d31d2e98
instanceKlass  @bci org/openqa/selenium/json/JsonOutput <init> (Ljava/lang/Appendable;)V 268 <appendix> member <vmtarget> ; # org/openqa/selenium/json/JsonOutput$$Lambda+0x00000156d31d2c78
instanceKlass  @bci org/openqa/selenium/json/JsonOutput <init> (Ljava/lang/Appendable;)V 262 <appendix> member <vmtarget> ; # org/openqa/selenium/json/JsonOutput$$Lambda+0x00000156d31d2a28
instanceKlass  @bci org/openqa/selenium/json/JsonOutput <init> (Ljava/lang/Appendable;)V 243 <appendix> member <vmtarget> ; # org/openqa/selenium/json/JsonOutput$$Lambda+0x00000156d31d2808
instanceKlass  @bci org/openqa/selenium/json/JsonOutput <init> (Ljava/lang/Appendable;)V 237 <appendix> member <vmtarget> ; # org/openqa/selenium/json/JsonOutput$$Lambda+0x00000156d31d25b8
instanceKlass  @bci org/openqa/selenium/json/JsonOutput <init> (Ljava/lang/Appendable;)V 218 <appendix> member <vmtarget> ; # org/openqa/selenium/json/JsonOutput$$Lambda+0x00000156d31d2398
instanceKlass  @bci org/openqa/selenium/json/JsonOutput <init> (Ljava/lang/Appendable;)V 212 <appendix> member <vmtarget> ; # org/openqa/selenium/json/JsonOutput$$Lambda+0x00000156d31d2148
instanceKlass  @bci org/openqa/selenium/json/JsonOutput <init> (Ljava/lang/Appendable;)V 193 <appendix> member <vmtarget> ; # org/openqa/selenium/json/JsonOutput$$Lambda+0x00000156d31d1f28
instanceKlass  @bci org/openqa/selenium/json/JsonOutput <init> (Ljava/lang/Appendable;)V 187 <appendix> member <vmtarget> ; # org/openqa/selenium/json/JsonOutput$$Lambda+0x00000156d31d1cd8
instanceKlass  @bci org/openqa/selenium/json/JsonOutput <init> (Ljava/lang/Appendable;)V 168 <appendix> member <vmtarget> ; # org/openqa/selenium/json/JsonOutput$$Lambda+0x00000156d31d1ab8
instanceKlass  @bci org/openqa/selenium/json/JsonOutput <init> (Ljava/lang/Appendable;)V 162 <appendix> member <vmtarget> ; # org/openqa/selenium/json/JsonOutput$$Lambda+0x00000156d31d1868
instanceKlass  @bci org/openqa/selenium/json/JsonOutput <init> (Ljava/lang/Appendable;)V 143 <appendix> member <vmtarget> ; # org/openqa/selenium/json/JsonOutput$$Lambda+0x00000156d31d1648
instanceKlass  @bci org/openqa/selenium/json/JsonOutput <init> (Ljava/lang/Appendable;)V 137 <appendix> member <vmtarget> ; # org/openqa/selenium/json/JsonOutput$$Lambda+0x00000156d31d13f8
instanceKlass  @bci org/openqa/selenium/json/JsonOutput <init> (Ljava/lang/Appendable;)V 118 <appendix> member <vmtarget> ; # org/openqa/selenium/json/JsonOutput$$Lambda+0x00000156d31d11d8
instanceKlass  @bci org/openqa/selenium/json/JsonOutput <init> (Ljava/lang/Appendable;)V 112 <appendix> member <vmtarget> ; # org/openqa/selenium/json/JsonOutput$$Lambda+0x00000156d31d0f88
instanceKlass  @bci org/openqa/selenium/json/JsonOutput <init> (Ljava/lang/Appendable;)V 93 <appendix> member <vmtarget> ; # org/openqa/selenium/json/JsonOutput$$Lambda+0x00000156d31d0d68
instanceKlass  @cpi org/openqa/selenium/json/JsonOutput 707 form vmentry <vmtarget> ; # java/lang/invoke/LambdaForm$DMH+0x00000156d31d4000
instanceKlass org/openqa/selenium/json/JsonOutput$DepthAwareConsumer
instanceKlass  @bci org/openqa/selenium/json/JsonOutput <init> (Ljava/lang/Appendable;)V 87 <appendix> argL0 ; # org/openqa/selenium/json/JsonOutput$$Lambda+0x00000156d31d0b20
instanceKlass org/openqa/selenium/json/JsonOutput$Node
instanceKlass  @bci org/openqa/selenium/json/JsonOutput <init> (Ljava/lang/Appendable;)V 42 <appendix> member <vmtarget> ; # org/openqa/selenium/json/JsonOutput$$Lambda+0x00000156d31d04d0
instanceKlass  @bci org/openqa/selenium/json/JsonOutput <clinit> ()V 34 <appendix> argL0 ; # org/openqa/selenium/json/JsonOutput$$Lambda+0x00000156d31d0288
instanceKlass org/openqa/selenium/json/JsonOutput
instanceKlass org/openqa/selenium/remote/http/Contents$Supplier
instanceKlass org/openqa/selenium/remote/http/Contents
instanceKlass  @bci org/openqa/selenium/remote/NewSessionPayload create (Ljava/util/Collection;)Lorg/openqa/selenium/remote/NewSessionPayload; 10 <appendix> argL0 ; # org/openqa/selenium/remote/NewSessionPayload$$Lambda+0x00000156d31cdaa0
instanceKlass org/openqa/selenium/remote/CommandCodec
instanceKlass org/openqa/selenium/remote/ResponseCodec
instanceKlass org/openqa/selenium/remote/NewSessionPayload
instanceKlass org/openqa/selenium/remote/ProtocolHandshake
instanceKlass sun/net/www/http/KeepAliveEntry
instanceKlass sun/net/www/http/KeepAliveCache$1
instanceKlass sun/net/www/http/KeepAliveStreamCleaner$2
instanceKlass sun/net/www/http/KeepAliveStreamCleaner$1
instanceKlass sun/net/www/http/Hurryable
instanceKlass sun/net/www/protocol/http/AuthCacheValue
instanceKlass sun/net/util/SocketExceptions
instanceKlass sun/net/www/http/HttpCapture$1
instanceKlass sun/net/www/http/HttpCapture
instanceKlass sun/net/www/http/KeepAliveKey
instanceKlass sun/net/NetworkClient$1
instanceKlass sun/net/NetworkClient
instanceKlass sun/net/www/protocol/http/HttpURLConnection$7
instanceKlass java/net/ResponseCache
instanceKlass sun/net/www/protocol/http/HttpURLConnection$3
instanceKlass java/net/CookieHandler
instanceKlass sun/net/www/protocol/http/HttpURLConnection$2
instanceKlass  @bci sun/net/www/protocol/http/AuthCacheImpl getAuthCacheFor (Ljava/net/Authenticator;)Lsun/net/www/protocol/http/AuthCacheImpl; 4 <appendix> argL0 ; # sun/net/www/protocol/http/AuthCacheImpl$$Lambda+0x00000156d31a0c48
instanceKlass sun/net/www/protocol/http/AuthCacheImpl
instanceKlass sun/net/www/protocol/http/AuthCache
instanceKlass sun/util/logging/PlatformLogger
instanceKlass  @bci sun/net/www/protocol/http/HttpURLConnection getNetProperty (Ljava/lang/String;)Ljava/lang/String; 1 <appendix> member <vmtarget> ; # sun/net/www/protocol/http/HttpURLConnection$$Lambda+0x00000156d319fed8
instanceKlass java/util/concurrent/FutureTask$WaitNode
instanceKlass java/util/concurrent/FutureTask
instanceKlass java/util/concurrent/RunnableFuture
instanceKlass  @bci org/openqa/selenium/net/UrlChecker waitUntilAvailable (JLjava/util/concurrent/TimeUnit;[Ljava/net/URL;)V 27 <appendix> member <vmtarget> ; # org/openqa/selenium/net/UrlChecker$$Lambda+0x00000156d31cf328
instanceKlass  @bci org/openqa/selenium/net/UrlChecker <clinit> ()V 22 <appendix> argL0 ; # org/openqa/selenium/net/UrlChecker$$Lambda+0x00000156d31cf110
instanceKlass org/openqa/selenium/net/UrlChecker
instanceKlass  @bci org/openqa/selenium/remote/service/DriverService start ()V 167 <appendix> member <vmtarget> ; # org/openqa/selenium/remote/service/DriverService$$Lambda+0x00000156d31cece0
instanceKlass  @bci org/openqa/selenium/remote/service/DriverService start ()V 153 <appendix> member <vmtarget> ; # org/openqa/selenium/remote/service/DriverService$$Lambda+0x00000156d31ceac0
instanceKlass  @bci org/openqa/selenium/remote/service/DriverService start ()V 134 <appendix> member <vmtarget> ; # org/openqa/selenium/remote/service/DriverService$$Lambda+0x00000156d31ce650
instanceKlass  @cpi org/openqa/selenium/remote/service/DriverService 477 form vmentry <vmtarget> ; # java/lang/invoke/LambdaForm$DMH+0x00000156d31cc800
instanceKlass org/openqa/selenium/remote/Command
instanceKlass org/openqa/selenium/remote/CommandPayload
instanceKlass org/openqa/selenium/remote/DriverCommand
instanceKlass  @bci java/util/function/Predicate or (Ljava/util/function/Predicate;)Ljava/util/function/Predicate; 7 <appendix> member <vmtarget> ; # java/util/function/Predicate$$Lambda+0x00000156d319e1f0
instanceKlass  @cpi java/util/function/Predicate 78 form vmentry <vmtarget> ; # java/lang/invoke/LambdaForm$DMH+0x00000156d31cc400
instanceKlass  @bci java/util/regex/Pattern asPredicate ()Ljava/util/function/Predicate; 1 <appendix> member <vmtarget> ; # java/util/regex/Pattern$$Lambda+0x00000156d319dfa0
instanceKlass  @bci java/util/regex/CharPredicates ASCII_WORD ()Ljava/util/regex/Pattern$BmpCharPredicate; 0 <appendix> argL0 ; # java/util/regex/CharPredicates$$Lambda+0x00000156d319dd18
instanceKlass  @bci org/openqa/selenium/AcceptedW3CCapabilityKeys <clinit> ()V 99 <appendix> argL0 ; # org/openqa/selenium/AcceptedW3CCapabilityKeys$$Lambda+0x00000156d31cb8e0
instanceKlass  @cpi org/openqa/selenium/AcceptedW3CCapabilityKeys 113 form vmentry <vmtarget> ; # java/lang/invoke/LambdaForm$DMH+0x00000156d31cc000
instanceKlass  @bci org/openqa/selenium/AcceptedW3CCapabilityKeys <clinit> ()V 94 <appendix> argL0 ; # org/openqa/selenium/AcceptedW3CCapabilityKeys$$Lambda+0x00000156d31cb698
instanceKlass  @bci org/openqa/selenium/AcceptedW3CCapabilityKeys <clinit> ()V 84 <appendix> argL0 ; # org/openqa/selenium/AcceptedW3CCapabilityKeys$$Lambda+0x00000156d31cb460
instanceKlass  @bci org/openqa/selenium/AcceptedW3CCapabilityKeys <clinit> ()V 74 <appendix> argL0 ; # org/openqa/selenium/AcceptedW3CCapabilityKeys$$Lambda+0x00000156d31cb228
instanceKlass org/openqa/selenium/AcceptedW3CCapabilityKeys
instanceKlass  @bci org/openqa/selenium/remote/RemoteWebDriver checkNonW3CCapabilities (Lorg/openqa/selenium/Capabilities;)V 16 <appendix> argL0 ; # org/openqa/selenium/remote/RemoteWebDriver$$Lambda+0x00000156d31cad88
instanceKlass java/util/TreeMap$TreeMapSpliterator
instanceKlass org/openqa/selenium/remote/RemoteLogs
instanceKlass org/openqa/selenium/remote/RemoteExecuteMethod
instanceKlass org/openqa/selenium/WrapsDriver
instanceKlass org/openqa/selenium/remote/JsonToWebElementConverter
instanceKlass java/util/logging/ErrorManager
instanceKlass org/openqa/selenium/remote/UselessFileDetector
instanceKlass  @bci org/openqa/selenium/remote/ErrorCodes <clinit> ()V 730 <appendix> argL0 ; # org/openqa/selenium/remote/ErrorCodes$$Lambda+0x00000156d31ca050
instanceKlass org/openqa/selenium/remote/ErrorCodes$KnownError
instanceKlass org/openqa/selenium/remote/ErrorCodes
instanceKlass org/openqa/selenium/remote/ErrorHandler
instanceKlass org/openqa/selenium/WebElement
instanceKlass org/openqa/selenium/By$Remotable$Parameters
instanceKlass org/openqa/selenium/internal/Require$ArgumentChecker
instanceKlass org/openqa/selenium/By$Remotable
instanceKlass java/nio/channels/spi/AbstractSelector$1
instanceKlass org/openqa/selenium/By
instanceKlass jdk/internal/net/http/common/Log
instanceKlass org/openqa/selenium/remote/ElementLocation
instanceKlass  @bci org/openqa/selenium/remote/service/DriverCommandExecutor <init> (Lorg/openqa/selenium/remote/service/DriverService;Ljava/util/Map;Lorg/openqa/selenium/remote/http/ClientConfig;)V 16 <appendix> argL0 ; # org/openqa/selenium/remote/service/DriverCommandExecutor$$Lambda+0x00000156d3133ac8
instanceKlass jdk/internal/net/http/RedirectFilter
instanceKlass jdk/internal/net/http/AuthenticationFilter
instanceKlass jdk/internal/net/http/HeaderFilter
instanceKlass jdk/internal/net/http/FilterFactory
instanceKlass java/nio/BufferMismatch
instanceKlass java/nio/channels/spi/AbstractInterruptibleChannel$1
instanceKlass sun/nio/ch/Interruptible
instanceKlass  @bci sun/nio/ch/UnixDomainSocketsUtil getTempDir ()Ljava/lang/String; 0 <appendix> argL0 ; # sun/nio/ch/UnixDomainSocketsUtil$$Lambda+0x00000156d319a8c8
instanceKlass sun/nio/ch/UnixDomainSocketsUtil
instanceKlass sun/nio/ch/UnixDomainSockets
instanceKlass sun/nio/ch/PipeImpl$Initializer$LoopbackConnector
instanceKlass sun/nio/ch/PipeImpl$Initializer
instanceKlass java/nio/channels/Pipe
instanceKlass sun/nio/ch/WEPoll
instanceKlass sun/nio/ch/Util$2
instanceKlass  @bci sun/nio/ch/DefaultSelectorProvider <clinit> ()V 0 <appendix> argL0 ; # sun/nio/ch/DefaultSelectorProvider$$Lambda+0x00000156d3198ba0
instanceKlass sun/nio/ch/DefaultSelectorProvider
instanceKlass  @bci java/nio/channels/spi/SelectorProvider$Holder provider ()Ljava/nio/channels/spi/SelectorProvider; 0 <appendix> argL0 ; # java/nio/channels/spi/SelectorProvider$Holder$$Lambda+0x00000156d31982e8
instanceKlass java/nio/channels/spi/SelectorProvider$Holder
instanceKlass java/nio/channels/spi/SelectorProvider
instanceKlass java/nio/channels/Selector
instanceKlass  @bci jdk/internal/net/http/common/Utils getIntegerProperty (Ljava/lang/String;I)I 2 <appendix> member <vmtarget> ; # jdk/internal/net/http/common/Utils$$Lambda+0x00000156d31c20a8
instanceKlass jdk/internal/net/http/ConnectionPool$ExpiryList
instanceKlass  @bci jdk/internal/net/http/ConnectionPool <init> (Ljava/lang/String;Ljdk/internal/net/http/common/TimeLine;)V 6 <appendix> member <vmtarget> ; # jdk/internal/net/http/ConnectionPool$$Lambda+0x00000156d31c1970
instanceKlass jdk/internal/net/http/common/TimeSource$NanoSource
instanceKlass jdk/internal/net/http/common/TimeSource
instanceKlass jdk/internal/net/http/common/FlowTube$TubePublisher
instanceKlass jdk/internal/net/http/common/FlowTube$TubeSubscriber
instanceKlass jdk/internal/net/http/common/TimeLine
instanceKlass jdk/internal/net/http/ConnectionPool
instanceKlass sun/security/ssl/SSLConfiguration$1
instanceKlass javax/net/ssl/SSLParameters
instanceKlass sun/security/ssl/SessionId
instanceKlass java/security/spec/MGF1ParameterSpec
instanceKlass sun/security/ec/ParametersMap$1
instanceKlass  @bci sun/security/ec/ed/EdDSAParameters <clinit> ()V 268 <appendix> argL0 ; # sun/security/ec/ed/EdDSAParameters$$Lambda+0x00000156d3194c80
instanceKlass sun/security/ec/ed/EdDSAParameters$SHAKE256DigesterFactory
instanceKlass sun/security/ec/point/ProjectivePoint
instanceKlass  @bci sun/security/ec/ed/EdDSAParameters <clinit> ()V 117 <appendix> argL0 ; # sun/security/ec/ed/EdDSAParameters$$Lambda+0x00000156d31939b0
instanceKlass sun/security/ec/ed/EdDSAParameters$SHA512DigesterFactory
instanceKlass sun/security/ec/ed/EdDSAParameters$DigesterFactory
instanceKlass sun/security/ec/point/ExtendedHomogeneousPoint
instanceKlass sun/security/ec/point/ImmutablePoint
instanceKlass sun/security/ec/point/Point
instanceKlass sun/security/ec/point/AffinePoint
instanceKlass sun/security/util/math/intpoly/IntegerPolynomial$Limb
instanceKlass sun/security/util/math/SmallValue
instanceKlass sun/security/ec/ed/EdECOperations
instanceKlass sun/security/util/math/intpoly/IntegerPolynomial$Element
instanceKlass sun/security/util/math/ImmutableIntegerModuloP
instanceKlass sun/security/util/math/IntegerModuloP
instanceKlass sun/security/util/math/intpoly/IntegerPolynomial
instanceKlass sun/security/util/math/IntegerFieldModuloP
instanceKlass sun/security/ec/ParametersMap
instanceKlass sun/security/ec/ed/EdDSAParameters
instanceKlass  @bci sun/security/ec/ed/EdDSASignature <init> (Ljava/security/spec/NamedParameterSpec;)V 27 <appendix> argL0 ; # sun/security/ec/ed/EdDSASignature$$Lambda+0x00000156d3190388
instanceKlass java/security/spec/EdDSAParameterSpec
instanceKlass javax/net/ssl/ExtendedSSLSession
instanceKlass javax/crypto/spec/DHParameterSpec
instanceKlass sun/security/ssl/PredefinedDHParameterSpecs$1
instanceKlass sun/security/ssl/PredefinedDHParameterSpecs
instanceKlass com/sun/security/sasl/Provider$1
instanceKlass  @bci sun/security/provider/certpath/ldap/JdkLDAP <init> ()V 15 <appendix> member <vmtarget> ; # sun/security/provider/certpath/ldap/JdkLDAP$$Lambda+0x00000156d318c120
instanceKlass sun/security/smartcardio/SunPCSC$1
instanceKlass  @bci sun/security/jgss/SunProvider <init> ()V 15 <appendix> member <vmtarget> ; # sun/security/jgss/SunProvider$$Lambda+0x00000156d31c0228
instanceKlass sun/security/mscapi/SunMSCAPI$2
instanceKlass sun/security/mscapi/SunMSCAPI$1
instanceKlass com/sun/security/sasl/gsskerb/JdkSASL$1
instanceKlass  @bci sun/security/pkcs11/SunPKCS11 register (Lsun/security/pkcs11/SunPKCS11$Descriptor;)V 27 <appendix> argL0 ; # sun/security/pkcs11/SunPKCS11$$Lambda+0x00000156d314e1f8
instanceKlass sun/security/pkcs11/SunPKCS11$Descriptor
instanceKlass javax/security/auth/callback/CallbackHandler
instanceKlass javax/security/auth/Subject
instanceKlass org/jcp/xml/dsig/internal/dom/XMLDSigRI$2
instanceKlass org/jcp/xml/dsig/internal/dom/XMLDSigRI$1
instanceKlass sun/security/jca/ProviderConfig$ProviderLoader
instanceKlass sun/security/jca/ProviderConfig$3
instanceKlass sun/security/ssl/NamedGroup$SupportedGroups
instanceKlass sun/security/ssl/SSLConfiguration$CustomizedClientSignatureSchemes
instanceKlass javax/crypto/KeyGeneratorSpi
instanceKlass javax/crypto/KeyGenerator
instanceKlass sun/security/ssl/SSLConfiguration
instanceKlass sun/security/ssl/SSLCipher$SSLWriteCipher
instanceKlass sun/security/ssl/KeyUpdate$KeyUpdateProducer
instanceKlass sun/security/ssl/KeyUpdate$KeyUpdateConsumer
instanceKlass sun/security/ssl/KeyUpdate$KeyUpdateKickstartProducer
instanceKlass sun/security/ssl/KeyUpdate
instanceKlass sun/security/ssl/CertificateStatus$CertificateStatusAbsence
instanceKlass sun/security/ssl/HandshakeAbsence
instanceKlass sun/security/ssl/CertificateStatus$CertificateStatusProducer
instanceKlass sun/security/ssl/CertificateStatus$CertificateStatusConsumer
instanceKlass sun/security/ssl/CertificateStatus
instanceKlass sun/security/ssl/Finished$T13FinishedProducer
instanceKlass sun/security/ssl/Finished$T13FinishedConsumer
instanceKlass sun/security/ssl/Finished$T12FinishedProducer
instanceKlass sun/security/ssl/Finished$T12FinishedConsumer
instanceKlass sun/security/ssl/Finished
instanceKlass sun/security/ssl/ClientKeyExchange$ClientKeyExchangeProducer
instanceKlass sun/security/ssl/ClientKeyExchange$ClientKeyExchangeConsumer
instanceKlass sun/security/ssl/ClientKeyExchange
instanceKlass sun/security/ssl/CertificateVerify$T13CertificateVerifyProducer
instanceKlass sun/security/ssl/CertificateVerify$T13CertificateVerifyConsumer
instanceKlass sun/security/ssl/CertificateVerify$T12CertificateVerifyProducer
instanceKlass sun/security/ssl/CertificateVerify$T12CertificateVerifyConsumer
instanceKlass sun/security/ssl/CertificateVerify$T10CertificateVerifyProducer
instanceKlass sun/security/ssl/CertificateVerify$T10CertificateVerifyConsumer
instanceKlass sun/security/ssl/CertificateVerify$S30CertificateVerifyProducer
instanceKlass sun/security/ssl/CertificateVerify$S30CertificateVerifyConsumer
instanceKlass sun/security/ssl/CertificateVerify
instanceKlass sun/security/ssl/ServerHelloDone$ServerHelloDoneProducer
instanceKlass sun/security/ssl/ServerHelloDone$ServerHelloDoneConsumer
instanceKlass sun/security/ssl/ServerHelloDone
instanceKlass sun/security/ssl/CertificateRequest$T13CertificateRequestProducer
instanceKlass sun/security/ssl/CertificateRequest$T13CertificateRequestConsumer
instanceKlass sun/security/ssl/CertificateRequest$T12CertificateRequestProducer
instanceKlass sun/security/ssl/CertificateRequest$T12CertificateRequestConsumer
instanceKlass sun/security/ssl/CertificateRequest$T10CertificateRequestProducer
instanceKlass sun/security/ssl/CertificateRequest$T10CertificateRequestConsumer
instanceKlass sun/security/ssl/CertificateRequest
instanceKlass sun/security/ssl/ServerKeyExchange$ServerKeyExchangeProducer
instanceKlass sun/security/ssl/ServerKeyExchange$ServerKeyExchangeConsumer
instanceKlass sun/security/ssl/ServerKeyExchange
instanceKlass sun/security/ssl/CertificateMessage$T13CertificateProducer
instanceKlass sun/security/ssl/CertificateMessage$T13CertificateConsumer
instanceKlass sun/security/ssl/CertificateMessage$T12CertificateProducer
instanceKlass sun/security/ssl/CertificateMessage$T12CertificateConsumer
instanceKlass sun/security/ssl/CertificateMessage
instanceKlass sun/security/ssl/EncryptedExtensions$EncryptedExtensionsConsumer
instanceKlass sun/security/ssl/EncryptedExtensions$EncryptedExtensionsProducer
instanceKlass sun/security/ssl/EncryptedExtensions
instanceKlass sun/security/ssl/NewSessionTicket$T12NewSessionTicketProducer
instanceKlass sun/security/ssl/NewSessionTicket$T13NewSessionTicketProducer
instanceKlass sun/security/ssl/NewSessionTicket$T12NewSessionTicketConsumer
instanceKlass sun/security/ssl/NewSessionTicket$T13NewSessionTicketConsumer
instanceKlass sun/security/ssl/NewSessionTicket
instanceKlass sun/security/ssl/HelloVerifyRequest$HelloVerifyRequestProducer
instanceKlass sun/security/ssl/HelloVerifyRequest$HelloVerifyRequestConsumer
instanceKlass sun/security/ssl/HelloVerifyRequest
instanceKlass sun/security/ssl/ServerHello$T13HelloRetryRequestConsumer
instanceKlass sun/security/ssl/ServerHello$T13ServerHelloConsumer
instanceKlass sun/security/ssl/ServerHello$T12ServerHelloConsumer
instanceKlass sun/security/ssl/ServerHello$T13HelloRetryRequestReproducer
instanceKlass sun/security/ssl/ServerHello$T13HelloRetryRequestProducer
instanceKlass sun/security/ssl/ServerHello$T13ServerHelloProducer
instanceKlass sun/security/ssl/ServerHello$T12ServerHelloProducer
instanceKlass sun/security/ssl/ServerHello$ServerHelloConsumer
instanceKlass sun/security/ssl/ServerHello
instanceKlass sun/security/ssl/ClientHello$D13ClientHelloConsumer
instanceKlass sun/security/ssl/ClientHello$D12ClientHelloConsumer
instanceKlass sun/security/ssl/ClientHello$T13ClientHelloConsumer
instanceKlass sun/security/ssl/ClientHello$T12ClientHelloConsumer
instanceKlass sun/security/ssl/HandshakeConsumer
instanceKlass sun/security/ssl/ClientHello$ClientHelloProducer
instanceKlass sun/security/ssl/ClientHello$ClientHelloConsumer
instanceKlass sun/security/ssl/ClientHello$ClientHelloKickstartProducer
instanceKlass sun/security/ssl/ClientHello
instanceKlass sun/security/ssl/HelloRequest$HelloRequestProducer
instanceKlass sun/security/ssl/HelloRequest$HelloRequestConsumer
instanceKlass sun/security/ssl/HelloRequest$HelloRequestKickstartProducer
instanceKlass sun/security/ssl/SSLProducer
instanceKlass sun/security/ssl/HelloRequest
instanceKlass sun/security/ssl/HandshakeProducer
instanceKlass sun/security/ssl/SSLConsumer
instanceKlass sun/security/ssl/Authenticator$MacImpl
instanceKlass sun/security/ssl/Authenticator$MAC
instanceKlass sun/security/ssl/Authenticator
instanceKlass sun/security/ssl/SSLCipher$SSLReadCipher
instanceKlass sun/security/ssl/InputRecord
instanceKlass sun/security/ssl/SSLRecord
instanceKlass sun/security/ssl/Record
instanceKlass sun/security/ssl/TransportContext
instanceKlass sun/security/ssl/ConnectionContext
instanceKlass sun/security/ssl/HandshakeHash$CacheOnlyHash
instanceKlass sun/security/ssl/HandshakeHash$TranscriptHash
instanceKlass sun/security/ssl/HandshakeHash
instanceKlass sun/security/ssl/SSLTransport
instanceKlass javax/net/SocketFactory
instanceKlass  @bci jdk/internal/net/http/HttpClientImpl getDefaultProxySelector ()Ljava/net/ProxySelector; 0 <appendix> argL0 ; # jdk/internal/net/http/HttpClientImpl$$Lambda+0x00000156d314c730
instanceKlass  @bci jdk/internal/net/http/HttpClientImpl <init> (Ljdk/internal/net/http/HttpClientBuilderImpl;Ljdk/internal/net/http/HttpClientImpl$SingleFacadeFactory;)V 475 <appendix> argL0 ; # jdk/internal/net/http/HttpClientImpl$$Lambda+0x00000156d313fc08
instanceKlass  @bci jdk/internal/net/http/Http2ClientImpl <clinit> ()V 3 <appendix> member <vmtarget> ; # jdk/internal/net/http/Http2ClientImpl$$Lambda+0x00000156d313f9e8
instanceKlass jdk/internal/net/http/Http2ClientImpl
instanceKlass  @bci jdk/internal/net/http/HttpClientFacade <init> (Ljdk/internal/net/http/HttpClientImpl;)V 19 <appendix> member <vmtarget> ; # jdk/internal/net/http/HttpClientFacade$$Lambda+0x00000156d313f578
instanceKlass  @bci jdk/internal/net/http/HttpClientImpl <init> (Ljdk/internal/net/http/HttpClientBuilderImpl;Ljdk/internal/net/http/HttpClientImpl$SingleFacadeFactory;)V 371 <appendix> member <vmtarget> ; # jdk/internal/net/http/HttpClientImpl$$Lambda+0x00000156d313f348
instanceKlass  @bci jdk/internal/net/http/HttpClientImpl <init> (Ljdk/internal/net/http/HttpClientBuilderImpl;Ljdk/internal/net/http/HttpClientImpl$SingleFacadeFactory;)V 363 <appendix> member <vmtarget> ; # jdk/internal/net/http/HttpClientImpl$$Lambda+0x00000156d313f128
instanceKlass java/util/function/BooleanSupplier
instanceKlass jdk/internal/net/http/HttpClientImpl$DelegatingExecutor
instanceKlass  @bci sun/security/ssl/SSLContextImpl engineInit ([Ljavax/net/ssl/KeyManager;[Ljavax/net/ssl/TrustManager;Ljava/security/SecureRandom;)V 57 <appendix> argL0 ; # sun/security/ssl/SSLContextImpl$$Lambda+0x00000156d315c5d8
instanceKlass javax/net/ssl/X509ExtendedKeyManager
instanceKlass javax/net/ssl/X509KeyManager
instanceKlass javax/net/ssl/KeyManager
instanceKlass javax/net/ssl/KeyManagerFactorySpi
instanceKlass  @bci javax/net/ssl/KeyManagerFactory getDefaultAlgorithm ()Ljava/lang/String; 0 <appendix> argL0 ; # javax/net/ssl/KeyManagerFactory$$Lambda+0x00000156d315b280
instanceKlass javax/net/ssl/KeyManagerFactory
instanceKlass sun/security/ssl/SSLContextImpl$DefaultManagersHolder$1
instanceKlass javax/net/ssl/X509ExtendedTrustManager
instanceKlass javax/net/ssl/X509TrustManager
instanceKlass javax/net/ssl/TrustManager
instanceKlass sun/security/validator/TrustStoreUtil
instanceKlass sun/security/x509/AccessDescription
instanceKlass sun/security/x509/RFC822Name
instanceKlass sun/security/x509/NetscapeCertTypeExtension$MapEntry
instanceKlass sun/security/x509/DNSName
instanceKlass sun/security/x509/URIName
instanceKlass sun/security/x509/DistributionPoint
instanceKlass java/security/cert/PolicyQualifierInfo
instanceKlass sun/security/x509/CertificatePolicyId
instanceKlass sun/security/x509/PolicyInformation
instanceKlass java/security/interfaces/ECPublicKey
instanceKlass java/security/interfaces/ECKey
instanceKlass sun/security/x509/GeneralName
instanceKlass java/security/PKCS12Attribute
instanceKlass java/security/KeyStore$Entry$Attribute
instanceKlass sun/security/pkcs12/PKCS12KeyStore$Entry
instanceKlass java/util/jar/JarFile$ThreadTrackHolder
instanceKlass jdk/internal/event/EventHelper
instanceKlass sun/security/jca/JCAUtil
instanceKlass sun/security/util/MemoryCache$CacheEntry
instanceKlass sun/security/x509/GeneralNames
instanceKlass sun/security/x509/KeyIdentifier
# instanceKlass java/lang/invoke/LambdaForm$MH+0x00000156d3148400
instanceKlass sun/security/x509/OIDMap$OIDInfo
instanceKlass sun/security/x509/PKIXExtensions
instanceKlass sun/security/x509/OIDMap
instanceKlass sun/security/x509/Extension
instanceKlass java/security/cert/Extension
instanceKlass sun/security/x509/CertificateExtensions
instanceKlass sun/security/rsa/RSAUtil
instanceKlass java/security/interfaces/RSAPublicKey
instanceKlass java/security/interfaces/RSAKey
instanceKlass java/security/spec/PSSParameterSpec
instanceKlass java/security/spec/RSAPrivateKeySpec
instanceKlass java/security/spec/RSAPublicKeySpec
instanceKlass  @bci java/security/spec/EncodedKeySpec <clinit> ()V 0 <appendix> argL0 ; # java/security/spec/EncodedKeySpec$$Lambda+0x00000156d3150a78
instanceKlass jdk/internal/access/JavaSecuritySpecAccess
instanceKlass java/security/spec/EncodedKeySpec
instanceKlass java/security/spec/KeySpec
instanceKlass sun/security/util/BitArray
instanceKlass sun/security/x509/X509Key
instanceKlass java/security/PublicKey
instanceKlass java/security/AsymmetricKey
instanceKlass java/security/Key
instanceKlass sun/security/x509/CertificateX509Key
instanceKlass sun/security/x509/CertificateValidity
instanceKlass sun/security/x509/AVA
instanceKlass sun/security/x509/RDN
instanceKlass javax/security/auth/x500/X500Principal
instanceKlass  @bci sun/security/x509/X500Name <clinit> ()V 153 <appendix> argL0 ; # sun/security/x509/X500Name$$Lambda+0x00000156d317e2e0
instanceKlass sun/security/x509/X500Name
instanceKlass sun/security/x509/GeneralNameInterface
instanceKlass sun/security/x509/CertificateAlgorithmId
instanceKlass sun/security/x509/SerialNumber
instanceKlass sun/security/x509/CertificateSerialNumber
instanceKlass sun/security/x509/CertificateVersion
instanceKlass sun/security/x509/X509CertInfo
instanceKlass sun/security/x509/AlgorithmId
instanceKlass java/security/cert/X509Extension
instanceKlass sun/security/util/Cache$EqualByteArray
instanceKlass java/security/cert/CertificateFactorySpi
instanceKlass java/security/cert/CertificateFactory
instanceKlass sun/security/pkcs/ContentInfo
instanceKlass sun/security/util/IOUtils
instanceKlass sun/security/util/DerInputStream
instanceKlass sun/security/util/DerValue
instanceKlass sun/security/action/OpenFileInputStreamAction
instanceKlass  @bci sun/security/util/KeyStoreDelegator <init> (Ljava/lang/String;Ljava/lang/Class;Ljava/lang/String;Ljava/lang/Class;)V 4 <appendix> argL0 ; # sun/security/util/KeyStoreDelegator$$Lambda+0x00000156d317ab18
instanceKlass java/security/KeyStoreSpi
instanceKlass  @bci java/security/KeyStore getDefaultType ()Ljava/lang/String; 0 <appendix> argL0 ; # java/security/KeyStore$$Lambda+0x00000156d3179848
instanceKlass java/security/KeyStore
instanceKlass sun/security/ssl/TrustStoreManager$TrustStoreDescriptor$1
instanceKlass sun/security/util/FilePaths
instanceKlass sun/security/ssl/TrustStoreManager$TrustStoreDescriptor
instanceKlass sun/security/ssl/TrustStoreManager$TrustAnchorManager
instanceKlass sun/security/ssl/TrustStoreManager
instanceKlass javax/net/ssl/TrustManagerFactorySpi
instanceKlass  @bci javax/net/ssl/TrustManagerFactory getDefaultAlgorithm ()Ljava/lang/String; 0 <appendix> argL0 ; # javax/net/ssl/TrustManagerFactory$$Lambda+0x00000156d3178370
instanceKlass javax/net/ssl/TrustManagerFactory
instanceKlass sun/security/ssl/SSLContextImpl$DefaultManagersHolder
instanceKlass sun/security/util/Cache
instanceKlass sun/security/ssl/SSLSessionContextImpl
instanceKlass javax/net/ssl/SSLSessionContext
instanceKlass sun/security/ssl/EphemeralKeyManager$EphemeralKeyPair
instanceKlass sun/security/ssl/EphemeralKeyManager
instanceKlass sun/security/ssl/SSLContextImpl$CustomizedSSLProtocols
instanceKlass java/security/spec/NamedParameterSpec
instanceKlass sun/security/util/ECKeySizeParameterSpec
instanceKlass java/security/AlgorithmParametersSpi
instanceKlass java/security/AlgorithmParameters
instanceKlass sun/security/util/ECUtil
instanceKlass java/security/KeyPairGeneratorSpi
instanceKlass java/security/KeyFactorySpi
instanceKlass java/security/KeyFactory
instanceKlass javax/crypto/KeyAgreement
instanceKlass java/security/Signature$1
instanceKlass jdk/internal/access/JavaSecuritySignatureAccess
instanceKlass java/security/SignatureSpi
instanceKlass sun/security/ssl/JsseJce$EcAvailability
instanceKlass sun/security/ssl/SSLAlgorithmDecomposer$1
instanceKlass sun/security/ssl/Utilities
instanceKlass sun/security/ssl/JsseJce
instanceKlass sun/security/ssl/NamedGroup$XDHScheme
instanceKlass sun/security/ssl/NamedGroup$FFDHEScheme
instanceKlass sun/security/ssl/NamedGroup$ECDHEScheme
instanceKlass sun/security/ssl/NamedGroup$NamedGroupScheme
instanceKlass sun/security/ssl/SSLCipher$1
instanceKlass sun/security/ssl/SSLCipher$T13CC20P1305WriteCipherGenerator
instanceKlass sun/security/ssl/SSLCipher$T12CC20P1305WriteCipherGenerator
instanceKlass sun/security/ssl/SSLCipher$T13CC20P1305ReadCipherGenerator
instanceKlass sun/security/ssl/SSLCipher$T12CC20P1305ReadCipherGenerator
instanceKlass sun/security/ssl/SSLCipher$T13GcmWriteCipherGenerator
instanceKlass sun/security/ssl/SSLCipher$T13GcmReadCipherGenerator
instanceKlass sun/security/ssl/SSLCipher$T12GcmWriteCipherGenerator
instanceKlass sun/security/ssl/SSLCipher$T12GcmReadCipherGenerator
instanceKlass com/sun/crypto/provider/AESConstants
instanceKlass java/util/Vector$1
instanceKlass  @bci javax/crypto/JceSecurityManager <clinit> ()V 67 <appendix> argL0 ; # javax/crypto/JceSecurityManager$$Lambda+0x00000156d316d970
instanceKlass  @bci javax/crypto/JceSecurityManager <clinit> ()V 49 <appendix> argL0 ; # javax/crypto/JceSecurityManager$$Lambda+0x00000156d316d758
instanceKlass javax/crypto/JceSecurityManager
instanceKlass sun/security/ssl/SSLCipher$T11BlockWriteCipherGenerator
instanceKlass sun/security/ssl/SSLCipher$T11BlockReadCipherGenerator
instanceKlass com/sun/crypto/provider/PKCS5Padding
instanceKlass com/sun/crypto/provider/Padding
instanceKlass com/sun/crypto/provider/FeedbackCipher
instanceKlass com/sun/crypto/provider/SymmetricCipher
instanceKlass com/sun/crypto/provider/DESConstants
instanceKlass com/sun/crypto/provider/CipherCore
instanceKlass sun/security/ssl/SSLCipher$T10BlockWriteCipherGenerator
instanceKlass sun/security/ssl/SSLCipher$T10BlockReadCipherGenerator
instanceKlass javax/crypto/CipherSpi
instanceKlass javax/crypto/ProviderVerifier
instanceKlass javax/crypto/JceSecurity$3
instanceKlass javax/crypto/JceSecurity$2
instanceKlass java/util/Vector$Itr
instanceKlass javax/crypto/CryptoPolicyParser$CryptoPermissionEntry
instanceKlass javax/crypto/CryptoPolicyParser$GrantEntry
instanceKlass java/io/StreamTokenizer
instanceKlass javax/crypto/CryptoPolicyParser
instanceKlass java/nio/channels/NetworkChannel
instanceKlass sun/nio/ch/SelChImpl
instanceKlass sun/nio/ch/Streams
instanceKlass java/nio/channels/Channels
instanceKlass sun/nio/ch/FileChannelImpl$Closer
instanceKlass sun/nio/ch/NativeThreadSet
instanceKlass java/nio/channels/spi/AbstractInterruptibleChannel
instanceKlass java/nio/channels/InterruptibleChannel
instanceKlass java/nio/channels/ScatteringByteChannel
instanceKlass java/nio/channels/GatheringByteChannel
instanceKlass java/nio/channels/SeekableByteChannel
instanceKlass java/nio/channels/ByteChannel
instanceKlass java/nio/channels/WritableByteChannel
instanceKlass java/nio/channels/ReadableByteChannel
instanceKlass java/nio/channels/Channel
instanceKlass sun/nio/fs/WindowsSecurityDescriptor
instanceKlass java/nio/file/attribute/FileAttribute
instanceKlass java/nio/file/Files$1
instanceKlass sun/nio/fs/WindowsFileSystem$2
instanceKlass java/nio/file/PathMatcher
instanceKlass  @bci java/util/regex/Pattern negate (Ljava/util/regex/Pattern$CharPredicate;)Ljava/util/regex/Pattern$CharPredicate; 1 <appendix> member <vmtarget> ; # java/util/regex/Pattern$$Lambda+0x800000032
instanceKlass sun/nio/fs/Globs
instanceKlass sun/nio/fs/WindowsChannelFactory$Flags
instanceKlass sun/nio/fs/WindowsChannelFactory$1
instanceKlass sun/nio/fs/WindowsChannelFactory
instanceKlass javax/crypto/JceSecurity$1
instanceKlass javax/crypto/JceSecurity
instanceKlass sun/security/jca/ProviderList$ServiceList$1
instanceKlass sun/security/jca/ServiceId
instanceKlass javax/crypto/Cipher$Transform
instanceKlass javax/crypto/Cipher
instanceKlass sun/security/ssl/SSLCipher$StreamWriteCipherGenerator
instanceKlass sun/security/ssl/SSLCipher$StreamReadCipherGenerator
instanceKlass sun/security/ssl/SSLCipher$NullWriteCipherGenerator
instanceKlass sun/security/ssl/SSLCipher$WriteCipherGenerator
instanceKlass sun/security/ssl/SSLCipher$NullReadCipherGenerator
instanceKlass sun/security/ssl/SSLCipher$ReadCipherGenerator
instanceKlass java/util/AbstractMap$SimpleImmutableEntry
instanceKlass java/time/ZonedDateTime
instanceKlass java/time/chrono/ChronoZonedDateTime
instanceKlass  @bci java/util/regex/CharPredicates ASCII_SPACE ()Ljava/util/regex/Pattern$BmpCharPredicate; 0 <appendix> argL0 ; # java/util/regex/CharPredicates$$Lambda+0x800000027
instanceKlass sun/security/util/DisabledAlgorithmConstraints$Constraints$Holder
instanceKlass java/util/StringTokenizer
instanceKlass sun/security/util/DisabledAlgorithmConstraints$Constraint
instanceKlass sun/security/util/DisabledAlgorithmConstraints$Constraints
instanceKlass sun/security/util/AbstractAlgorithmConstraints$1
instanceKlass sun/security/util/AlgorithmDecomposer
instanceKlass sun/security/util/AbstractAlgorithmConstraints
instanceKlass sun/security/ssl/SSLAlgorithmConstraints
instanceKlass java/security/AlgorithmConstraints
instanceKlass sun/security/ssl/SSLLogger
instanceKlass  @bci sun/security/ssl/SunJSSE registerAlgorithms ()V 1 <appendix> member <vmtarget> ; # sun/security/ssl/SunJSSE$$Lambda+0x00000156d30bbce0
instanceKlass java/security/spec/ECFieldF2m
instanceKlass sun/security/util/ObjectIdentifier
instanceKlass sun/security/util/ByteArrayTagOrder
instanceKlass sun/security/util/ByteArrayLexOrder
instanceKlass sun/security/util/DerEncoder
instanceKlass java/security/spec/ECParameterSpec
instanceKlass java/security/spec/AlgorithmParameterSpec
instanceKlass java/security/spec/ECPoint
instanceKlass java/security/spec/EllipticCurve
instanceKlass java/security/spec/ECFieldFp
instanceKlass java/security/spec/ECField
instanceKlass sun/security/util/CurveDB
instanceKlass sun/security/ec/SunEC$1
instanceKlass sun/security/rsa/SunRsaSignEntries
instanceKlass javax/net/ssl/SSLContextSpi
instanceKlass javax/net/ssl/SSLContext
instanceKlass jdk/internal/net/http/common/HttpBodySubscriberWrapper$1
instanceKlass  @bci jdk/internal/net/http/common/HttpBodySubscriberWrapper <clinit> ()V 16 <appendix> argL0 ; # jdk/internal/net/http/common/HttpBodySubscriberWrapper$$Lambda+0x00000156d313eaa0
instanceKlass java/util/concurrent/Flow$Subscription
instanceKlass jdk/internal/net/http/common/HttpBodySubscriberWrapper
instanceKlass jdk/internal/net/http/ResponseSubscribers$TrustedSubscriber
instanceKlass java/net/http/HttpResponse$BodySubscriber
instanceKlass java/util/concurrent/Flow$Subscriber
instanceKlass  @bci jdk/internal/net/http/HttpConnection <clinit> ()V 41 <appendix> argL0 ; # jdk/internal/net/http/HttpConnection$$Lambda+0x00000156d313e188
instanceKlass  @bci java/util/Comparator comparing (Ljava/util/function/Function;)Ljava/util/Comparator; 6 <appendix> member <vmtarget> ; # java/util/Comparator$$Lambda+0x00000156d30b74a0
instanceKlass  @bci jdk/internal/net/http/HttpConnection <clinit> ()V 30 <appendix> argL0 ; # jdk/internal/net/http/HttpConnection$$Lambda+0x00000156d313df50
instanceKlass  @cpi jdk/internal/net/http/common/HttpBodySubscriberWrapper 227 form vmentry <vmtarget> ; # java/lang/invoke/LambdaForm$DMH+0x00000156d3148000
instanceKlass  @bci jdk/internal/net/http/HttpConnection <clinit> ()V 16 <appendix> argL0 ; # jdk/internal/net/http/HttpConnection$$Lambda+0x00000156d313dd38
instanceKlass jdk/internal/net/http/HttpClientImpl$SSLDirectBufferSupplier
instanceKlass  @bci jdk/internal/net/http/HttpClientImpl <init> (Ljdk/internal/net/http/HttpClientBuilderImpl;Ljdk/internal/net/http/HttpClientImpl$SingleFacadeFactory;)V 38 <appendix> member <vmtarget> ; # jdk/internal/net/http/HttpClientImpl$$Lambda+0x00000156d313c990
instanceKlass  @bci jdk/internal/net/http/HttpClientImpl <init> (Ljdk/internal/net/http/HttpClientBuilderImpl;Ljdk/internal/net/http/HttpClientImpl$SingleFacadeFactory;)V 22 <appendix> member <vmtarget> ; # jdk/internal/net/http/HttpClientImpl$$Lambda+0x00000156d313c770
instanceKlass  @bci jdk/internal/net/http/common/DebugLogger <clinit> ()V 79 <appendix> member <vmtarget> ; # jdk/internal/net/http/common/DebugLogger$$Lambda+0x00000156d313c550
instanceKlass  @bci jdk/internal/net/http/common/DebugLogger <clinit> ()V 56 <appendix> member <vmtarget> ; # jdk/internal/net/http/common/DebugLogger$$Lambda+0x00000156d313c330
instanceKlass  @bci jdk/internal/net/http/common/DebugLogger$LoggerConfig equals (Ljava/lang/Object;)Z 2 <adapter> ; # java/lang/invoke/LambdaForm$MH+0x00000156d3147c00
# instanceKlass java/lang/invoke/LambdaForm$MH+0x00000156d3147800
instanceKlass  @bci jdk/internal/net/http/common/DebugLogger$LoggerConfig equals (Ljava/lang/Object;)Z 2 <appendix> form vmentry <vmtarget> ; # java/lang/invoke/LambdaForm$MH+0x00000156d3147400
instanceKlass  @bci jdk/internal/net/http/common/DebugLogger$LoggerConfig equals (Ljava/lang/Object;)Z 2 <appendix> argL1 form vmentry <vmtarget> ; # java/lang/invoke/LambdaForm$MH+0x00000156d3147000
instanceKlass  @bci jdk/internal/net/http/common/DebugLogger$LoggerConfig equals (Ljava/lang/Object;)Z 2 <appendix> form names 9 function resolvedHandle form vmentry <vmtarget> ; # java/lang/invoke/LambdaForm$MH+0x00000156d3146c00
instanceKlass  @bci jdk/internal/net/http/common/DebugLogger$LoggerConfig equals (Ljava/lang/Object;)Z 2 <appendix> form names 9 function resolvedHandle form names 5 function resolvedHandle form vmentry <vmtarget> ; # java/lang/invoke/LambdaForm$DMH+0x00000156d3146800
instanceKlass java/lang/invoke/MethodHandleImpl$LoopClauses
instanceKlass java/lang/invoke/MethodHandleImpl$CasesHolder
# instanceKlass java/lang/invoke/LambdaForm$MH+0x00000156d3146400
# instanceKlass java/lang/invoke/LambdaForm$MH+0x00000156d3146000
# instanceKlass java/lang/invoke/LambdaForm$MH+0x00000156d3145c00
instanceKlass  @bci jdk/internal/net/http/common/DebugLogger$LoggerConfig equals (Ljava/lang/Object;)Z 2 <appendix> form names 7 function resolvedHandle form vmentry <vmtarget> ; # java/lang/invoke/LambdaForm$DMH+0x00000156d3145800
# instanceKlass java/lang/invoke/LambdaForm$MH+0x00000156d3145400
# instanceKlass java/lang/invoke/LambdaForm$MH+0x00000156d3145000
instanceKlass  @bci java/lang/runtime/ObjectMethods bootstrap (Ljava/lang/invoke/MethodHandles$Lookup;Ljava/lang/String;Ljava/lang/invoke/TypeDescriptor;Ljava/lang/Class;Ljava/lang/String;[Ljava/lang/invoke/MethodHandle;)Ljava/lang/Object; 37 <appendix> argL0 ; # java/lang/runtime/ObjectMethods$$Lambda+0x00000156d30b6ec8
instanceKlass java/lang/invoke/DirectMethodHandle$1
# instanceKlass java/lang/invoke/LambdaForm$DMH+0x00000156d3144c00
# instanceKlass java/lang/invoke/LambdaForm$DMH+0x00000156d3144800
# instanceKlass java/lang/invoke/LambdaForm$DMH+0x00000156d3144400
# instanceKlass java/lang/invoke/LambdaForm$DMH+0x00000156d3144000
# instanceKlass java/lang/invoke/LambdaForm$DMH+0x00000156d3143c00
# instanceKlass java/lang/invoke/LambdaForm$DMH+0x00000156d3143800
# instanceKlass java/lang/invoke/LambdaForm$DMH+0x00000156d3143400
# instanceKlass java/lang/invoke/LambdaForm$DMH+0x00000156d3143000
# instanceKlass java/lang/invoke/LambdaForm$DMH+0x00000156d3142c00
# instanceKlass java/lang/invoke/LambdaForm$DMH+0x00000156d3142800
# instanceKlass java/lang/invoke/LambdaForm$DMH+0x00000156d3142400
instanceKlass java/lang/runtime/ObjectMethods$1
# instanceKlass java/lang/invoke/LambdaForm$MH+0x00000156d3142000
instanceKlass sun/invoke/util/ValueConversions$WrapperCache
# instanceKlass java/lang/invoke/LambdaForm$MH+0x00000156d3141c00
# instanceKlass java/lang/invoke/LambdaForm$MH+0x00000156d3141800
# instanceKlass java/lang/invoke/LambdaForm$MH+0x00000156d3141400
# instanceKlass java/lang/invoke/LambdaForm$MH+0x00000156d3141000
# instanceKlass java/lang/invoke/LambdaForm$MH+0x00000156d3140c00
# instanceKlass java/lang/invoke/LambdaForm$MH+0x00000156d3140800
# instanceKlass java/lang/invoke/LambdaForm$DMH+0x00000156d3140400
# instanceKlass java/lang/invoke/LambdaForm$DMH+0x00000156d3140000
instanceKlass java/lang/invoke/MethodHandleImpl$ArrayAccessor
# instanceKlass java/lang/invoke/LambdaForm$MH+0x00000156d3139c00
# instanceKlass java/lang/invoke/LambdaForm$MH+0x00000156d3139800
instanceKlass java/lang/invoke/MethodHandleImpl$Makers$2
instanceKlass java/lang/invoke/MethodHandleImpl$Makers$1
instanceKlass java/lang/invoke/MethodHandleImpl$Makers
instanceKlass  @bci java/lang/invoke/BootstrapMethodInvoker invoke (Ljava/lang/Class;Ljava/lang/invoke/MethodHandle;Ljava/lang/String;Ljava/lang/Object;Ljava/lang/Object;Ljava/lang/Class;)Ljava/lang/Object; 894 <adapter> ; # java/lang/invoke/LambdaForm$MH+0x00000156d3139400
# instanceKlass java/lang/invoke/LambdaForm$DMH+0x00000156d3139000
instanceKlass java/lang/runtime/ObjectMethods
instanceKlass  @bci jdk/internal/net/http/common/DebugLogger <clinit> ()V 33 <appendix> member <vmtarget> ; # jdk/internal/net/http/common/DebugLogger$$Lambda+0x00000156d313bd38
instanceKlass jdk/internal/net/http/common/DebugLogger
instanceKlass  @bci jdk/internal/net/http/HttpClientImpl <init> (Ljdk/internal/net/http/HttpClientBuilderImpl;Ljdk/internal/net/http/HttpClientImpl$SingleFacadeFactory;)V 6 <appendix> member <vmtarget> ; # jdk/internal/net/http/HttpClientImpl$$Lambda+0x00000156d313bb18
instanceKlass jdk/internal/net/http/HttpClientImpl$SingleFacadeFactory
instanceKlass java/util/concurrent/CompletableFuture$AsynchronousCompletionTask
instanceKlass java/util/concurrent/CompletableFuture$AltResult
instanceKlass java/util/concurrent/CompletableFuture
instanceKlass java/util/concurrent/CompletionStage
instanceKlass  @bci jdk/internal/net/http/common/Utils <clinit> ()V 331 <appendix> argL0 ; # jdk/internal/net/http/common/Utils$$Lambda+0x00000156d313b6c8
instanceKlass  @bci jdk/internal/net/http/common/Utils <clinit> ()V 323 <appendix> argL0 ; # jdk/internal/net/http/common/Utils$$Lambda+0x00000156d313b480
instanceKlass  @bci jdk/internal/net/http/common/Utils <clinit> ()V 315 <appendix> argL0 ; # jdk/internal/net/http/common/Utils$$Lambda+0x00000156d313b238
instanceKlass  @bci java/util/stream/Collectors toUnmodifiableSet ()Ljava/util/stream/Collector; 19 <appendix> argL0 ; # java/util/stream/Collectors$$Lambda+0x00000156d30b4b40
instanceKlass  @bci java/util/stream/Collectors toUnmodifiableSet ()Ljava/util/stream/Collector; 14 <appendix> argL0 ; # java/util/stream/Collectors$$Lambda+0x00000156d30b4900
instanceKlass  @bci java/util/stream/Collectors toUnmodifiableSet ()Ljava/util/stream/Collector; 9 <appendix> argL0 ; # java/util/stream/Collectors$$Lambda+0x00000156d30b46d8
instanceKlass  @bci java/util/stream/Collectors toUnmodifiableSet ()Ljava/util/stream/Collector; 4 <appendix> argL0 ; # java/util/stream/Collectors$$Lambda+0x00000156d30b44c0
instanceKlass  @bci jdk/internal/net/http/common/Utils <clinit> ()V 291 <appendix> argL0 ; # jdk/internal/net/http/common/Utils$$Lambda+0x00000156d313aff0
instanceKlass  @bci jdk/internal/net/http/common/Utils <clinit> ()V 281 <appendix> argL0 ; # jdk/internal/net/http/common/Utils$$Lambda+0x00000156d313adb8
instanceKlass  @bci jdk/internal/net/http/common/Utils <clinit> ()V 187 <appendix> argL0 ; # jdk/internal/net/http/common/Utils$$Lambda+0x00000156d313ab70
instanceKlass  @bci java/util/function/Predicate negate ()Ljava/util/function/Predicate; 1 <appendix> member <vmtarget> ; # java/util/function/Predicate$$Lambda+0x00000156d30b4270
instanceKlass  @cpi java/util/function/Predicate 75 form vmentry <vmtarget> ; # java/lang/invoke/LambdaForm$DMH+0x00000156d3138c00
instanceKlass  @bci jdk/internal/net/http/common/Utils <clinit> ()V 168 <appendix> argL0 ; # jdk/internal/net/http/common/Utils$$Lambda+0x00000156d313a928
instanceKlass  @bci jdk/internal/net/http/common/Utils <clinit> ()V 160 <appendix> member <vmtarget> ; # jdk/internal/net/http/common/Utils$$Lambda+0x00000156d313a6d8
instanceKlass  @bci jdk/internal/net/http/common/Utils <clinit> ()V 150 <appendix> argL0 ; # jdk/internal/net/http/common/Utils$$Lambda+0x00000156d313a490
instanceKlass  @bci jdk/internal/net/http/common/Utils <clinit> ()V 142 <appendix> argL0 ; # jdk/internal/net/http/common/Utils$$Lambda+0x00000156d313a248
instanceKlass  @bci jdk/internal/net/http/common/Utils <clinit> ()V 134 <appendix> argL0 ; # jdk/internal/net/http/common/Utils$$Lambda+0x00000156d313a000
instanceKlass  @bci jdk/internal/net/http/common/Utils getNetProperty (Ljava/lang/String;)Ljava/lang/String; 1 <appendix> member <vmtarget> ; # jdk/internal/net/http/common/Utils$$Lambda+0x00000156d3137d38
instanceKlass  @bci jdk/internal/net/http/common/Utils <clinit> ()V 120 <appendix> argL0 ; # jdk/internal/net/http/common/Utils$$Lambda+0x00000156d3137af0
instanceKlass  @bci jdk/internal/net/http/common/Utils getIntegerNetProperty (Ljava/lang/String;I)I 2 <appendix> form vmentry <vmtarget> ; # java/lang/invoke/LambdaForm$DMH+0x00000156d3138800
instanceKlass  @bci jdk/internal/net/http/common/Utils getIntegerNetProperty (Ljava/lang/String;I)I 2 <appendix> member <vmtarget> ; # jdk/internal/net/http/common/Utils$$Lambda+0x00000156d31378d0
instanceKlass  @cpi jdk/internal/net/http/common/Utils 1321 form vmentry <vmtarget> ; # java/lang/invoke/LambdaForm$DMH+0x00000156d3138400
instanceKlass  @cpi jdk/internal/net/http/common/Utils 1337 form vmentry <vmtarget> ; # java/lang/invoke/LambdaForm$DMH+0x00000156d3138000
instanceKlass  @bci jdk/internal/net/http/common/Utils getProperty (Ljava/lang/String;)Ljava/lang/String; 1 <appendix> member <vmtarget> ; # jdk/internal/net/http/common/Utils$$Lambda+0x00000156d31376b0
instanceKlass  @bci jdk/internal/net/http/common/Utils getLoggerConfig (Ljava/lang/String;Ljdk/internal/net/http/common/DebugLogger$LoggerConfig;)Ljdk/internal/net/http/common/DebugLogger$LoggerConfig; 1 <appendix> member <vmtarget> ; # jdk/internal/net/http/common/Utils$$Lambda+0x00000156d3137490
instanceKlass javax/net/ssl/SSLSession
instanceKlass jdk/internal/net/http/common/Logger
instanceKlass jdk/internal/net/http/common/Utils
instanceKlass jdk/internal/net/http/HttpConnection
instanceKlass jdk/internal/net/http/common/BufferSupplier
instanceKlass jdk/internal/net/http/common/OperationTrackers$Tracker
instanceKlass jdk/internal/net/http/websocket/WebSocketRequest
instanceKlass java/net/http/HttpRequest
instanceKlass java/net/http/WebSocket$Builder
instanceKlass jdk/internal/net/http/common/OperationTrackers$Trackable
instanceKlass jdk/internal/net/http/HttpClientBuilderImpl
instanceKlass java/net/http/HttpClient$Builder
instanceKlass java/net/http/HttpClient
instanceKlass  @bci org/openqa/selenium/remote/http/jdk/JdkHttpClient <init> (Lorg/openqa/selenium/remote/http/ClientConfig;)V 93 <appendix> member <vmtarget> ; # org/openqa/selenium/remote/http/jdk/JdkHttpClient$$Lambda+0x00000156d31338a8
instanceKlass  @bci org/openqa/selenium/remote/http/Filter andFinally (Lorg/openqa/selenium/remote/http/HttpHandler;)Lorg/openqa/selenium/remote/http/HttpHandler; 9 <appendix> member <vmtarget> ; # org/openqa/selenium/remote/http/Filter$$Lambda+0x00000156d3133678
instanceKlass  @bci org/openqa/selenium/remote/http/jdk/JdkHttpClient <init> (Lorg/openqa/selenium/remote/http/ClientConfig;)V 56 <appendix> member <vmtarget> ; # org/openqa/selenium/remote/http/jdk/JdkHttpClient$$Lambda+0x00000156d3133448
instanceKlass org/openqa/selenium/remote/http/HttpMessage
instanceKlass java/util/concurrent/Flow$Publisher
instanceKlass org/openqa/selenium/remote/http/jdk/JdkHttpMessages
instanceKlass java/net/Authenticator
instanceKlass org/openqa/selenium/remote/http/WebSocket
instanceKlass java/net/http/WebSocket$Listener
instanceKlass org/openqa/selenium/remote/http/jdk/JdkHttpClient
instanceKlass org/openqa/selenium/logging/LocalLogs
instanceKlass org/openqa/selenium/remote/http/HttpClientName
instanceKlass org/openqa/selenium/remote/http/jdk/JdkHttpClient$Factory
instanceKlass  @bci org/openqa/selenium/remote/http/HttpClient$Factory create (Ljava/lang/String;)Lorg/openqa/selenium/remote/http/HttpClient$Factory; 30 <appendix> member <vmtarget> ; # org/openqa/selenium/remote/http/HttpClient$Factory$$Lambda+0x00000156d31308b0
instanceKlass  @bci org/openqa/selenium/remote/http/HttpClient$Factory create (Ljava/lang/String;)Lorg/openqa/selenium/remote/http/HttpClient$Factory; 19 <appendix> argL0 ; # org/openqa/selenium/remote/http/HttpClient$Factory$$Lambda+0x00000156d3130668
instanceKlass org/openqa/selenium/remote/http/HttpClient
instanceKlass org/openqa/selenium/remote/HttpCommandExecutor$DefaultClientFactoryHolder
instanceKlass  @bci org/openqa/selenium/chromium/ChromiumDriverCommandExecutor getExtraCommands (Ljava/util/Map;)Ljava/util/Map; 65 <appendix> argL0 ; # org/openqa/selenium/chromium/ChromiumDriverCommandExecutor$$Lambda+0x00000156d3130238
instanceKlass  @bci org/openqa/selenium/chromium/ChromiumDriverCommandExecutor getExtraCommands (Ljava/util/Map;)Ljava/util/Map; 60 <appendix> argL0 ; # org/openqa/selenium/chromium/ChromiumDriverCommandExecutor$$Lambda+0x00000156d3130000
instanceKlass  @bci org/openqa/selenium/chromium/ChromiumDriverCommandExecutor getExtraCommands (Ljava/util/Map;)Ljava/util/Map; 50 <appendix> argL0 ; # org/openqa/selenium/chromium/ChromiumDriverCommandExecutor$$Lambda+0x00000156d312dba8
instanceKlass org/openqa/selenium/chromium/AddHasLaunchApp
instanceKlass org/openqa/selenium/chromium/AddHasPermissions
instanceKlass org/openqa/selenium/chromium/AddHasNetworkConditions
instanceKlass  @bci java/util/stream/Collectors toUnmodifiableMap (Ljava/util/function/Function;Ljava/util/function/Function;)Ljava/util/stream/Collector; 21 <appendix> argL0 ; # java/util/stream/Collectors$$Lambda+0x00000156d30b2548
instanceKlass  @bci org/openqa/selenium/chrome/ChromeDriver$ChromeDriverCommandExecutor getExtraCommands ()Ljava/util/Map; 48 <appendix> argL0 ; # org/openqa/selenium/chrome/ChromeDriver$ChromeDriverCommandExecutor$$Lambda+0x00000156d312d238
instanceKlass  @bci org/openqa/selenium/chrome/ChromeDriver$ChromeDriverCommandExecutor getExtraCommands ()Ljava/util/Map; 43 <appendix> argL0 ; # org/openqa/selenium/chrome/ChromeDriver$ChromeDriverCommandExecutor$$Lambda+0x00000156d312d000
instanceKlass  @bci org/openqa/selenium/chrome/ChromeDriver$ChromeDriverCommandExecutor getExtraCommands ()Ljava/util/Map; 33 <appendix> argL0 ; # org/openqa/selenium/chrome/ChromeDriver$ChromeDriverCommandExecutor$$Lambda+0x00000156d312fcf0
instanceKlass org/openqa/selenium/chromium/AddHasCdp
instanceKlass org/openqa/selenium/remote/CommandInfo
instanceKlass org/openqa/selenium/chromium/AddHasCasting
instanceKlass org/openqa/selenium/remote/AdditionalHttpCommands
instanceKlass org/openqa/selenium/remote/AugmenterProvider
instanceKlass org/openqa/selenium/logging/LogEntry
instanceKlass org/openqa/selenium/remote/HttpCommandExecutor
instanceKlass org/openqa/selenium/logging/NeedsLocalLogs
instanceKlass org/openqa/selenium/internal/Require$PathStateChecker
instanceKlass  @bci org/openqa/selenium/manager/SeleniumManager runCommand (Ljava/nio/file/Path;Ljava/util/List;)Lorg/openqa/selenium/manager/SeleniumManagerOutput$Result; 234 <appendix> argL0 ; # org/openqa/selenium/manager/SeleniumManager$$Lambda+0x00000156d312ab30
# instanceKlass java/lang/invoke/LambdaForm$MH+0x00000156d312cc00
instanceKlass org/openqa/selenium/json/StringCoercer$1
instanceKlass  @bci org/openqa/selenium/json/StringCoercer apply (Ljava/lang/reflect/Type;)Ljava/util/function/BiFunction; 0 <appendix> argL0 ; # org/openqa/selenium/json/StringCoercer$$Lambda+0x00000156d312a708
instanceKlass org/openqa/selenium/json/NumberCoercer$1
instanceKlass  @bci org/openqa/selenium/json/NumberCoercer apply (Ljava/lang/reflect/Type;)Ljava/util/function/BiFunction; 1 <appendix> member <vmtarget> ; # org/openqa/selenium/json/NumberCoercer$$Lambda+0x00000156d312a2d8
# instanceKlass java/lang/invoke/LambdaForm$MH+0x00000156d312c800
instanceKlass java/math/MathContext
# instanceKlass java/lang/invoke/LambdaForm$MH+0x00000156d312c400
# instanceKlass java/lang/invoke/LambdaForm$MH+0x00000156d312c000
instanceKlass  @bci org/openqa/selenium/json/StaticInitializerCoercer apply (Ljava/lang/reflect/Type;)Ljava/util/function/BiFunction; 29 <appendix> member <vmtarget> ; # org/openqa/selenium/json/StaticInitializerCoercer$$Lambda+0x00000156d312a0a8
instanceKlass  @bci org/openqa/selenium/json/CollectionCoercer lambda$apply$1 (Ljava/lang/reflect/Type;Lorg/openqa/selenium/json/JsonInput;Lorg/openqa/selenium/json/PropertySetting;)Ljava/util/Collection; 18 <appendix> member <vmtarget> ; # org/openqa/selenium/json/CollectionCoercer$$Lambda+0x00000156d3129e68
instanceKlass org/openqa/selenium/json/JsonInputIterator
instanceKlass  @bci org/openqa/selenium/json/CollectionCoercer apply (Ljava/lang/reflect/Type;)Ljava/util/function/BiFunction; 61 <appendix> member <vmtarget> ; # org/openqa/selenium/json/CollectionCoercer$$Lambda+0x00000156d31299d0
instanceKlass org/openqa/selenium/manager/SeleniumManagerOutput$Log
instanceKlass sun/reflect/generics/tree/MethodTypeSignature
instanceKlass sun/reflect/generics/tree/VoidDescriptor
instanceKlass  @bci org/openqa/selenium/json/InstanceCoercer lambda$getBeanWriters$8 (Lorg/openqa/selenium/json/SimplePropertyDescriptor;)Lorg/openqa/selenium/json/InstanceCoercer$TypeAndWriter; 11 <appendix> member <vmtarget> ; # org/openqa/selenium/json/InstanceCoercer$$Lambda+0x00000156d3129148
instanceKlass  @bci org/openqa/selenium/json/InstanceCoercer getBeanWriters (Ljava/lang/reflect/Constructor;)Ljava/util/Map; 25 <appendix> argL0 ; # org/openqa/selenium/json/InstanceCoercer$$Lambda+0x00000156d3128f10
instanceKlass org/openqa/selenium/json/InstanceCoercer$TypeAndWriter
instanceKlass  @bci org/openqa/selenium/json/InstanceCoercer getBeanWriters (Ljava/lang/reflect/Constructor;)Ljava/util/Map; 20 <appendix> argL0 ; # org/openqa/selenium/json/InstanceCoercer$$Lambda+0x00000156d3128ad0
instanceKlass  @bci org/openqa/selenium/json/InstanceCoercer getBeanWriters (Ljava/lang/reflect/Constructor;)Ljava/util/Map; 10 <appendix> argL0 ; # org/openqa/selenium/json/InstanceCoercer$$Lambda+0x00000156d3128888
instanceKlass  @bci org/openqa/selenium/json/SimplePropertyDescriptor getPropertyDescriptors (Ljava/lang/Class;)[Lorg/openqa/selenium/json/SimplePropertyDescriptor; 228 <appendix> member <vmtarget> ; # org/openqa/selenium/json/SimplePropertyDescriptor$$Lambda+0x00000156d3128458
instanceKlass  @bci org/openqa/selenium/json/SimplePropertyDescriptor <clinit> ()V 0 <appendix> argL0 ; # org/openqa/selenium/json/SimplePropertyDescriptor$$Lambda+0x00000156d3128220
instanceKlass org/openqa/selenium/json/SimplePropertyDescriptor
instanceKlass org/openqa/selenium/json/InstanceCoercer$1
instanceKlass  @bci org/openqa/selenium/json/JsonTypeCoercer buildCoercer (Ljava/lang/reflect/Type;)Ljava/util/function/BiFunction; 43 <appendix> member <vmtarget> ; # org/openqa/selenium/json/JsonTypeCoercer$$Lambda+0x00000156d3123b28
instanceKlass  @bci org/openqa/selenium/json/JsonTypeCoercer lambda$buildCoercer$7 (Ljava/util/function/BiFunction;)Ljava/util/function/BiFunction; 1 <appendix> member <vmtarget> ; # org/openqa/selenium/json/JsonTypeCoercer$$Lambda+0x00000156d31238f8
instanceKlass  @bci org/openqa/selenium/json/JsonTypeCoercer buildCoercer (Ljava/lang/reflect/Type;)Ljava/util/function/BiFunction; 34 <appendix> argL0 ; # org/openqa/selenium/json/JsonTypeCoercer$$Lambda+0x00000156d31236c0
instanceKlass  @bci org/openqa/selenium/json/InstanceCoercer apply (Ljava/lang/reflect/Type;)Ljava/util/function/BiFunction; 8 <appendix> member <vmtarget> ; # org/openqa/selenium/json/InstanceCoercer$$Lambda+0x00000156d3123490
instanceKlass  @bci org/openqa/selenium/json/JsonTypeCoercer buildCoercer (Ljava/lang/reflect/Type;)Ljava/util/function/BiFunction; 26 <appendix> member <vmtarget> ; # org/openqa/selenium/json/JsonTypeCoercer$$Lambda+0x00000156d3123250
instanceKlass  @bci org/openqa/selenium/json/StaticInitializerCoercer getMethods (Ljava/lang/Class;)Ljava/util/stream/Stream; 27 <appendix> argL0 ; # org/openqa/selenium/json/StaticInitializerCoercer$$Lambda+0x00000156d3123008
instanceKlass  @bci org/openqa/selenium/json/StaticInitializerCoercer getMethods (Ljava/lang/Class;)Ljava/util/stream/Stream; 17 <appendix> argL0 ; # org/openqa/selenium/json/StaticInitializerCoercer$$Lambda+0x00000156d3122dc0
instanceKlass  @bci org/openqa/selenium/json/StaticInitializerCoercer getMethods (Ljava/lang/Class;)Ljava/util/stream/Stream; 7 <appendix> argL0 ; # org/openqa/selenium/json/StaticInitializerCoercer$$Lambda+0x00000156d3122b78
instanceKlass org/openqa/selenium/json/Types
instanceKlass  @bci org/openqa/selenium/json/JsonTypeCoercer buildCoercer (Ljava/lang/reflect/Type;)Ljava/util/function/BiFunction; 10 <appendix> member <vmtarget> ; # org/openqa/selenium/json/JsonTypeCoercer$$Lambda+0x00000156d3122728
instanceKlass  @bci org/openqa/selenium/json/JsonTypeCoercer coerce (Lorg/openqa/selenium/json/JsonInput;Ljava/lang/reflect/Type;Lorg/openqa/selenium/json/PropertySetting;)Ljava/lang/Object; 6 <appendix> member <vmtarget> ; # org/openqa/selenium/json/JsonTypeCoercer$$Lambda+0x00000156d31224e8
instanceKlass org/openqa/selenium/json/Input
instanceKlass org/openqa/selenium/json/JsonInput
instanceKlass org/openqa/selenium/manager/SeleniumManagerOutput
instanceKlass  @bci org/openqa/selenium/json/JsonTypeCoercer <init> (Ljava/util/stream/Stream;)V 423 <appendix> argL0 ; # org/openqa/selenium/json/JsonTypeCoercer$$Lambda+0x00000156d31271b8
instanceKlass  @bci org/openqa/selenium/json/JsonTypeCoercer <init> (Ljava/util/stream/Stream;)V 418 <appendix> argL0 ; # org/openqa/selenium/json/JsonTypeCoercer$$Lambda+0x00000156d3126f90
instanceKlass  @bci org/openqa/selenium/json/JsonTypeCoercer <init> (Ljava/util/stream/Stream;)V 413 <appendix> argL0 ; # org/openqa/selenium/json/JsonTypeCoercer$$Lambda+0x00000156d3126d78
instanceKlass  @bci org/openqa/selenium/json/JsonTypeCoercer <init> (Ljava/util/stream/Stream;)V 374 <appendix> argL0 ; # org/openqa/selenium/json/JsonTypeCoercer$$Lambda+0x00000156d31268c0
instanceKlass  @bci java/util/stream/Collectors toCollection (Ljava/util/function/Supplier;)Ljava/util/stream/Collector; 10 <appendix> argL0 ; # java/util/stream/Collectors$$Lambda+0x00000156d30b0718
instanceKlass  @bci java/util/stream/Collectors toCollection (Ljava/util/function/Supplier;)Ljava/util/stream/Collector; 5 <appendix> argL0 ; # java/util/stream/Collectors$$Lambda+0x00000156d30b04f0
instanceKlass  @bci org/openqa/selenium/json/JsonTypeCoercer <init> (Ljava/util/stream/Stream;)V 349 <appendix> argL0 ; # org/openqa/selenium/json/JsonTypeCoercer$$Lambda+0x00000156d31266a8
instanceKlass  @bci org/openqa/selenium/json/JsonTypeCoercer <init> (Ljava/util/stream/Stream;)V 314 <appendix> argL0 ; # org/openqa/selenium/json/JsonTypeCoercer$$Lambda+0x00000156d31261c0
instanceKlass  @cpi org/openqa/selenium/PersistentCapabilities 178 form vmentry <vmtarget> ; # java/lang/invoke/LambdaForm$DMH+0x00000156d3121800
instanceKlass  @bci org/openqa/selenium/json/JsonTypeCoercer <init> (Ljava/util/stream/Stream;)V 309 <appendix> argL0 ; # org/openqa/selenium/json/JsonTypeCoercer$$Lambda+0x00000156d3125f98
instanceKlass  @bci org/openqa/selenium/json/JsonTypeCoercer <init> (Ljava/util/stream/Stream;)V 304 <appendix> argL0 ; # org/openqa/selenium/json/JsonTypeCoercer$$Lambda+0x00000156d3125d80
instanceKlass  @bci org/openqa/selenium/json/JsonTypeCoercer <init> (Ljava/util/stream/Stream;)V 198 <appendix> argL0 ; # org/openqa/selenium/json/JsonTypeCoercer$$Lambda+0x00000156d31248e0
instanceKlass  @bci org/openqa/selenium/json/JsonTypeCoercer <init> (Ljava/util/stream/Stream;)V 177 <appendix> argL0 ; # org/openqa/selenium/json/JsonTypeCoercer$$Lambda+0x00000156d31246a8
instanceKlass  @bci org/openqa/selenium/json/JsonTypeCoercer <init> (Ljava/util/stream/Stream;)V 156 <appendix> argL0 ; # org/openqa/selenium/json/JsonTypeCoercer$$Lambda+0x00000156d3124470
instanceKlass  @cpi org/apache/commons/compress/archivers/zip/ZipFile 1257 form vmentry <vmtarget> ; # java/lang/invoke/LambdaForm$DMH+0x00000156d3121400
instanceKlass  @bci org/openqa/selenium/json/JsonTypeCoercer <init> (Ljava/util/stream/Stream;)V 135 <appendix> argL0 ; # org/openqa/selenium/json/JsonTypeCoercer$$Lambda+0x00000156d3124238
instanceKlass  @bci org/openqa/selenium/json/JsonTypeCoercer <init> (Ljava/util/stream/Stream;)V 114 <appendix> argL0 ; # org/openqa/selenium/json/JsonTypeCoercer$$Lambda+0x00000156d3124000
instanceKlass  @cpi org/openqa/selenium/json/JsonTypeCoercer 409 form vmentry <vmtarget> ; # java/lang/invoke/LambdaForm$DMH+0x00000156d3121000
instanceKlass  @bci org/openqa/selenium/json/JsonTypeCoercer <init> (Ljava/util/stream/Stream;)V 93 <appendix> argL0 ; # org/openqa/selenium/json/JsonTypeCoercer$$Lambda+0x00000156d311fd00
instanceKlass  @cpi org/openqa/selenium/json/JsonTypeCoercer 406 form vmentry <vmtarget> ; # java/lang/invoke/LambdaForm$DMH+0x00000156d3120c00
instanceKlass  @bci org/openqa/selenium/json/JsonTypeCoercer <init> (Ljava/util/stream/Stream;)V 72 <appendix> argL0 ; # org/openqa/selenium/json/JsonTypeCoercer$$Lambda+0x00000156d311fac8
instanceKlass  @bci java/util/function/Function andThen (Ljava/util/function/Function;)Ljava/util/function/Function; 7 <appendix> member <vmtarget> ; # java/util/function/Function$$Lambda+0x00000156d30afde8
instanceKlass  @cpi org/openqa/selenium/remote/http/Filter 77 form vmentry <vmtarget> ; # java/lang/invoke/LambdaForm$DMH+0x00000156d3120800
instanceKlass java/util/RegularEnumSet$EnumSetIterator
instanceKlass  @bci org/openqa/selenium/json/JsonTypeCoercer <init> (Ljava/util/stream/Stream;)V 20 <appendix> argL0 ; # org/openqa/selenium/json/JsonTypeCoercer$$Lambda+0x00000156d311f348
instanceKlass org/openqa/selenium/json/TypeCoercer
instanceKlass org/openqa/selenium/json/JsonTypeCoercer
instanceKlass org/openqa/selenium/json/TypeToken
instanceKlass org/openqa/selenium/json/Json
instanceKlass  @bci jdk/internal/net/http/SocketTube$InternalReadPublisher$InternalReadSubscription request (J)V 82 <appendix> form vmentry <vmtarget> ; # java/lang/invoke/LambdaForm$MH+0x00000156d3120400
instanceKlass  @bci jdk/internal/net/http/SocketTube$InternalReadPublisher$InternalReadSubscription request (J)V 82 <appendix> argL3 form vmentry <vmtarget> ; # java/lang/invoke/LambdaForm$MH+0x00000156d3120000
# instanceKlass java/lang/invoke/LambdaForm$MH+0x00000156d311dc00
# instanceKlass java/lang/invoke/LambdaForm$MH+0x00000156d311d800
# instanceKlass java/lang/invoke/LambdaForm$MH+0x00000156d311d400
instanceKlass  @bci org/openqa/selenium/os/ExternalProcess$Builder start ()Lorg/openqa/selenium/os/ExternalProcess; 68 <appendix> member <vmtarget> ; # org/openqa/selenium/os/ExternalProcess$Builder$$Lambda+0x00000156d311e000
instanceKlass sun/util/logging/PlatformLogger$ConfigurableBridge$LoggerConfiguration
instanceKlass jdk/internal/logger/LoggerFinderLoader
instanceKlass  @bci java/lang/System$LoggerFinder accessProvider ()Ljava/lang/System$LoggerFinder; 8 <appendix> argL0 ; # java/lang/System$LoggerFinder$$Lambda+0x00000156d30ae810
instanceKlass jdk/internal/logger/LazyLoggers$LazyLoggerFactories
instanceKlass jdk/internal/logger/LazyLoggers$1
instanceKlass jdk/internal/logger/LazyLoggers
instanceKlass java/lang/ProcessImpl$2
instanceKlass java/util/concurrent/LinkedTransferQueue$DualNode
instanceKlass java/util/concurrent/TransferQueue
instanceKlass  @bci java/lang/ProcessHandleImpl lambda$static$1 ()Ljava/util/concurrent/Executor; 45 <appendix> member <vmtarget> ; # java/lang/ProcessHandleImpl$$Lambda+0x00000156d30abd48
instanceKlass  @cpi java/lang/ProcessHandleImpl 436 form vmentry <vmtarget> ; # java/lang/invoke/LambdaForm$DMH+0x00000156d311d000
# instanceKlass java/lang/invoke/LambdaForm$DMH+0x00000156d311cc00
instanceKlass  @bci java/lang/ProcessHandleImpl <clinit> ()V 32 <appendix> argL0 ; # java/lang/ProcessHandleImpl$$Lambda+0x00000156d30abb30
instanceKlass java/lang/ProcessHandleImpl
instanceKlass java/lang/ProcessHandle
instanceKlass  @bci java/lang/ProcessHandleImpl lambda$static$1 ()Ljava/util/concurrent/Executor; 45 <appendix> form vmentry <vmtarget> ; # java/lang/invoke/LambdaForm$DMH+0x00000156d311c800
instanceKlass  @bci java/lang/ProcessImpl <init> ([Ljava/lang/String;Ljava/lang/String;Ljava/lang/String;[JZZ)V 286 <appendix> member <vmtarget> ; # java/lang/ProcessImpl$$Lambda+0x00000156d30ab488
instanceKlass  @cpi java/lang/ProcessImpl 623 form vmentry <vmtarget> ; # java/lang/invoke/LambdaForm$DMH+0x00000156d311c400
instanceKlass java/lang/Process
instanceKlass java/lang/ProcessBuilder
instanceKlass org/openqa/selenium/os/ExternalProcess$Builder
instanceKlass org/openqa/selenium/os/ExternalProcess
instanceKlass java/nio/file/FileStore
instanceKlass sun/nio/fs/WindowsSecurity
instanceKlass sun/nio/fs/AbstractAclFileAttributeView
instanceKlass java/nio/file/attribute/AclFileAttributeView
instanceKlass java/nio/file/attribute/FileOwnerAttributeView
instanceKlass sun/nio/fs/WindowsLinkSupport
instanceKlass sun/nio/fs/WindowsFileSystemProvider$1
instanceKlass org/openqa/selenium/Proxy
instanceKlass  @bci java/util/stream/StreamSpliterators$WrappingSpliterator forEachRemaining (Ljava/util/function/Consumer;)V 33 <appendix> member <vmtarget> ; # java/util/stream/StreamSpliterators$WrappingSpliterator$$Lambda+0x00000156d30a9260
instanceKlass java/util/stream/StreamSpliterators
instanceKlass  @cpi java/util/stream/StreamSpliterators$WrappingSpliterator 151 form vmentry <vmtarget> ; # java/lang/invoke/LambdaForm$DMH+0x00000156d311c000
instanceKlass java/util/stream/Streams$2
instanceKlass java/util/stream/StreamSpliterators$AbstractWrappingSpliterator
instanceKlass  @bci java/util/stream/AbstractPipeline spliterator ()Ljava/util/Spliterator; 103 <appendix> member <vmtarget> ; # java/util/stream/AbstractPipeline$$Lambda+0x00000156d30a86f8
instanceKlass java/util/stream/Streams$ConcatSpliterator
instanceKlass  @bci org/openqa/selenium/chromium/ChromiumOptions getExtraCapability (Ljava/lang/String;)Ljava/lang/Object; 87 <appendix> argL0 ; # org/openqa/selenium/chromium/ChromiumOptions$$Lambda+0x00000156d311b138
instanceKlass  @bci org/openqa/selenium/remote/AbstractDriverOptions asMap ()Ljava/util/Map; 18 <appendix> member <vmtarget> ; # org/openqa/selenium/remote/AbstractDriverOptions$$Lambda+0x00000156d311af08
instanceKlass java/util/Collections$UnmodifiableMap$UnmodifiableEntrySet$1
instanceKlass org/openqa/selenium/manager/SeleniumManagerOutput$Result
instanceKlass java/lang/Thread$ThreadNumbering
instanceKlass  @bci org/openqa/selenium/manager/SeleniumManager <init> ()V 94 <appendix> member <vmtarget> ; # org/openqa/selenium/manager/SeleniumManager$$Lambda+0x00000156d311aac0
instanceKlass java/lang/ProcessEnvironment$CheckedEntry
instanceKlass java/lang/ProcessEnvironment$CheckedEntrySet$1
instanceKlass java/lang/ProcessEnvironment$EntryComparator
instanceKlass java/lang/ProcessEnvironment$NameComparator
instanceKlass org/openqa/selenium/manager/SeleniumManager
instanceKlass org/openqa/selenium/remote/service/DriverFinder
instanceKlass org/openqa/selenium/BuildInfo
instanceKlass org/openqa/selenium/remote/http/AddSeleniumUserAgent
instanceKlass  @bci org/openqa/selenium/internal/Debug <clinit> ()V 13 <appendix> argL0 ; # org/openqa/selenium/internal/Debug$$Lambda+0x00000156d3119a88
instanceKlass sun/management/Util
instanceKlass  @bci sun/management/spi/PlatformMBeanProvider$PlatformComponent getMBeans (Ljava/lang/Class;)Ljava/util/List; 63 <appendix> member <vmtarget> ; # sun/management/spi/PlatformMBeanProvider$PlatformComponent$$Lambda+0x00000156d30a64f0
instanceKlass  @bci sun/management/spi/PlatformMBeanProvider$PlatformComponent getMBeans (Ljava/lang/Class;)Ljava/util/List; 47 <appendix> member <vmtarget> ; # sun/management/spi/PlatformMBeanProvider$PlatformComponent$$Lambda+0x00000156d30a62a0
instanceKlass java/util/Collections$2
instanceKlass sun/management/RuntimeImpl
instanceKlass  @bci java/lang/management/ManagementFactory$PlatformMBeanFinder findSingleton (Ljava/lang/Class;)Lsun/management/spi/PlatformMBeanProvider$PlatformComponent; 30 <appendix> member <vmtarget> ; # java/lang/management/ManagementFactory$PlatformMBeanFinder$$Lambda+0x00000156d30a5a70
instanceKlass  @bci java/lang/management/ManagementFactory$PlatformMBeanFinder findSingleton (Ljava/lang/Class;)Lsun/management/spi/PlatformMBeanProvider$PlatformComponent; 19 <appendix> member <vmtarget> ; # java/lang/management/ManagementFactory$PlatformMBeanFinder$$Lambda+0x00000156d30a5820
instanceKlass jdk/management/jfr/internal/FlightRecorderMXBeanProvider$SingleMBeanComponent
instanceKlass jdk/management/jfr/FlightRecorderMXBean
instanceKlass java/lang/management/DefaultPlatformMBeanProvider$11
instanceKlass java/lang/management/DefaultPlatformMBeanProvider$10
instanceKlass java/lang/management/DefaultPlatformMBeanProvider$9
instanceKlass sun/management/ManagementFactoryHelper$LoggingMXBeanAccess$1
instanceKlass sun/management/ManagementFactoryHelper$LoggingMXBeanAccess
instanceKlass java/lang/management/DefaultPlatformMBeanProvider$8
instanceKlass java/lang/management/DefaultPlatformMBeanProvider$7
instanceKlass java/lang/management/DefaultPlatformMBeanProvider$6
instanceKlass java/lang/management/DefaultPlatformMBeanProvider$5
instanceKlass java/lang/management/DefaultPlatformMBeanProvider$4
instanceKlass java/lang/management/DefaultPlatformMBeanProvider$3
instanceKlass java/lang/management/DefaultPlatformMBeanProvider$2
instanceKlass java/lang/management/DefaultPlatformMBeanProvider$1
instanceKlass com/sun/management/internal/PlatformMBeanProviderImpl$5
instanceKlass sun/management/VMManagementImpl
instanceKlass sun/management/VMManagement
instanceKlass sun/management/ManagementFactoryHelper
instanceKlass sun/management/NotificationEmitterSupport
instanceKlass javax/management/NotificationEmitter
instanceKlass javax/management/NotificationBroadcaster
instanceKlass com/sun/management/DiagnosticCommandMBean
instanceKlass javax/management/DynamicMBean
instanceKlass com/sun/management/internal/PlatformMBeanProviderImpl$4
instanceKlass com/sun/management/internal/PlatformMBeanProviderImpl$3
instanceKlass com/sun/management/internal/PlatformMBeanProviderImpl$2
instanceKlass com/sun/management/internal/PlatformMBeanProviderImpl$1
instanceKlass sun/management/spi/PlatformMBeanProvider$PlatformComponent
instanceKlass  @bci com/sun/management/internal/PlatformMBeanProviderImpl <clinit> ()V 8 <appendix> argL0 ; # com/sun/management/internal/PlatformMBeanProviderImpl$$Lambda+0x00000156d30a0810
instanceKlass sun/management/spi/PlatformMBeanProvider
instanceKlass java/io/FilePermission$1
instanceKlass jdk/internal/access/JavaIOFilePermissionAccess
instanceKlass java/lang/management/ManagementFactory$PlatformMBeanFinder$1
instanceKlass java/lang/management/ManagementFactory$PlatformMBeanFinder
instanceKlass java/lang/management/RuntimeMXBean
instanceKlass java/lang/management/PlatformManagedObject
instanceKlass  @bci java/lang/management/ManagementFactory loadNativeLib ()V 0 <appendix> argL0 ; # java/lang/management/ManagementFactory$$Lambda+0x00000156d309f5a0
instanceKlass java/lang/management/ManagementFactory
instanceKlass org/openqa/selenium/internal/Debug
instanceKlass org/openqa/selenium/remote/http/Routable
instanceKlass org/openqa/selenium/remote/http/HttpHandler
instanceKlass org/openqa/selenium/remote/http/RetryRequest
instanceKlass org/openqa/selenium/remote/http/Filter
instanceKlass org/openqa/selenium/remote/http/ClientConfig
instanceKlass org/openqa/selenium/SharedCapabilitiesMethods
instanceKlass  @bci org/openqa/selenium/remote/Browser <clinit> ()V 62 <appendix> argL0 ; # org/openqa/selenium/remote/Browser$$Lambda+0x00000156d3118928
instanceKlass org/openqa/selenium/remote/Browser$3
instanceKlass  @bci org/openqa/selenium/remote/Browser <clinit> ()V 44 <appendix> argL0 ; # org/openqa/selenium/remote/Browser$$Lambda+0x00000156d3118490
instanceKlass  @bci org/openqa/selenium/remote/Browser <clinit> ()V 36 <appendix> argL0 ; # org/openqa/selenium/remote/Browser$$Lambda+0x00000156d3118248
instanceKlass  @bci org/openqa/selenium/remote/Browser <clinit> ()V 28 <appendix> argL0 ; # org/openqa/selenium/remote/Browser$$Lambda+0x00000156d3118000
instanceKlass  @bci org/openqa/selenium/remote/Browser <clinit> ()V 20 <appendix> argL0 ; # org/openqa/selenium/remote/Browser$$Lambda+0x00000156d3117d10
instanceKlass org/openqa/selenium/remote/Browser$2
instanceKlass org/openqa/selenium/remote/Browser$1
instanceKlass org/openqa/selenium/remote/Browser
instanceKlass org/openqa/selenium/MutableCapabilities
instanceKlass org/openqa/selenium/internal/Require
instanceKlass java/util/concurrent/ThreadPoolExecutor$AbortPolicy
instanceKlass java/util/concurrent/RejectedExecutionHandler
instanceKlass java/util/concurrent/Executors
instanceKlass  @bci org/openqa/selenium/remote/service/DriverService <init> (Ljava/io/File;ILjava/time/Duration;Ljava/util/List;Ljava/util/Map;)V 6 <appendix> argL0 ; # org/openqa/selenium/remote/service/DriverService$$Lambda+0x00000156d31164f0
instanceKlass java/lang/StringUTF16$CharsSpliterator
instanceKlass  @bci java/util/stream/FindOps$FindSink$OfInt <clinit> ()V 43 <appendix> argL0 ; # java/util/stream/FindOps$FindSink$OfInt$$Lambda+0x800000049
instanceKlass  @bci java/util/stream/FindOps$FindSink$OfInt <clinit> ()V 38 <appendix> argL0 ; # java/util/stream/FindOps$FindSink$OfInt$$Lambda+0x80000004b
instanceKlass  @bci java/util/stream/FindOps$FindSink$OfInt <clinit> ()V 16 <appendix> argL0 ; # java/util/stream/FindOps$FindSink$OfInt$$Lambda+0x80000004a
instanceKlass  @bci java/util/stream/FindOps$FindSink$OfInt <clinit> ()V 11 <appendix> argL0 ; # java/util/stream/FindOps$FindSink$OfInt$$Lambda+0x80000004c
instanceKlass java/util/OptionalInt
instanceKlass  @bci java/text/DecimalFormatSymbols findNonFormatChar (Ljava/lang/String;C)C 4 <appendix> argL0 ; # java/text/DecimalFormatSymbols$$Lambda+0x80000000d
instanceKlass java/util/function/IntPredicate
instanceKlass java/lang/StringLatin1$CharsSpliterator
instanceKlass java/util/Locale$Builder
instanceKlass sun/util/locale/provider/CalendarDataUtility
instanceKlass sun/util/locale/provider/AvailableLanguageTags
instanceKlass  @bci sun/util/locale/provider/JRELocaleProviderAdapter getDecimalFormatSymbolsProvider ()Ljava/text/spi/DecimalFormatSymbolsProvider; 8 <appendix> member <vmtarget> ; # sun/util/locale/provider/JRELocaleProviderAdapter$$Lambda+0x80000006b
instanceKlass java/text/DecimalFormatSymbols
instanceKlass java/util/concurrent/atomic/Striped64$1
instanceKlass jdk/internal/util/random/RandomSupport
instanceKlass java/net/InetAddress$CachedLookup
instanceKlass sun/net/InetAddressCachePolicy$1
instanceKlass sun/net/InetAddressCachePolicy
instanceKlass  @bci java/net/InetAddress getAddressesFromNameService (Ljava/lang/String;)[Ljava/net/InetAddress; 94 <appendix> argL0 ; # java/net/InetAddress$$Lambda+0x00000156d309dc68
instanceKlass  @bci java/net/InetAddress loadResolver ()Ljava/net/spi/InetAddressResolver; 8 <appendix> argL0 ; # java/net/InetAddress$$Lambda+0x00000156d309da30
instanceKlass java/net/spi/InetAddressResolverProvider
instanceKlass java/net/InetAddress$NameServiceAddresses
instanceKlass java/net/InetAddress$Addresses
instanceKlass java/util/concurrent/ConcurrentSkipListMap$Iter
instanceKlass java/net/ServerSocket
instanceKlass org/openqa/selenium/net/FixedIANAPortRange
instanceKlass  @bci java/util/regex/Pattern DOT ()Ljava/util/regex/Pattern$CharPredicate; 0 <appendix> argL0 ; # java/util/regex/Pattern$$Lambda+0x00000156d309c290
instanceKlass org/openqa/selenium/net/EphemeralPortRangeDetector
instanceKlass org/openqa/selenium/net/PortProber
instanceKlass org/openqa/selenium/remote/service/DriverService$Builder
instanceKlass  @bci org/openqa/selenium/chromium/ChromiumDriver <clinit> ()V 0 <appendix> argL0 ; # org/openqa/selenium/chromium/ChromiumDriver$$Lambda+0x00000156d3110c28
instanceKlass jdk/internal/logger/DefaultLoggerFinder$1
instanceKlass java/util/logging/Logger$SystemLoggerHelper$1
instanceKlass java/util/logging/Logger$SystemLoggerHelper
instanceKlass java/util/logging/LogManager$4
instanceKlass jdk/internal/logger/BootstrapLogger$BootstrapExecutors
instanceKlass jdk/internal/logger/BootstrapLogger$RedirectedLoggers
instanceKlass jdk/internal/foreign/MemorySessionImpl
instanceKlass java/lang/foreign/MemorySegment$Scope
instanceKlass jdk/internal/logger/BootstrapLogger$DetectBackend$1
instanceKlass jdk/internal/logger/BootstrapLogger$DetectBackend
instanceKlass jdk/internal/logger/BootstrapLogger
instanceKlass sun/util/logging/PlatformLogger$ConfigurableBridge
instanceKlass sun/util/logging/PlatformLogger$Bridge
instanceKlass java/lang/System$Logger
instanceKlass java/util/stream/Streams
instanceKlass java/util/stream/Stream$Builder
instanceKlass java/util/stream/Streams$AbstractStreamBuilderImpl
instanceKlass  @bci java/util/logging/Level$KnownLevel findByName (Ljava/lang/String;Ljava/util/function/Function;)Ljava/util/Optional; 29 <appendix> argL0 ; # java/util/logging/Level$KnownLevel$$Lambda+0x800000025
instanceKlass  @bci java/util/logging/Level findLevel (Ljava/lang/String;)Ljava/util/logging/Level; 13 <appendix> argL0 ; # java/util/logging/Level$$Lambda+0x800000013
instanceKlass java/util/Hashtable$Enumerator
instanceKlass java/util/Collections$3
instanceKlass java/util/logging/LogManager$LoggerContext$1
instanceKlass java/util/logging/LogManager$VisitedLoggers
instanceKlass java/util/logging/LogManager$2
instanceKlass java/lang/System$LoggerFinder
instanceKlass java/util/logging/LogManager$LoggingProviderAccess
instanceKlass sun/util/logging/internal/LoggingProviderImpl$LogManagerAccess
instanceKlass java/lang/Shutdown$Lock
instanceKlass java/lang/Shutdown
instanceKlass java/lang/ApplicationShutdownHooks$1
instanceKlass java/lang/ApplicationShutdownHooks
instanceKlass java/util/logging/LogManager$LogNode
instanceKlass java/util/logging/LogManager$LoggerContext
instanceKlass java/util/logging/LogManager$1
instanceKlass java/util/logging/LogManager
instanceKlass java/util/logging/Logger$ConfigurationData
instanceKlass java/util/logging/Logger$LoggerBundle
instanceKlass  @bci java/util/logging/Level$KnownLevel add (Ljava/util/logging/Level;)V 49 <appendix> argL0 ; # java/util/logging/Level$KnownLevel$$Lambda+0x800000024
instanceKlass  @bci java/util/logging/Level$KnownLevel add (Ljava/util/logging/Level;)V 19 <appendix> argL0 ; # java/util/logging/Level$KnownLevel$$Lambda+0x800000023
instanceKlass java/util/logging/Level
instanceKlass java/util/logging/Logger
instanceKlass org/openqa/selenium/remote/service/DriverService
instanceKlass org/openqa/selenium/devtools/CdpInfo
instanceKlass org/openqa/selenium/virtualauthenticator/VirtualAuthenticator
instanceKlass org/openqa/selenium/federatedcredentialmanagement/FederatedCredentialManagementDialog
instanceKlass org/openqa/selenium/remote/Network
instanceKlass org/openqa/selenium/WebDriver$Options
instanceKlass org/openqa/selenium/WebDriver$Navigation
instanceKlass org/openqa/selenium/WebDriver$TargetLocator
instanceKlass org/openqa/selenium/remote/CommandExecutor
instanceKlass org/openqa/selenium/remote/http/HttpClient$Factory
instanceKlass org/openqa/selenium/remote/tracing/Tracer
instanceKlass org/openqa/selenium/remote/Script
instanceKlass org/openqa/selenium/logging/Logs
instanceKlass org/openqa/selenium/remote/ExecuteMethod
instanceKlass java/util/logging/Handler
instanceKlass org/openqa/selenium/Capabilities
instanceKlass org/openqa/selenium/remote/FileDetector
instanceKlass org/openqa/selenium/ScriptKey
instanceKlass org/openqa/selenium/remote/RemoteWebDriver
instanceKlass org/openqa/selenium/TakesScreenshot
instanceKlass org/openqa/selenium/PrintsPage
instanceKlass org/openqa/selenium/interactions/Interactive
instanceKlass org/openqa/selenium/virtualauthenticator/HasVirtualAuthenticator
instanceKlass org/openqa/selenium/federatedcredentialmanagement/HasFederatedCredentialManagement
instanceKlass org/openqa/selenium/HasDownloads
instanceKlass org/openqa/selenium/HasCapabilities
instanceKlass org/openqa/selenium/JavascriptExecutor
instanceKlass org/openqa/selenium/html5/WebStorage
instanceKlass org/openqa/selenium/html5/LocationContext
instanceKlass org/openqa/selenium/chromium/HasPermissions
instanceKlass org/openqa/selenium/chromium/HasNetworkConditions
instanceKlass org/openqa/selenium/logging/HasLogEvents
instanceKlass org/openqa/selenium/chromium/HasLaunchApp
instanceKlass org/openqa/selenium/devtools/HasDevTools
instanceKlass org/openqa/selenium/chromium/HasCdp
instanceKlass org/openqa/selenium/chromium/HasCasting
instanceKlass org/openqa/selenium/bidi/HasBiDi
instanceKlass org/openqa/selenium/HasAuthentication
instanceKlass org/openqa/selenium/WebDriver
instanceKlass org/openqa/selenium/SearchContext
instanceKlass com/qa/opencart/factory/DriverFactory
instanceKlass java/util/concurrent/Callable
instanceKlass org/testng/IHookCallBack
instanceKlass org/testng/IConfigureCallBack
instanceKlass org/testng/internal/invokers/MethodInvocationHelper
instanceKlass org/testng/Reporter
instanceKlass com/intellij/rt/execution/junit/MapSerializerUtil$1
instanceKlass com/intellij/rt/execution/junit/MapSerializerUtil$EscapeInfoProvider
instanceKlass com/intellij/rt/execution/junit/MapSerializerUtil
instanceKlass com/intellij/rt/testng/IDEATestNGRemoteListener$DelegatedResult
instanceKlass org/testng/internal/invokers/InvokedMethodListenerInvoker
instanceKlass org/testng/internal/invokers/InvokedMethod
instanceKlass org/testng/internal/thread/ThreadUtil
instanceKlass java/util/AbstractList$RandomAccessSpliterator
instanceKlass java/util/ImmutableCollections$Access$1
instanceKlass jdk/internal/access/JavaUtilCollectionAccess
instanceKlass java/util/ImmutableCollections$Access
instanceKlass  @bci java/util/stream/Collectors toUnmodifiableList ()Ljava/util/stream/Collector; 19 <appendix> argL0 ; # java/util/stream/Collectors$$Lambda+0x00000156d3099670
instanceKlass  @bci java/util/stream/Collectors toUnmodifiableList ()Ljava/util/stream/Collector; 14 <appendix> argL0 ; # java/util/stream/Collectors$$Lambda+0x00000156d3099430
instanceKlass  @bci java/util/stream/Collectors toUnmodifiableList ()Ljava/util/stream/Collector; 9 <appendix> argL0 ; # java/util/stream/Collectors$$Lambda+0x00000156d3099208
instanceKlass  @bci java/util/stream/Collectors toUnmodifiableList ()Ljava/util/stream/Collector; 4 <appendix> argL0 ; # java/util/stream/Collectors$$Lambda+0x00000156d3098ff0
instanceKlass  @bci org/testng/TestRunner getConfigurationListeners ()Ljava/util/List; 24 <appendix> argL0 ; # org/testng/TestRunner$$Lambda+0x00000156d3107790
instanceKlass java/util/stream/DistinctOps
instanceKlass  @bci org/testng/TestRunner getConfigurationListeners ()Ljava/util/List; 9 <appendix> argL0 ; # org/testng/TestRunner$$Lambda+0x00000156d3107558
instanceKlass org/testng/internal/ClassBasedWrapper
instanceKlass org/testng/internal/Parameters$MethodParameters
instanceKlass  @bci org/testng/internal/Parameters retrieveConfigAnnotation (Ljava/lang/reflect/Method;)Ljava/lang/Class; 9 <appendix> member <vmtarget> ; # org/testng/internal/Parameters$$Lambda+0x00000156d3106ef8
instanceKlass org/testng/IDataProviderMethod
instanceKlass org/testng/internal/reflect/MethodMatcher
instanceKlass org/testng/internal/Parameters
instanceKlass  @bci org/testng/internal/invokers/ConfigInvoker classConfigurationFailed (Ljava/lang/Class;Ljava/lang/Object;)Z 17 <appendix> member <vmtarget> ; # org/testng/internal/invokers/ConfigInvoker$$Lambda+0x00000156d31066b8
instanceKlass  @cpi org/testng/internal/invokers/ConfigInvoker 1008 form vmentry <vmtarget> ; # java/lang/invoke/LambdaForm$DMH+0x00000156d3104c00
instanceKlass  @bci org/testng/internal/invokers/ConfigInvoker canIgnoreConfigFailure (Lorg/testng/IClass;Lorg/testng/ITestNGMethod;)Z 143 <appendix> argL0 ; # org/testng/internal/invokers/ConfigInvoker$$Lambda+0x00000156d3106470
instanceKlass  @cpi org/testng/internal/invokers/ConfigInvoker 1030 form vmentry <vmtarget> ; # java/lang/invoke/LambdaForm$DMH+0x00000156d3104800
instanceKlass org/testng/internal/TestResult
instanceKlass org/testng/internal/invokers/TestNgMethodUtils
instanceKlass org/testng/internal/invokers/Arguments
instanceKlass org/testng/internal/invokers/ConfigMethodArguments$Builder
instanceKlass  @bci org/testng/TestRunner logStart ()V 33 <appendix> form vmentry <vmtarget> ; # java/lang/invoke/LambdaForm$MH+0x00000156d3104400
# instanceKlass java/lang/invoke/LambdaForm$MH+0x00000156d3104000
instanceKlass  @bci org/testng/TestRunner logStart ()V 33 <appendix> form names 10 function resolvedHandle form vmentry <vmtarget> ; # java/lang/invoke/LambdaForm$DMH+0x00000156d3103c00
instanceKlass  @bci org/testng/TestRunner logStart ()V 33 <appendix> argL3 form vmentry <vmtarget> ; # java/lang/invoke/LambdaForm$MH+0x00000156d3103800
# instanceKlass java/lang/invoke/LambdaForm$MH+0x00000156d3103400
# instanceKlass java/lang/invoke/LambdaForm$MH+0x00000156d3103000
# instanceKlass java/lang/invoke/LambdaForm$MH+0x00000156d3102c00
# instanceKlass java/lang/invoke/LambdaForm$MH+0x00000156d3102800
instanceKlass  @bci org/testng/TestRunner logStart ()V 33 <appendix> form names 14 function resolvedHandle form vmentry <vmtarget> ; # java/lang/invoke/LambdaForm$DMH+0x00000156d3102400
instanceKlass  @bci org/testng/TestRunner logStart ()V 33 <appendix> argL1 form vmentry <vmtarget> ; # java/lang/invoke/LambdaForm$MH+0x00000156d3102000
# instanceKlass java/lang/invoke/LambdaForm$MH+0x00000156d3101c00
# instanceKlass java/lang/invoke/LambdaForm$MH+0x00000156d3101800
# instanceKlass java/lang/invoke/LambdaForm$MH+0x00000156d3101400
instanceKlass  @bci org/testng/util/Strings valueOf (Ljava/util/Map;)Ljava/lang/String; 11 <appendix> argL0 ; # org/testng/util/Strings$$Lambda+0x00000156d30fb240
instanceKlass  @bci org/testng/SuiteRunner runTest (Lorg/testng/TestRunner;)V 10 <appendix> member <vmtarget> ; # org/testng/SuiteRunner$$Lambda+0x00000156d30fb010
instanceKlass  @bci org/openqa/selenium/net/UrlChecker lambda$static$0 (Ljava/lang/Runnable;)Ljava/lang/Thread; 11 <appendix> form vmentry <vmtarget> ; # java/lang/invoke/LambdaForm$MH+0x00000156d3101000
instanceKlass  @bci org/openqa/selenium/net/UrlChecker lambda$static$0 (Ljava/lang/Runnable;)Ljava/lang/Thread; 11 <appendix> argL3 form vmentry <vmtarget> ; # java/lang/invoke/LambdaForm$MH+0x00000156d3100c00
# instanceKlass java/lang/invoke/LambdaForm$MH+0x00000156d3100800
# instanceKlass java/lang/invoke/LambdaForm$MH+0x00000156d3100400
# instanceKlass java/lang/invoke/LambdaForm$MH+0x00000156d3100000
instanceKlass  @bci org/testng/SuiteRunner privateRun ()V 73 <appendix> member <vmtarget> ; # org/testng/SuiteRunner$$Lambda+0x00000156d30fade0
instanceKlass  @bci org/testng/SuiteRunner getAllMethods ()Ljava/util/List; 9 <appendix> argL0 ; # org/testng/SuiteRunner$$Lambda+0x00000156d30faba8
instanceKlass  @bci org/testng/internal/ListenerOrderDeterminer lambda$static$2 (Ljava/lang/Class;)Z 9 <appendix> member <vmtarget> ; # org/testng/internal/ListenerOrderDeterminer$$Lambda+0x00000156d30fa958
instanceKlass org/testng/SuiteRunnerWorker
instanceKlass org/testng/thread/IWorker
instanceKlass  @bci org/testng/TestNG createSuiteRunner (Lorg/testng/xml/XmlSuite;)Lorg/testng/SuiteRunner; 271 <appendix> member <vmtarget> ; # org/testng/TestNG$$Lambda+0x00000156d30fa250
instanceKlass  @bci org/testng/TestRunner addTestListener (Lorg/testng/ITestListener;)V 10 <appendix> member <vmtarget> ; # org/testng/TestRunner$$Lambda+0x00000156d30fa000
instanceKlass  @bci org/testng/TestRunner addConfigurationListener (Lorg/testng/IConfigurationListener;)V 10 <appendix> member <vmtarget> ; # org/testng/TestRunner$$Lambda+0x00000156d30ffcd0
instanceKlass org/testng/internal/DefaultListenerFactory
instanceKlass  @bci org/testng/internal/TestListenerHelper findAllListeners (Ljava/lang/Class;Lorg/testng/internal/annotations/IAnnotationFinder;)Lorg/testng/internal/TestListenerHelper$ListenerHolder; 75 <appendix> member <vmtarget> ; # org/testng/internal/TestListenerHelper$$Lambda+0x00000156d30ff880
instanceKlass  @bci org/testng/internal/TestListenerHelper findAllListeners (Ljava/lang/Class;Lorg/testng/internal/annotations/IAnnotationFinder;)Lorg/testng/internal/TestListenerHelper$ListenerHolder; 59 <appendix> argL0 ; # org/testng/internal/TestListenerHelper$$Lambda+0x00000156d30ff648
instanceKlass  @bci org/testng/internal/TestListenerHelper findAllListeners (Ljava/lang/Class;Lorg/testng/internal/annotations/IAnnotationFinder;)Lorg/testng/internal/TestListenerHelper$ListenerHolder; 45 <appendix> member <vmtarget> ; # org/testng/internal/TestListenerHelper$$Lambda+0x00000156d30ff418
instanceKlass org/testng/internal/TestListenerHelper$ListenerHolder
instanceKlass org/testng/internal/TestListenerHelper
instanceKlass org/testng/internal/ConfigurationGroupMethods
instanceKlass  @bci org/testng/ClassMethodMap <init> (Ljava/util/List;Lorg/testng/internal/XmlMethodSelector;)V 85 <appendix> argL0 ; # org/testng/ClassMethodMap$$Lambda+0x00000156d30fe930
instanceKlass org/testng/ClassMethodMap
instanceKlass  @bci org/testng/internal/MethodGroupsHelper isMethodAlreadyNotPresent (Ljava/util/List;Lorg/testng/ITestNGMethod;)Z 48 <appendix> member <vmtarget> ; # org/testng/internal/MethodGroupsHelper$$Lambda+0x00000156d30fe4b8
instanceKlass  @bci org/testng/internal/MethodGroupsHelper isMethodAlreadyNotPresent (Ljava/util/List;Lorg/testng/ITestNGMethod;)Z 37 <appendix> argL0 ; # org/testng/internal/MethodGroupsHelper$$Lambda+0x00000156d30fe280
instanceKlass  @bci org/testng/internal/MethodGroupsHelper isMethodAlreadyNotPresent (Ljava/util/List;Lorg/testng/ITestNGMethod;)Z 27 <appendix> member <vmtarget> ; # org/testng/internal/MethodGroupsHelper$$Lambda+0x00000156d30fe030
instanceKlass  @bci org/testng/internal/MethodGroupsHelper isMethodAlreadyNotPresent (Ljava/util/List;Lorg/testng/ITestNGMethod;)Z 16 <appendix> argL0 ; # org/testng/internal/MethodGroupsHelper$$Lambda+0x00000156d30fddf8
instanceKlass  @bci org/testng/internal/NoOpTestClass getAfterTestConfigurationMethods ()[Lorg/testng/ITestNGMethod; 4 <appendix> argL0 ; # org/testng/internal/NoOpTestClass$$Lambda+0x00000156d30fdbe0
instanceKlass  @bci org/testng/internal/NoOpTestClass getBeforeTestConfigurationMethods ()[Lorg/testng/ITestNGMethod; 4 <appendix> argL0 ; # org/testng/internal/NoOpTestClass$$Lambda+0x00000156d30fd9c8
instanceKlass  @bci org/testng/internal/NoOpTestClass getAfterSuiteMethods ()[Lorg/testng/ITestNGMethod; 4 <appendix> argL0 ; # org/testng/internal/NoOpTestClass$$Lambda+0x00000156d30fd7b0
instanceKlass  @bci org/testng/internal/NoOpTestClass getBeforeSuiteMethods ()[Lorg/testng/ITestNGMethod; 4 <appendix> argL0 ; # org/testng/internal/NoOpTestClass$$Lambda+0x00000156d30fd598
instanceKlass  @bci org/testng/TestRunner afterClassConfigMethods (Lorg/testng/ITestClass;)[Lorg/testng/ITestNGMethod; 4 <appendix> argL0 ; # org/testng/TestRunner$$Lambda+0x00000156d30fd380
instanceKlass  @bci org/testng/internal/NoOpTestClass getAfterTestMethods ()[Lorg/testng/ITestNGMethod; 4 <appendix> argL0 ; # org/testng/internal/NoOpTestClass$$Lambda+0x00000156d30fd168
instanceKlass  @bci org/testng/internal/NoOpTestClass getBeforeTestMethods ()[Lorg/testng/ITestNGMethod; 4 <appendix> argL0 ; # org/testng/internal/NoOpTestClass$$Lambda+0x00000156d30fcf50
instanceKlass  @bci org/testng/TestRunner beforeClassConfigMethods (Lorg/testng/ITestClass;)[Lorg/testng/ITestNGMethod; 4 <appendix> argL0 ; # org/testng/TestRunner$$Lambda+0x00000156d30fcd38
instanceKlass java/util/stream/ReduceOps$2ReducingSink
instanceKlass  @bci org/testng/TestClass getAllClassLevelConfigs (Ljava/util/IdentityHashMap;)Ljava/util/List; 9 <appendix> argL0 ; # org/testng/TestClass$$Lambda+0x00000156d30fcaf8
instanceKlass java/util/IdentityHashMap$IdentityHashMapSpliterator
instanceKlass  @bci org/testng/internal/NoOpTestClass getAfterGroupsMethods ()[Lorg/testng/ITestNGMethod; 4 <appendix> argL0 ; # org/testng/internal/NoOpTestClass$$Lambda+0x00000156d30fc8e0
instanceKlass  @bci org/testng/internal/ConfigurationMethod createAfterConfigurationMethods (Lorg/testng/ITestObjectFactory;[Lorg/testng/ITestNGMethod;Lorg/testng/internal/annotations/IAnnotationFinder;ZLorg/testng/internal/IObject$IdentifiableObject;)Ljava/util/List; 17 <adapter> ; # java/lang/invoke/LambdaForm$MH+0x00000156d30f9c00
# instanceKlass java/lang/invoke/LambdaForm$DMH+0x00000156d30f9800
instanceKlass  @bci org/testng/internal/ConfigurationMethod createAfterConfigurationMethods (Lorg/testng/ITestObjectFactory;[Lorg/testng/ITestNGMethod;Lorg/testng/internal/annotations/IAnnotationFinder;ZLorg/testng/internal/IObject$IdentifiableObject;)Ljava/util/List; 17 <appendix> form vmentry <vmtarget> ; # java/lang/invoke/LambdaForm$DMH+0x00000156d30f9400
instanceKlass  @bci org/testng/internal/ConfigurationMethod createAfterConfigurationMethods (Lorg/testng/ITestObjectFactory;[Lorg/testng/ITestNGMethod;Lorg/testng/internal/annotations/IAnnotationFinder;ZLorg/testng/internal/IObject$IdentifiableObject;)Ljava/util/List; 17 <appendix> member <vmtarget> ; # org/testng/internal/ConfigurationMethod$$Lambda+0x00000156d30fc6a0
instanceKlass  @cpi org/testng/internal/ConfigurationMethod 591 form vmentry <vmtarget> ; # java/lang/invoke/LambdaForm$DMH+0x00000156d30f9000
instanceKlass  @bci java/util/stream/Nodes$CollectorTask$OfRef <init> (Ljava/util/stream/PipelineHelper;Ljava/util/function/IntFunction;Ljava/util/Spliterator;)V 9 <appendix> argL0 ; # java/util/stream/Nodes$CollectorTask$OfRef$$Lambda+0x00000156d30974b8
instanceKlass java/util/stream/Nodes$AbstractConcNode
instanceKlass  @bci java/util/stream/Nodes$CollectorTask$OfRef <init> (Ljava/util/stream/PipelineHelper;Ljava/util/function/IntFunction;Ljava/util/Spliterator;)V 4 <appendix> member <vmtarget> ; # java/util/stream/Nodes$CollectorTask$OfRef$$Lambda+0x00000156d3096d38
instanceKlass java/util/function/LongFunction
instanceKlass  @bci java/util/stream/Nodes castingArray ()Ljava/util/function/IntFunction; 0 <appendix> argL0 ; # java/util/stream/Nodes$$Lambda+0x00000156d30962c8
instanceKlass  @bci org/testng/internal/Graph topologicalSort ()V 36 <appendix> argL0 ; # org/testng/internal/Graph$$Lambda+0x00000156d30fc468
instanceKlass  @bci org/testng/internal/Graph topologicalSort ()V 26 <appendix> member <vmtarget> ; # org/testng/internal/Graph$$Lambda+0x00000156d30fc218
instanceKlass  @bci java/util/stream/Collectors toMap (Ljava/util/function/Function;Ljava/util/function/Function;Ljava/util/function/BinaryOperator;Ljava/util/function/Supplier;)Ljava/util/stream/Collector; 3 <appendix> member <vmtarget> ; # java/util/stream/Collectors$$Lambda+0x00000156d3096098
instanceKlass  @bci org/testng/internal/Graph initializeIndependentNodes ()V 48 <appendix> argL0 ; # org/testng/internal/Graph$$Lambda+0x00000156d30fc000
instanceKlass  @bci org/testng/internal/Graph initializeIndependentNodes ()V 43 <appendix> argL0 ; # org/testng/internal/Graph$$Lambda+0x00000156d30f7be8
instanceKlass  @bci java/util/function/Function identity ()Ljava/util/function/Function; 0 <appendix> argL0 ; # java/util/function/Function$$Lambda+0x00000156d3095e60
instanceKlass  @bci org/testng/internal/Graph initializeIndependentNodes ()V 35 <appendix> argL0 ; # org/testng/internal/Graph$$Lambda+0x00000156d30f79b0
instanceKlass  @bci org/testng/internal/Graph log (Ljava/lang/String;)V 1 <appendix> member <vmtarget> ; # org/testng/internal/Graph$$Lambda+0x00000156d30f7790
instanceKlass  @bci org/testng/internal/Graph addNode (Ljava/lang/Object;)V 1 <appendix> member <vmtarget> ; # org/testng/internal/Graph$$Lambda+0x00000156d30f7570
instanceKlass  @bci org/testng/internal/MethodHelper sortMethodsByInstance ([Lorg/testng/ITestNGMethod;)Ljava/util/Map; 22 <appendix> argL0 ; # org/testng/internal/MethodHelper$$Lambda+0x00000156d30f7338
instanceKlass  @bci org/testng/internal/MethodHelper sortMethodsByInstance ([Lorg/testng/ITestNGMethod;)Ljava/util/Map; 12 <appendix> argL0 ; # org/testng/internal/MethodHelper$$Lambda+0x00000156d30f70f0
instanceKlass java/util/stream/Nodes$ArrayNode
instanceKlass  @bci org/testng/internal/MethodHelper sortMethods (ZLjava/util/List;Ljava/util/Comparator;)Ljava/util/List; 107 <appendix> argL0 ; # org/testng/internal/MethodHelper$$Lambda+0x00000156d30f6ed8
instanceKlass java/util/stream/SortedOps
instanceKlass  @bci org/testng/internal/MethodHelper bubbleUpIndependentMethodsFirst ()Ljava/util/Comparator; 0 <appendix> argL0 ; # org/testng/internal/MethodHelper$$Lambda+0x00000156d30f6c48
instanceKlass  @bci org/testng/internal/MethodInheritance fixMethodInheritance ([Lorg/testng/ITestNGMethod;Z)V 177 <appendix> member <vmtarget> ; # org/testng/internal/MethodInheritance$$Lambda+0x00000156d30f6a18
instanceKlass  @cpi org/testng/internal/MethodInheritance 346 form vmentry <vmtarget> ; # java/lang/invoke/LambdaForm$DMH+0x00000156d30f8c00
instanceKlass  @bci org/testng/internal/MethodInheritance fixMethodInheritance ([Lorg/testng/ITestNGMethod;Z)V 165 <appendix> argL0 ; # org/testng/internal/MethodInheritance$$Lambda+0x00000156d30f67d0
instanceKlass  @bci org/testng/internal/MethodInheritance findSubClass (Ljava/util/Map;Ljava/lang/Class;)Ljava/lang/Class; 25 <appendix> member <vmtarget> ; # org/testng/internal/MethodInheritance$$Lambda+0x00000156d30f6580
instanceKlass java/util/concurrent/ForkJoinPool$2
instanceKlass jdk/internal/access/JavaUtilConcurrentFJPAccess
instanceKlass jdk/internal/vm/ThreadContainers
instanceKlass java/util/concurrent/ForkJoinPool$DefaultForkJoinWorkerThreadFactory
instanceKlass java/util/concurrent/ForkJoinPool$WorkQueue
instanceKlass jdk/internal/vm/StackableScope
instanceKlass java/util/concurrent/CountDownLatch
instanceKlass java/util/concurrent/ForkJoinPool$ForkJoinWorkerThreadFactory
instanceKlass java/util/concurrent/ForkJoinTask$Aux
instanceKlass java/util/concurrent/ForkJoinTask
instanceKlass java/util/concurrent/Future
instanceKlass  @bci org/testng/internal/MethodInheritance findMethodListSuperClass (Ljava/util/Map;Ljava/lang/Class;)Ljava/util/List; 30 <appendix> argL0 ; # org/testng/internal/MethodInheritance$$Lambda+0x00000156d30f6348
instanceKlass  @bci org/testng/internal/MethodInheritance findMethodListSuperClass (Ljava/util/Map;Ljava/lang/Class;)Ljava/util/List; 20 <appendix> member <vmtarget> ; # org/testng/internal/MethodInheritance$$Lambda+0x00000156d30f60f8
instanceKlass  @bci org/testng/internal/MethodInheritance <clinit> ()V 0 <appendix> argL0 ; # org/testng/internal/MethodInheritance$$Lambda+0x00000156d30f5e68
instanceKlass org/testng/internal/MethodInheritance
instanceKlass  @bci org/openqa/selenium/remote/Command toString ()Ljava/lang/String; 18 <appendix> form vmentry <vmtarget> ; # java/lang/invoke/LambdaForm$MH+0x00000156d30f8800
# instanceKlass java/lang/invoke/LambdaForm$MH+0x00000156d30f8400
instanceKlass  @bci org/openqa/selenium/remote/Command toString ()Ljava/lang/String; 18 <appendix> argL3 form vmentry <vmtarget> ; # java/lang/invoke/LambdaForm$MH+0x00000156d30f8000
# instanceKlass java/lang/invoke/LambdaForm$MH+0x00000156d30f3c00
# instanceKlass java/lang/invoke/LambdaForm$MH+0x00000156d30f3800
# instanceKlass java/lang/invoke/LambdaForm$MH+0x00000156d30f3400
# instanceKlass java/lang/invoke/LambdaForm$MH+0x00000156d30f3000
instanceKlass  @bci org/openqa/selenium/remote/Command toString ()Ljava/lang/String; 18 <appendix> argL1 form vmentry <vmtarget> ; # java/lang/invoke/LambdaForm$MH+0x00000156d30f2c00
# instanceKlass java/lang/invoke/LambdaForm$MH+0x00000156d30f2800
# instanceKlass java/lang/invoke/LambdaForm$MH+0x00000156d30f2400
# instanceKlass java/lang/invoke/LambdaForm$MH+0x00000156d30f2000
instanceKlass  @bci org/testng/collections/MultiMap get (Ljava/lang/Object;)Ljava/util/Collection; 6 <appendix> member <vmtarget> ; # org/testng/collections/MultiMap$$Lambda+0x00000156d30f5a28
instanceKlass  @bci org/testng/internal/MethodGroupsHelper findGroupTransitiveClosure (Ljava/util/List;Ljava/util/List;[Ljava/lang/String;Ljava/util/Set;Ljava/util/Set;)V 38 <appendix> argL0 ; # org/testng/internal/MethodGroupsHelper$$Lambda+0x00000156d30f57f0
instanceKlass  @bci org/testng/internal/MethodGroupsHelper findGroupTransitiveClosure (Ljava/util/List;Ljava/util/List;[Ljava/lang/String;Ljava/util/Set;Ljava/util/Set;)V 33 <appendix> argL0 ; # org/testng/internal/MethodGroupsHelper$$Lambda+0x00000156d30f55b8
instanceKlass  @bci org/testng/internal/MethodGroupsHelper findGroupTransitiveClosure (Ljava/util/List;Ljava/util/List;[Ljava/lang/String;Ljava/util/Set;Ljava/util/Set;)V 11 <appendix> argL0 ; # org/testng/internal/MethodGroupsHelper$$Lambda+0x00000156d30f5380
instanceKlass  @bci org/testng/internal/MethodGroupsHelper findGroupTransitiveClosure (Ljava/util/List;Ljava/util/List;[Ljava/lang/String;Ljava/util/Set;Ljava/util/Set;)V 6 <appendix> argL0 ; # org/testng/internal/MethodGroupsHelper$$Lambda+0x00000156d30f5148
instanceKlass org/testng/internal/DefaultMethodSelectorContext
instanceKlass  @bci org/testng/internal/ConfigurationMethod <init> (Lorg/testng/ITestObjectFactory;Lorg/testng/internal/ConstructorOrMethod;Lorg/testng/internal/annotations/IAnnotationFinder;ZZZZZZZZZ[Ljava/lang/String;[Ljava/lang/String;ZLorg/testng/internal/IObject$IdentifiableObject;)V 41 <appendix> argL0 ; # org/testng/internal/ConfigurationMethod$$Lambda+0x00000156d30f4cb8
instanceKlass  @bci org/testng/internal/ConfigurationMethod <init> (Lorg/testng/ITestObjectFactory;Lorg/testng/internal/ConstructorOrMethod;Lorg/testng/internal/annotations/IAnnotationFinder;ZZZZZZZZZ[Ljava/lang/String;[Ljava/lang/String;ZLorg/testng/internal/IObject$IdentifiableObject;)V 33 <appendix> argL0 ; # org/testng/internal/ConfigurationMethod$$Lambda+0x00000156d30f4a80
instanceKlass  @bci org/testng/internal/MethodHelper topologicalSort ([Lorg/testng/ITestNGMethod;Ljava/util/List;Ljava/util/List;Ljava/util/Comparator;)Lorg/testng/internal/Graph; 5 <appendix> member <vmtarget> ; # org/testng/internal/MethodHelper$$Lambda+0x00000156d30f4000
instanceKlass org/testng/internal/Graph$Node
instanceKlass org/testng/internal/Graph
instanceKlass  @bci org/testng/internal/MethodHelper collectAndOrderMethods (Ljava/util/List;ZLorg/testng/internal/RunInfo;Lorg/testng/internal/annotations/IAnnotationFinder;ZLjava/util/List;Ljava/util/Comparator;)[Lorg/testng/ITestNGMethod; 43 <adapter> ; # java/lang/invoke/LambdaForm$MH+0x00000156d30f1c00
# instanceKlass java/lang/invoke/LambdaForm$DMH+0x00000156d30f1800
instanceKlass  @bci org/testng/internal/MethodHelper collectAndOrderMethods (Ljava/util/List;ZLorg/testng/internal/RunInfo;Lorg/testng/internal/annotations/IAnnotationFinder;ZLjava/util/List;Ljava/util/Comparator;)[Lorg/testng/ITestNGMethod; 43 <appendix> form vmentry <vmtarget> ; # java/lang/invoke/LambdaForm$DMH+0x00000156d30f1400
instanceKlass  @bci org/testng/internal/MethodHelper collectAndOrderMethods (Ljava/util/List;ZLorg/testng/internal/RunInfo;Lorg/testng/internal/annotations/IAnnotationFinder;ZLjava/util/List;Ljava/util/Comparator;)[Lorg/testng/ITestNGMethod; 43 <appendix> member <vmtarget> ; # org/testng/internal/MethodHelper$$Lambda+0x00000156d30eb7b8
instanceKlass  @bci org/apache/poi/util/XMLHelper newDocumentBuilder ()Ljavax/xml/parsers/DocumentBuilder; 8 <bsm> form vmentry <vmtarget> ; # java/lang/invoke/LambdaForm$DMH+0x00000156d30f1000
instanceKlass java/lang/invoke/MethodHandle$1
instanceKlass  @cpi org/testng/internal/MethodHelper 921 form vmentry <vmtarget> ; # java/lang/invoke/LambdaForm$DMH+0x00000156d30f0c00
instanceKlass  @bci org/testng/util/TimeUtils computeAndShowTime (Ljava/lang/String;Lorg/testng/util/TimeUtils$Task;)V 27 <adapter> ; # java/lang/invoke/LambdaForm$MH+0x00000156d30f0800
instanceKlass  @bci org/testng/util/TimeUtils computeAndShowTime (Ljava/lang/String;Lorg/testng/util/TimeUtils$Task;)V 27 <appendix> form vmentry <vmtarget> ; # java/lang/invoke/LambdaForm$MH+0x00000156d30f0400
# instanceKlass java/lang/invoke/LambdaForm$MH+0x00000156d30f0000
instanceKlass  @bci org/testng/util/TimeUtils computeAndShowTime (Ljava/lang/String;Lorg/testng/util/TimeUtils$Task;)V 27 <appendix> form names 6 function resolvedHandle form vmentry <vmtarget> ; # java/lang/invoke/LambdaForm$DMH+0x00000156d30efc00
instanceKlass  @bci org/testng/util/TimeUtils computeAndShowTime (Ljava/lang/String;Lorg/testng/util/TimeUtils$Task;)V 27 <appendix> argL3 form vmentry <vmtarget> ; # java/lang/invoke/LambdaForm$MH+0x00000156d30ef800
# instanceKlass java/lang/invoke/LambdaForm$MH+0x00000156d30ef400
# instanceKlass java/lang/invoke/LambdaForm$MH+0x00000156d30ef000
# instanceKlass java/lang/invoke/LambdaForm$MH+0x00000156d30eec00
# instanceKlass java/lang/invoke/LambdaForm$MH+0x00000156d30ee800
instanceKlass  @bci org/testng/util/TimeUtils computeAndShowTime (Ljava/lang/String;Lorg/testng/util/TimeUtils$Task;)V 27 <appendix> form names 10 function resolvedHandle form vmentry <vmtarget> ; # java/lang/invoke/LambdaForm$DMH+0x00000156d30ee400
instanceKlass  @bci org/testng/util/TimeUtils computeAndShowTime (Ljava/lang/String;Lorg/testng/util/TimeUtils$Task;)V 27 <appendix> argL1 form vmentry <vmtarget> ; # java/lang/invoke/LambdaForm$MH+0x00000156d30ee000
instanceKlass  @bci jdk/internal/net/http/SocketTube$InternalReadPublisher$InternalReadSubscription request (J)V 82 <appendix> argL1 form vmentry <vmtarget> ; # java/lang/invoke/LambdaForm$MH+0x00000156d30edc00
# instanceKlass java/lang/invoke/LambdaForm$MH+0x00000156d30ed800
# instanceKlass java/lang/invoke/LambdaForm$MH+0x00000156d30ed400
# instanceKlass java/lang/invoke/LambdaForm$MH+0x00000156d30ed000
instanceKlass java/time/Instant$1
instanceKlass org/testng/internal/MethodGroupsHelper
instanceKlass java/time/Clock
instanceKlass java/time/InstantSource
instanceKlass java/time/Instant
instanceKlass org/testng/util/TimeUtils
instanceKlass  @bci org/testng/internal/MethodHelper collectAndOrderMethods (Ljava/util/List;ZLorg/testng/internal/RunInfo;Lorg/testng/internal/annotations/IAnnotationFinder;ZLjava/util/List;Ljava/util/Comparator;)[Lorg/testng/ITestNGMethod; 26 <adapter> ; # java/lang/invoke/LambdaForm$MH+0x00000156d30ecc00
# instanceKlass java/lang/invoke/LambdaForm$DMH+0x00000156d30ec800
instanceKlass  @bci org/testng/internal/MethodHelper collectAndOrderMethods (Ljava/util/List;ZLorg/testng/internal/RunInfo;Lorg/testng/internal/annotations/IAnnotationFinder;ZLjava/util/List;Ljava/util/Comparator;)[Lorg/testng/ITestNGMethod; 26 <appendix> form vmentry <vmtarget> ; # java/lang/invoke/LambdaForm$DMH+0x00000156d30ec400
instanceKlass  @bci org/testng/internal/MethodHelper collectAndOrderMethods (Ljava/util/List;ZLorg/testng/internal/RunInfo;Lorg/testng/internal/annotations/IAnnotationFinder;ZLjava/util/List;Ljava/util/Comparator;)[Lorg/testng/ITestNGMethod; 26 <appendix> member <vmtarget> ; # org/testng/internal/MethodHelper$$Lambda+0x00000156d30eb198
instanceKlass  @cpi org/testng/internal/MethodHelper 918 form vmentry <vmtarget> ; # java/lang/invoke/LambdaForm$DMH+0x00000156d30ec000
instanceKlass org/testng/util/TimeUtils$Task
instanceKlass java/util/concurrent/atomic/AtomicReference
instanceKlass org/testng/internal/MethodHelper
instanceKlass org/testng/internal/TestNGMethodFinder$1
instanceKlass  @bci org/testng/internal/ClassHelper getAvailableMethodsExcludingDefaults (Ljava/lang/Class;)Ljava/util/Set; 68 <appendix> argL0 ; # org/testng/internal/ClassHelper$$Lambda+0x00000156d30ea968
instanceKlass  @bci org/testng/internal/ClassHelper getAvailableMethodsExcludingDefaults (Ljava/lang/Class;)Ljava/util/Set; 47 <appendix> argL0 ; # org/testng/internal/ClassHelper$$Lambda+0x00000156d30ea740
instanceKlass  @bci org/testng/internal/ClassHelper getAvailableMethodsExcludingDefaults (Ljava/lang/Class;)Ljava/util/Set; 37 <appendix> argL0 ; # org/testng/internal/ClassHelper$$Lambda+0x00000156d30ea4f8
instanceKlass  @bci java/util/stream/Collectors lambda$groupingBy$53 (Ljava/util/function/Function;Ljava/util/function/Supplier;Ljava/util/function/BiConsumer;Ljava/util/Map;Ljava/lang/Object;)V 20 <appendix> member <vmtarget> ; # java/util/stream/Collectors$$Lambda+0x00000156d3093278
instanceKlass  @bci java/util/stream/Collectors mapMerger (Ljava/util/function/BinaryOperator;)Ljava/util/function/BinaryOperator; 1 <appendix> member <vmtarget> ; # java/util/stream/Collectors$$Lambda+0x00000156d3093030
instanceKlass  @bci java/util/stream/Collectors groupingBy (Ljava/util/function/Function;Ljava/util/function/Supplier;Ljava/util/stream/Collector;)Ljava/util/stream/Collector; 19 <appendix> member <vmtarget> ; # java/util/stream/Collectors$$Lambda+0x00000156d3092e00
instanceKlass  @cpi java/util/stream/Collectors 1299 form vmentry <vmtarget> ; # java/lang/invoke/LambdaForm$DMH+0x00000156d30e1c00
instanceKlass  @bci java/util/stream/Collectors groupingBy (Ljava/util/function/Function;Ljava/util/stream/Collector;)Ljava/util/stream/Collector; 1 <appendix> argL0 ; # java/util/stream/Collectors$$Lambda+0x00000156d3092be8
instanceKlass  @bci org/testng/internal/ClassHelper getAvailableMethodsExcludingDefaults (Ljava/lang/Class;)Ljava/util/Set; 9 <appendix> argL0 ; # org/testng/internal/ClassHelper$$Lambda+0x00000156d30ea2c0
instanceKlass  @bci org/testng/internal/Utils stringifyTypes ([Ljava/lang/Class;)Ljava/lang/String; 4 <appendix> argL0 ; # org/testng/internal/Utils$$Lambda+0x00000156d30e9c58
instanceKlass  @bci org/testng/internal/TestNGMethod findDescription (Lorg/testng/annotations/ITestAnnotation;Lorg/testng/xml/XmlTest;)Ljava/lang/String; 68 <appendix> argL0 ; # org/testng/internal/TestNGMethod$$Lambda+0x00000156d30e9a10
instanceKlass  @bci org/testng/internal/TestNGMethod findDescription (Lorg/testng/annotations/ITestAnnotation;Lorg/testng/xml/XmlTest;)Ljava/lang/String; 58 <appendix> argL0 ; # org/testng/internal/TestNGMethod$$Lambda+0x00000156d30e97d8
instanceKlass  @bci org/testng/internal/TestNGMethod findDescription (Lorg/testng/annotations/ITestAnnotation;Lorg/testng/xml/XmlTest;)Ljava/lang/String; 48 <appendix> member <vmtarget> ; # org/testng/internal/TestNGMethod$$Lambda+0x00000156d30e9588
instanceKlass org/testng/xml/XmlInclude
instanceKlass  @bci org/testng/internal/TestNGMethod findDescription (Lorg/testng/annotations/ITestAnnotation;Lorg/testng/xml/XmlTest;)Ljava/lang/String; 37 <appendix> argL0 ; # org/testng/internal/TestNGMethod$$Lambda+0x00000156d30e90e0
instanceKlass  @bci org/testng/internal/TestNGMethod findDescription (Lorg/testng/annotations/ITestAnnotation;Lorg/testng/xml/XmlTest;)Ljava/lang/String; 27 <appendix> member <vmtarget> ; # org/testng/internal/TestNGMethod$$Lambda+0x00000156d30e8e90
instanceKlass  @bci org/testng/internal/BaseTestMethod getInstance ()Ljava/lang/Object; 15 <appendix> argL0 ; # org/testng/internal/BaseTestMethod$$Lambda+0x00000156d30e8c58
instanceKlass  @bci org/testng/internal/BaseTestMethod getInstance ()Ljava/lang/Object; 7 <appendix> argL0 ; # org/testng/internal/BaseTestMethod$$Lambda+0x00000156d30e8a20
instanceKlass java/util/concurrent/ConcurrentLinkedQueue$Node
instanceKlass org/testng/internal/ConstructorOrMethod
instanceKlass org/testng/internal/BaseTestMethod
instanceKlass org/testng/internal/IInstanceIdentity
instanceKlass org/testng/internal/invokers/IInvocationStatus
instanceKlass  @bci jdk/internal/net/http/Http1Response lambda$readBody$3 (JLjava/net/http/HttpResponse$BodySubscriber;Ljava/util/concurrent/CompletableFuture;Ljdk/internal/net/http/Http1Response$ClientRefCountTracker;)V 164 <appendix> form vmentry <vmtarget> ; # java/lang/invoke/LambdaForm$DMH+0x00000156d30e1800
instanceKlass  @bci org/testng/internal/annotations/AnnotationHelper findMethodsWithAnnotation (Lorg/testng/ITestObjectFactory;Ljava/lang/Class;Ljava/lang/Class;Lorg/testng/internal/annotations/IAnnotationFinder;Lorg/testng/xml/XmlTest;)[Lorg/testng/ITestNGMethod; 302 <appendix> member <vmtarget> ; # org/testng/internal/annotations/AnnotationHelper$$Lambda+0x00000156d30e3168
instanceKlass  @bci java/util/stream/MatchOps makeRef (Ljava/util/function/Predicate;Ljava/util/stream/MatchOps$MatchKind;)Ljava/util/stream/TerminalOp; 20 <appendix> member <vmtarget> ; # java/util/stream/MatchOps$$Lambda+0x00000156d30920b8
instanceKlass java/util/stream/MatchOps$BooleanTerminalSink
instanceKlass java/util/stream/MatchOps$MatchOp
instanceKlass java/util/stream/MatchOps
instanceKlass  @bci org/testng/internal/annotations/AnnotationHelper findMethodsWithAnnotation (Lorg/testng/ITestObjectFactory;Ljava/lang/Class;Ljava/lang/Class;Lorg/testng/internal/annotations/IAnnotationFinder;Lorg/testng/xml/XmlTest;)[Lorg/testng/ITestNGMethod; 253 <appendix> argL0 ; # org/testng/internal/annotations/AnnotationHelper$$Lambda+0x00000156d30e2f20
instanceKlass  @bci org/testng/internal/annotations/AnnotationHelper findMethodsWithAnnotation (Lorg/testng/ITestObjectFactory;Ljava/lang/Class;Ljava/lang/Class;Lorg/testng/internal/annotations/IAnnotationFinder;Lorg/testng/xml/XmlTest;)[Lorg/testng/ITestNGMethod; 13 <appendix> argL0 ; # org/testng/internal/annotations/AnnotationHelper$$Lambda+0x00000156d30e2cd8
instanceKlass  @bci org/testng/TestClass initTestClassesAndInstances ()V 50 <appendix> member <vmtarget> ; # org/testng/TestClass$$Lambda+0x00000156d30e2aa8
instanceKlass org/testng/ITest
instanceKlass  @bci org/testng/TestClass initTestClassesAndInstances ()V 34 <appendix> argL0 ; # org/testng/TestClass$$Lambda+0x00000156d30e2668
instanceKlass  @bci org/testng/TestClass initTestClassesAndInstances ()V 24 <appendix> argL0 ; # org/testng/TestClass$$Lambda+0x00000156d30e2430
instanceKlass org/testng/internal/IParameterInfo
instanceKlass  @bci org/testng/TestClass initTestClassesAndInstances ()V 14 <appendix> argL0 ; # org/testng/TestClass$$Lambda+0x00000156d30e2000
instanceKlass org/testng/internal/objects/InstanceCreator
instanceKlass org/testng/annotations/Guice
instanceKlass org/testng/internal/objects/pojo/CreationAttributes
instanceKlass org/testng/internal/objects/pojo/DetailedAttributes
instanceKlass org/testng/internal/objects/pojo/BasicAttributes
instanceKlass  @bci org/testng/internal/MethodInheritance fixMethodInheritance ([Lorg/testng/ITestNGMethod;Z)V 177 <appendix> form vmentry <vmtarget> ; # java/lang/invoke/LambdaForm$DMH+0x00000156d30e1400
instanceKlass  @bci org/testng/internal/IObject objects (Ljava/lang/Object;ZLjava/lang/String;)[Lorg/testng/internal/IObject$IdentifiableObject; 6 <appendix> member <vmtarget> ; # org/testng/internal/IObject$$Lambda+0x00000156d30e7220
instanceKlass  @cpi org/testng/internal/IObject 91 form vmentry <vmtarget> ; # java/lang/invoke/LambdaForm$DMH+0x00000156d30e1000
instanceKlass org/testng/internal/NoOpTestClass
instanceKlass org/testng/internal/ITestClassConfigInfo
instanceKlass org/testng/ITestClass
instanceKlass  @bci org/testng/internal/TestNGMethodFinder <clinit> ()V 0 <appendix> argL0 ; # org/testng/internal/TestNGMethodFinder$$Lambda+0x00000156d30e5f60
instanceKlass org/testng/internal/TestNGMethodFinder
instanceKlass  @bci org/testng/internal/ClassHelper findDeclaredFactoryMethods (Ljava/lang/Class;Lorg/testng/internal/annotations/IAnnotationFinder;)Ljava/util/List; 9 <appendix> member <vmtarget> ; # org/testng/internal/ClassHelper$$Lambda+0x00000156d30e5a68
instanceKlass org/testng/internal/ClassImpl
instanceKlass org/testng/internal/IObject
instanceKlass  @bci org/testng/internal/BaseClassFinder findOrCreateIClass (Lorg/testng/ITestContext;Ljava/lang/Class;Lorg/testng/xml/XmlClass;Lorg/testng/internal/IObject$IdentifiableObject;Lorg/testng/internal/annotations/IAnnotationFinder;Lorg/testng/ITestObjectFactory;)Lorg/testng/IClass; 14 <appendix> form vmentry <vmtarget> ; # java/lang/invoke/LambdaForm$DMH+0x00000156d30e0c00
instanceKlass  @bci org/testng/internal/BaseClassFinder findOrCreateIClass (Lorg/testng/ITestContext;Ljava/lang/Class;Lorg/testng/xml/XmlClass;Lorg/testng/internal/IObject$IdentifiableObject;Lorg/testng/internal/annotations/IAnnotationFinder;Lorg/testng/ITestObjectFactory;)Lorg/testng/IClass; 14 <appendix> member <vmtarget> ; # org/testng/internal/BaseClassFinder$$Lambda+0x00000156d30e5350
instanceKlass org/testng/internal/IObject$IdentifiableObject
instanceKlass  @bci java/util/stream/IntPipeline boxed ()Ljava/util/stream/Stream; 1 <appendix> argL0 ; # java/util/stream/IntPipeline$$Lambda+0x00000156d3091128
instanceKlass org/testng/internal/collections/Ints
instanceKlass java/util/stream/Sink$ChainedInt
instanceKlass java/util/stream/Sink$OfInt
instanceKlass java/util/function/IntConsumer
instanceKlass  @bci sun/reflect/annotation/AnnotationInvocationHandler memberValueToString (Ljava/lang/Object;)Ljava/lang/String; 238 <appendix> argL0 ; # sun/reflect/annotation/AnnotationInvocationHandler$$Lambda+0x00000156d30906f0
instanceKlass java/util/Spliterators$IntArraySpliterator
instanceKlass java/util/stream/IntStream
instanceKlass jdk/internal/vm/annotation/IntrinsicCandidate
instanceKlass java/lang/Package$1PackageInfoProxy
instanceKlass  @bci java/lang/Package getPackageInfo ()Ljava/lang/Class; 41 <appendix> member <vmtarget> ; # java/lang/Package$$Lambda+0x00000156d308f788
instanceKlass org/testng/internal/annotations/BaseAnnotation
instanceKlass  @bci org/testng/internal/annotations/JDK15AnnotationFinder findAnnotation (Ljava/lang/Class;Ljava/lang/annotation/Annotation;Ljava/lang/Class;Ljava/lang/Class;Ljava/lang/reflect/Constructor;Ljava/lang/reflect/Method;Lorg/testng/internal/collections/Pair;Ljava/lang/Class;)Lorg/testng/annotations/IAnnotation; 27 <appendix> form vmentry <vmtarget> ; # java/lang/invoke/LambdaForm$DMH+0x00000156d30e0800
instanceKlass  @bci org/testng/internal/annotations/JDK15AnnotationFinder findAnnotation (Ljava/lang/Class;Ljava/lang/annotation/Annotation;Ljava/lang/Class;Ljava/lang/Class;Ljava/lang/reflect/Constructor;Ljava/lang/reflect/Method;Lorg/testng/internal/collections/Pair;Ljava/lang/Class;)Lorg/testng/annotations/IAnnotation; 27 <appendix> member <vmtarget> ; # org/testng/internal/annotations/JDK15AnnotationFinder$$Lambda+0x00000156d30df2f0
instanceKlass  @bci jdk/internal/net/http/RawChannelTube <init> (Ljdk/internal/net/http/HttpConnection;Ljava/util/function/Supplier;)V 98 <appendix> form vmentry <vmtarget> ; # java/lang/invoke/LambdaForm$MH+0x00000156d30e0400
# instanceKlass java/lang/invoke/LambdaForm$MH+0x00000156d30e0000
instanceKlass  @bci jdk/internal/net/http/RawChannelTube <init> (Ljdk/internal/net/http/HttpConnection;Ljava/util/function/Supplier;)V 98 <appendix> argL3 form vmentry <vmtarget> ; # java/lang/invoke/LambdaForm$MH+0x00000156d30dbc00
# instanceKlass java/lang/invoke/LambdaForm$MH+0x00000156d30db800
instanceKlass  @bci jdk/internal/net/http/RawChannelTube <init> (Ljdk/internal/net/http/HttpConnection;Ljava/util/function/Supplier;)V 98 <appendix> argL2 form vmentry <vmtarget> ; # java/lang/invoke/LambdaForm$MH+0x00000156d30db400
# instanceKlass java/lang/invoke/LambdaForm$MH+0x00000156d30db000
# instanceKlass java/lang/invoke/LambdaForm$MH+0x00000156d30dac00
instanceKlass  @bci java/lang/reflect/Executable sharedToString (IZ[Ljava/lang/Class;[Ljava/lang/Class;)Ljava/lang/String; 29 <appendix> argL0 ; # java/lang/reflect/Executable$$Lambda+0x00000156d308f550
instanceKlass  @bci sun/reflect/annotation/AnnotationInvocationHandler memberValueToString (Ljava/lang/Object;)Ljava/lang/String; 407 <appendix> argL0 ; # sun/reflect/annotation/AnnotationInvocationHandler$$Lambda+0x00000156d308f318
instanceKlass  @bci sun/reflect/annotation/AnnotationInvocationHandler memberValueToString (Ljava/lang/Object;)Ljava/lang/String; 355 <appendix> argL0 ; # sun/reflect/annotation/AnnotationInvocationHandler$$Lambda+0x00000156d308f0e0
instanceKlass  @bci java/util/stream/Collectors joining (Ljava/lang/CharSequence;Ljava/lang/CharSequence;Ljava/lang/CharSequence;)Ljava/util/stream/Collector; 22 <appendix> argL0 ; # java/util/stream/Collectors$$Lambda+0x800000044
instanceKlass  @bci java/util/stream/Collectors joining (Ljava/lang/CharSequence;Ljava/lang/CharSequence;Ljava/lang/CharSequence;)Ljava/util/stream/Collector; 17 <appendix> argL0 ; # java/util/stream/Collectors$$Lambda+0x800000042
instanceKlass  @bci java/util/stream/Collectors joining (Ljava/lang/CharSequence;Ljava/lang/CharSequence;Ljava/lang/CharSequence;)Ljava/util/stream/Collector; 12 <appendix> argL0 ; # java/util/stream/Collectors$$Lambda+0x80000003f
instanceKlass  @bci java/util/stream/Collectors joining (Ljava/lang/CharSequence;Ljava/lang/CharSequence;Ljava/lang/CharSequence;)Ljava/util/stream/Collector; 7 <appendix> member <vmtarget> ; # java/util/stream/Collectors$$Lambda+0x800000047
instanceKlass  @bci sun/reflect/annotation/AnnotationInvocationHandler memberValueToString (Ljava/lang/Object;)Ljava/lang/String; 327 <appendix> argL0 ; # sun/reflect/annotation/AnnotationInvocationHandler$$Lambda+0x00000156d308eea8
instanceKlass org/testng/collections/Objects$ValueHolder
instanceKlass org/testng/collections/Objects$ToStringHelper
instanceKlass org/testng/collections/Objects
instanceKlass  @bci org/testng/internal/ClassHelper appendMethod (Ljava/util/Map;Ljava/lang/reflect/Method;)V 5 <appendix> argL0 ; # org/testng/internal/ClassHelper$$Lambda+0x00000156d30dea78
instanceKlass  @bci org/testng/internal/reflect/ReflectionHelper getDefaultMethods (Ljava/lang/Class;)Ljava/util/List; 19 <appendix> argL0 ; # org/testng/internal/reflect/ReflectionHelper$$Lambda+0x00000156d30de830
instanceKlass  @bci org/testng/internal/reflect/ReflectionHelper getDefaultMethods (Ljava/lang/Class;)Ljava/util/List; 9 <appendix> argL0 ; # org/testng/internal/reflect/ReflectionHelper$$Lambda+0x00000156d30de5f8
instanceKlass java/util/LinkedList$Node
instanceKlass org/testng/internal/reflect/ReflectionHelper
instanceKlass org/testng/internal/annotations/DisabledRetryAnalyzer
instanceKlass org/testng/IRetryAnalyzer
instanceKlass  @bci sun/reflect/annotation/AnnotationParser parseAnnotationArray (ILjava/lang/Class;Ljava/nio/ByteBuffer;Ljdk/internal/reflect/ConstantPool;Ljava/lang/Class;)Ljava/lang/Object; 15 <appendix> member <vmtarget> ; # sun/reflect/annotation/AnnotationParser$$Lambda+0x00000156d308dc00
instanceKlass org/testng/annotations/CustomAttribute
instanceKlass org/testng/IRetryDataProvider$DisableDataProviderRetries
instanceKlass org/testng/IRetryDataProvider
instanceKlass java/lang/annotation/Documented
instanceKlass org/testng/annotations/IConfigurationAnnotation
instanceKlass org/testng/internal/annotations/AnnotationHelper
instanceKlass java/util/stream/AbstractSpinedBuffer
instanceKlass java/util/stream/Node$Builder
instanceKlass java/util/stream/Node$OfDouble
instanceKlass java/util/stream/Node$OfLong
instanceKlass java/util/stream/Node$OfInt
instanceKlass java/util/stream/Node$OfPrimitive
instanceKlass java/util/stream/Nodes$EmptyNode
instanceKlass java/util/stream/Node
instanceKlass java/util/stream/Nodes
instanceKlass  @bci org/testng/internal/TestNGClassFinder createObjectFactory (Ljava/util/Set;Lorg/testng/ITestObjectFactory;)Lorg/testng/ITestObjectFactory; 113 <appendix> argL0 ; # org/testng/internal/TestNGClassFinder$$Lambda+0x00000156d30dc4a8
instanceKlass java/util/function/IntFunction
instanceKlass  @bci org/testng/internal/TestNGClassFinder createObjectFactory (Ljava/util/Set;Lorg/testng/ITestObjectFactory;)Lorg/testng/ITestObjectFactory; 103 <appendix> member <vmtarget> ; # org/testng/internal/TestNGClassFinder$$Lambda+0x00000156d30dc258
instanceKlass org/testng/internal/BaseClassFinder
instanceKlass org/testng/ITestClassFinder
instanceKlass java/lang/Class$2
instanceKlass org/testng/internal/ClassInfoMap
instanceKlass org/testng/internal/MethodSelectorDescriptor
instanceKlass  @bci jdk/internal/net/http/Http1Request hostString ()Ljava/lang/String; 78 <appendix> form vmentry <vmtarget> ; # java/lang/invoke/LambdaForm$MH+0x00000156d30da800
# instanceKlass java/lang/invoke/LambdaForm$MH+0x00000156d30da400
instanceKlass  @bci jdk/internal/net/http/Http1Request hostString ()Ljava/lang/String; 78 <appendix> argL3 form vmentry <vmtarget> ; # java/lang/invoke/LambdaForm$MH+0x00000156d30da000
# instanceKlass java/lang/invoke/LambdaForm$MH+0x00000156d30d9c00
# instanceKlass java/lang/invoke/LambdaForm$MH+0x00000156d30d9800
instanceKlass  @bci jdk/internal/net/http/Http1Request hostString ()Ljava/lang/String; 78 <appendix> argL1 argL1 form vmentry <vmtarget> ; # java/lang/invoke/LambdaForm$MH+0x00000156d30d9400
# instanceKlass java/lang/invoke/LambdaForm$MH+0x00000156d30d9000
instanceKlass  @bci org/testng/internal/GroupsHelper createGroups (Ljava/util/Map;Ljava/util/List;)Ljava/util/Map; 16 <appendix> argL0 ; # org/testng/internal/GroupsHelper$$Lambda+0x00000156d30d74b8
instanceKlass  @bci org/testng/internal/GroupsHelper createGroups (Ljava/util/Map;Ljava/util/List;)Ljava/util/Map; 11 <appendix> argL0 ; # org/testng/internal/GroupsHelper$$Lambda+0x00000156d30d7280
instanceKlass org/testng/internal/GroupsHelper
instanceKlass  @bci java/util/logging/SimpleFormatter format (Ljava/util/logging/LogRecord;)Ljava/lang/String; 35 <appendix> form vmentry <vmtarget> ; # java/lang/invoke/LambdaForm$MH+0x00000156d30d8c00
# instanceKlass java/lang/invoke/LambdaForm$MH+0x00000156d30d8800
instanceKlass  @bci java/util/logging/SimpleFormatter format (Ljava/util/logging/LogRecord;)Ljava/lang/String; 35 <appendix> argL3 form vmentry <vmtarget> ; # java/lang/invoke/LambdaForm$MH+0x00000156d30d8400
instanceKlass  @bci org/testng/TestRunner logStart ()V 33 <appendix> argL3 argL2 form vmentry <vmtarget> ; # java/lang/invoke/LambdaForm$MH+0x00000156d30d8000
# instanceKlass java/lang/invoke/LambdaForm$MH+0x00000156d30d3c00
# instanceKlass java/lang/invoke/LambdaForm$MH+0x00000156d30d3800
# instanceKlass java/lang/invoke/LambdaForm$MH+0x00000156d30d3400
instanceKlass  @bci java/util/logging/SimpleFormatter format (Ljava/util/logging/LogRecord;)Ljava/lang/String; 35 <appendix> argL1 form vmentry <vmtarget> ; # java/lang/invoke/LambdaForm$MH+0x00000156d30d3000
# instanceKlass java/lang/invoke/LambdaForm$MH+0x00000156d30d2c00
instanceKlass  @bci java/util/logging/SimpleFormatter format (Ljava/util/logging/LogRecord;)Ljava/lang/String; 35 <appendix> argL1 argL1 form vmentry <vmtarget> ; # java/lang/invoke/LambdaForm$MH+0x00000156d30d2800
# instanceKlass java/lang/invoke/LambdaForm$MH+0x00000156d30d2400
# instanceKlass java/lang/invoke/LambdaForm$MH+0x00000156d30d2000
instanceKlass org/testng/IMethodInstance
instanceKlass org/testng/IExpectedExceptionsHolder
instanceKlass org/testng/internal/invokers/IMethodRunner
instanceKlass org/testng/IInvokedMethod
instanceKlass org/testng/internal/invokers/BaseInvoker
instanceKlass  @bci org/testng/internal/invokers/Invoker <clinit> ()V 8 <appendix> argL0 ; # org/testng/internal/invokers/Invoker$$Lambda+0x00000156d30d52e8
instanceKlass  @cpi org/apache/poi/openxml4j/opc/PackagePartCollection 137 form vmentry <vmtarget> ; # java/lang/invoke/LambdaForm$DMH+0x00000156d30d1c00
instanceKlass  @bci org/testng/internal/invokers/Invoker <clinit> ()V 0 <appendix> argL0 ; # org/testng/internal/invokers/Invoker$$Lambda+0x00000156d30d50a0
instanceKlass org/testng/IClass
instanceKlass java/util/function/BiPredicate
instanceKlass org/testng/internal/invokers/ITestInvoker
instanceKlass org/testng/internal/invokers/IConfigInvoker
instanceKlass org/testng/internal/invokers/Invoker
instanceKlass org/testng/PreserveOrderMethodInterceptor
instanceKlass  @bci org/testng/TestRunner <init> (Lorg/testng/internal/IConfiguration;Lorg/testng/ISuite;Lorg/testng/xml/XmlTest;Ljava/lang/String;Lorg/testng/internal/annotations/IAnnotationFinder;ZLjava/util/Collection;Ljava/util/List;Ljava/util/Comparator;Lorg/testng/DataProviderHolder;Lorg/testng/ISuiteRunnerListener;)V 217 <appendix> member <vmtarget> ; # org/testng/TestRunner$$Lambda+0x00000156d30d4420
instanceKlass org/testng/IMethodSelectorContext
instanceKlass org/testng/internal/RunInfo
instanceKlass org/testng/internal/ResultMap
instanceKlass org/testng/collections/MultiMap
instanceKlass org/testng/internal/XmlMethodSelector
instanceKlass  @bci org/testng/TestRunner <init> (Lorg/testng/internal/IConfiguration;Lorg/testng/ISuite;Lorg/testng/xml/XmlTest;Ljava/lang/String;Lorg/testng/internal/annotations/IAnnotationFinder;ZLjava/util/Collection;Ljava/util/List;Ljava/util/Comparator;Lorg/testng/DataProviderHolder;Lorg/testng/ISuiteRunnerListener;)V 81 <appendix> member <vmtarget> ; # org/testng/TestRunner$$Lambda+0x00000156d30cb2c8
instanceKlass org/testng/ITestNGMethod
instanceKlass org/testng/internal/TestMethodContainer
instanceKlass org/testng/TestRunner$ConfigurationListener
instanceKlass  @bci org/testng/SuiteRunner getOutputDirectory ()Ljava/lang/String; 11 <adapter> ; # java/lang/invoke/LambdaForm$MH+0x00000156d30d1800
# instanceKlass java/lang/invoke/LambdaForm$DMH+0x00000156d30d1400
instanceKlass  @bci org/testng/SuiteRunner getOutputDirectory ()Ljava/lang/String; 11 <appendix> form vmentry <vmtarget> ; # java/lang/invoke/LambdaForm$MH+0x00000156d30d1000
instanceKlass java/lang/invoke/LambdaFormEditor$1
# instanceKlass java/lang/invoke/LambdaForm$MH+0x00000156d30d0c00
instanceKlass  @bci org/testng/SuiteRunner getOutputDirectory ()Ljava/lang/String; 11 <appendix> form names 8 function resolvedHandle form vmentry <vmtarget> ; # java/lang/invoke/LambdaForm$DMH+0x00000156d30d0800
instanceKlass  @bci org/testng/SuiteRunner getOutputDirectory ()Ljava/lang/String; 11 <appendix> argL3 form vmentry <vmtarget> ; # java/lang/invoke/LambdaForm$MH+0x00000156d30d0400
instanceKlass java/lang/invoke/MethodHandles$1
# instanceKlass java/lang/invoke/LambdaForm$MH+0x00000156d30d0000
# instanceKlass java/lang/invoke/LambdaForm$MH+0x00000156d30cfc00
# instanceKlass java/lang/invoke/LambdaForm$MH+0x00000156d30cf800
# instanceKlass java/lang/invoke/LambdaForm$MH+0x00000156d30cf400
# instanceKlass java/lang/invoke/LambdaForm$MH+0x00000156d30cf000
# instanceKlass java/lang/invoke/LambdaForm$MH+0x00000156d30cec00
instanceKlass  @bci org/testng/SuiteRunner getOutputDirectory ()Ljava/lang/String; 11 <appendix> form names 12 function resolvedHandle form vmentry <vmtarget> ; # java/lang/invoke/LambdaForm$DMH+0x00000156d30ce800
instanceKlass  @bci org/testng/SuiteRunner getOutputDirectory ()Ljava/lang/String; 11 <appendix> argL1 form vmentry <vmtarget> ; # java/lang/invoke/LambdaForm$MH+0x00000156d30ce400
# instanceKlass java/lang/invoke/LambdaForm$MH+0x00000156d30ce000
instanceKlass  @bci jdk/internal/net/http/Http1Request hostString ()Ljava/lang/String; 78 <appendix> argL1 form vmentry <vmtarget> ; # java/lang/invoke/LambdaForm$MH+0x00000156d30cdc00
# instanceKlass java/lang/invoke/LambdaForm$MH+0x00000156d30cd800
# instanceKlass java/lang/invoke/LambdaForm$MH+0x00000156d30cd400
# instanceKlass java/lang/invoke/LambdaForm$MH+0x00000156d30cd000
# instanceKlass java/lang/invoke/LambdaForm$MH+0x00000156d30ccc00
instanceKlass java/lang/Long$LongCache
# instanceKlass java/lang/invoke/LambdaForm$MH+0x00000156d30cc800
instanceKlass org/testng/ITestMethodFinder
instanceKlass org/testng/IMethodSelector
instanceKlass org/testng/internal/invokers/IInvoker
instanceKlass org/testng/IResultMap
instanceKlass org/testng/internal/IContainer
instanceKlass org/testng/TestRunner
instanceKlass org/testng/internal/IConfigEavesdropper
instanceKlass org/testng/internal/ITestResultNotifier
instanceKlass  @bci java/util/Comparator comparingInt (Ljava/util/function/ToIntFunction;)Ljava/util/Comparator; 6 <appendix> member <vmtarget> ; # java/util/Comparator$$Lambda+0x00000156d308ca38
instanceKlass  @cpi jdk/internal/net/http/Http1Request 489 form vmentry <vmtarget> ; # java/lang/invoke/LambdaForm$DMH+0x00000156d30cc400
instanceKlass  @bci org/testng/SuiteRunner <init> (Lorg/testng/internal/IConfiguration;Lorg/testng/xml/XmlSuite;Ljava/lang/String;Lorg/testng/ITestRunnerFactory;ZLjava/util/List;Ljava/util/Collection;Lorg/testng/SuiteRunner$TestListenersContainer;Ljava/util/Collection;Lorg/testng/DataProviderHolder;Ljava/util/Comparator;)V 484 <appendix> argL0 ; # org/testng/SuiteRunner$$Lambda+0x00000156d30c9298
instanceKlass  @cpi org/testng/internal/DynamicGraphHelper 415 form vmentry <vmtarget> ; # java/lang/invoke/LambdaForm$DMH+0x00000156d30cc000
instanceKlass java/util/function/ToIntFunction
instanceKlass org/testng/SuiteRunner$DefaultTestRunnerFactory
instanceKlass java/util/Collections$SynchronizedMap
instanceKlass org/testng/internal/Attributes
instanceKlass java/util/concurrent/atomic/AtomicBoolean
instanceKlass org/testng/SuiteRunState
instanceKlass  @bci org/testng/internal/MethodSorting parse (Ljava/lang/String;)Lorg/testng/internal/MethodSorting; 20 <appendix> member <vmtarget> ; # org/testng/internal/MethodSorting$$Lambda+0x00000156d30c85b0
instanceKlass org/testng/ISuiteResult
instanceKlass org/testng/ITestContext
instanceKlass org/testng/ITestRunnerFactory
instanceKlass  @bci org/testng/SuiteRunner$TestListenersContainer <init> (Ljava/util/List;Lorg/testng/ITestListener;)V 25 <appendix> member <vmtarget> ; # org/testng/SuiteRunner$TestListenersContainer$$Lambda+0x00000156d30c3300
instanceKlass org/testng/SuiteRunner
instanceKlass org/testng/ISuiteRunnerListener
instanceKlass org/testng/SuiteRunner$TestListenersContainer
instanceKlass  @bci org/testng/DataProviderHolder addInterceptors (Ljava/util/Collection;)V 2 <appendix> member <vmtarget> ; # org/testng/DataProviderHolder$$Lambda+0x00000156d30c28a8
instanceKlass  @bci org/testng/DataProviderHolder addListeners (Ljava/util/Collection;)V 2 <appendix> member <vmtarget> ; # org/testng/DataProviderHolder$$Lambda+0x00000156d30c2678
instanceKlass org/testng/DataProviderHolder
instanceKlass org/testng/internal/invokers/SuiteRunnerMap
instanceKlass org/testng/internal/collections/Pair
instanceKlass java/util/stream/ForEachOps$ForEachOp
instanceKlass java/util/stream/ForEachOps
instanceKlass  @bci org/testng/internal/ListenerOrderDeterminer arrange (Ljava/util/Collection;)Lorg/testng/internal/collections/Pair; 34 <appendix> member <vmtarget> ; # org/testng/internal/ListenerOrderDeterminer$$Lambda+0x00000156d30c7c40
instanceKlass  @cpi org/apache/logging/log4j/status/StatusLogger$PropertiesUtilsDouble 232 form vmentry <vmtarget> ; # java/lang/invoke/LambdaForm$DMH+0x00000156d30c1800
instanceKlass  @bci org/testng/internal/ListenerOrderDeterminer arrange (Ljava/util/Collection;)Lorg/testng/internal/collections/Pair; 22 <appendix> argL0 ; # org/testng/internal/ListenerOrderDeterminer$$Lambda+0x00000156d30c79f8
instanceKlass java/util/ArrayList$ArrayListSpliterator
instanceKlass  @bci org/testng/internal/ListenerOrderDeterminer <clinit> ()V 32 <appendix> argL0 ; # org/testng/internal/ListenerOrderDeterminer$$Lambda+0x00000156d30c77b0
instanceKlass  @bci java/util/stream/Collectors toList ()Ljava/util/stream/Collector; 14 <appendix> argL0 ; # java/util/stream/Collectors$$Lambda+0x00000156d308c1d0
instanceKlass  @bci java/util/stream/Collectors toList ()Ljava/util/stream/Collector; 9 <appendix> argL0 ; # java/util/stream/Collectors$$Lambda+0x00000156d308bfa8
instanceKlass  @bci java/util/stream/Collectors toList ()Ljava/util/stream/Collector; 4 <appendix> argL0 ; # java/util/stream/Collectors$$Lambda+0x00000156d308bd90
instanceKlass  @bci org/testng/internal/ListenerOrderDeterminer <clinit> ()V 8 <appendix> argL0 ; # org/testng/internal/ListenerOrderDeterminer$$Lambda+0x00000156d30c7578
instanceKlass org/testng/internal/ListenerOrderDeterminer
instanceKlass org/testng/xml/internal/XmlSuiteUtils
instanceKlass org/testng/internal/invokers/objects/GuiceContext
instanceKlass org/testng/internal/objects/SimpleObjectDispenser
instanceKlass org/testng/internal/objects/GuiceBasedObjectDispenser
instanceKlass org/testng/internal/objects/IObjectDispenser
instanceKlass org/testng/internal/objects/Dispenser
# instanceKlass java/lang/invoke/LambdaForm$MH+0x00000156d30c1400
# instanceKlass java/lang/invoke/LambdaForm$MH+0x00000156d30c1000
instanceKlass  @cpi java/security/spec/EncodedKeySpec 79 form vmentry <vmtarget> ; # java/lang/invoke/LambdaForm$DMH+0x00000156d30c0c00
instanceKlass org/testng/ITestResult
instanceKlass com/intellij/rt/testng/IDEATestNGInvokedMethodListener
instanceKlass com/intellij/rt/testng/IDEATestNGConfigurationListener
instanceKlass com/intellij/rt/testng/IDEATestNGTestListener
instanceKlass org/testng/IDataProviderInterceptor
instanceKlass org/testng/IDataProviderListener
instanceKlass org/testng/IAlterSuiteListener
instanceKlass org/testng/IConfigurationListener
instanceKlass org/testng/IConfigurable
instanceKlass org/testng/IHookable
instanceKlass org/testng/IInvokedMethodListener
instanceKlass org/testng/IMethodInterceptor
instanceKlass org/testng/IClassListener
instanceKlass org/testng/IExecutionVisualiser
instanceKlass com/intellij/rt/testng/IDEATestNGSuiteListener
instanceKlass org/testng/ISuiteListener
instanceKlass com/intellij/rt/testng/IDEATestNGRemoteListener$ExposedTestResult
instanceKlass com/intellij/rt/testng/IDEATestNGRemoteListener
instanceKlass  @bci org/testng/TestNG processParallelModeCommandLineArgs (Lorg/testng/xml/XmlSuite;)V 42 <appendix> member <vmtarget> ; # org/testng/TestNG$$Lambda+0x00000156d30c4000
instanceKlass com/qa/opencart/base/BaseTest
instanceKlass org/testng/xml/XmlClass
instanceKlass jdk/internal/util/ByteArrayLittleEndian
instanceKlass jdk/internal/util/HexDigits
instanceKlass org/testng/xml/XmlTest
instanceKlass  @bci org/testng/xml/TestNGContentHandler xmlSuite (ZLorg/xml/sax/Attributes;)V 421 <appendix> member <vmtarget> ; # org/testng/xml/TestNGContentHandler$$Lambda+0x00000156d3023100
instanceKlass  @bci org/testng/xml/TestNGContentHandler xmlSuite (ZLorg/xml/sax/Attributes;)V 394 <appendix> member <vmtarget> ; # org/testng/xml/TestNGContentHandler$$Lambda+0x00000156d3022ed0
instanceKlass sun/security/provider/AbstractDrbg$NonceProvider
instanceKlass  @bci sun/security/provider/AbstractDrbg$SeederHolder <clinit> ()V 42 <appendix> member <vmtarget> ; # sun/security/provider/AbstractDrbg$SeederHolder$$Lambda+0x00000156d308adf0
instanceKlass  @cpi sun/security/provider/AbstractDrbg$SeederHolder 91 form vmentry <vmtarget> ; # java/lang/invoke/LambdaForm$DMH+0x00000156d30c0800
# instanceKlass java/lang/invoke/LambdaForm$DMH+0x00000156d30c0400
instanceKlass sun/nio/fs/BasicFileAttributesHolder
instanceKlass sun/nio/fs/WindowsDirectoryStream$WindowsDirectoryIterator
instanceKlass sun/nio/fs/WindowsDirectoryStream
instanceKlass java/nio/file/DirectoryStream
instanceKlass java/nio/file/Files$AcceptAllFilter
instanceKlass java/nio/file/DirectoryStream$Filter
instanceKlass java/net/NetworkInterface$1
instanceKlass java/net/DefaultInterface
instanceKlass java/net/InterfaceAddress
instanceKlass sun/security/provider/ByteArrayAccess$BE
instanceKlass sun/security/provider/ByteArrayAccess
instanceKlass sun/security/provider/SeedGenerator$1
instanceKlass sun/security/util/MessageDigestSpi2
instanceKlass sun/security/jca/GetInstance$Instance
instanceKlass sun/security/jca/GetInstance
instanceKlass java/security/MessageDigestSpi
instanceKlass sun/security/provider/SeedGenerator
instanceKlass sun/security/provider/AbstractDrbg$SeederHolder
instanceKlass java/security/DrbgParameters$NextBytes
instanceKlass  @bci sun/security/provider/AbstractDrbg <clinit> ()V 12 <appendix> argL0 ; # sun/security/provider/AbstractDrbg$$Lambda+0x00000156d3087048
instanceKlass  @cpi sun/security/provider/AbstractDrbg 383 form vmentry <vmtarget> ; # java/lang/invoke/LambdaForm$DMH+0x00000156d30c0000
# instanceKlass java/lang/invoke/LambdaForm$DMH+0x00000156d3021c00
instanceKlass sun/security/provider/EntropySource
instanceKlass sun/security/provider/AbstractDrbg
instanceKlass java/security/DrbgParameters$Instantiation
instanceKlass java/security/DrbgParameters
instanceKlass sun/security/provider/MoreDrbgParameters
instanceKlass  @bci sun/security/provider/DRBG <init> (Ljava/security/SecureRandomParameters;)V 26 <appendix> argL0 ; # sun/security/provider/DRBG$$Lambda+0x00000156d3085b38
instanceKlass java/security/SecureRandomSpi
instanceKlass java/security/SecureRandomParameters
instanceKlass sun/security/util/SecurityProviderConstants
instanceKlass java/security/Provider$UString
instanceKlass java/security/Provider$Service
instanceKlass sun/security/provider/NativePRNG$NonBlocking
instanceKlass sun/security/provider/NativePRNG$Blocking
instanceKlass sun/security/provider/NativePRNG
instanceKlass sun/security/provider/SunEntries$1
instanceKlass sun/security/provider/SunEntries
instanceKlass java/util/AbstractList$Itr
instanceKlass sun/security/jca/ProviderList$2
instanceKlass jdk/internal/math/FloatingDecimal$ASCIIToBinaryBuffer
instanceKlass jdk/internal/math/FloatingDecimal$PreparedASCIIToBinaryBuffer
instanceKlass jdk/internal/math/FloatingDecimal$ASCIIToBinaryConverter
instanceKlass jdk/internal/math/FloatingDecimal$BinaryToASCIIBuffer
instanceKlass jdk/internal/math/FloatingDecimal$ExceptionalBinaryToASCIIBuffer
instanceKlass jdk/internal/math/FloatingDecimal$BinaryToASCIIConverter
instanceKlass jdk/internal/math/FloatingDecimal
instanceKlass java/security/Provider$EngineDescription
instanceKlass java/security/Provider$ServiceKey
instanceKlass sun/security/jca/ProviderConfig
instanceKlass sun/security/jca/ProviderList
instanceKlass sun/security/jca/Providers
instanceKlass java/util/Random
instanceKlass java/util/random/RandomGenerator
instanceKlass java/util/UUID$Holder
instanceKlass java/util/UUID
instanceKlass com/sun/xml/internal/stream/StaxXMLInputSource
instanceKlass java/net/spi/URLStreamHandlerProvider
instanceKlass java/net/URL$1
instanceKlass java/net/URL$2
instanceKlass jdk/internal/misc/ThreadTracker
instanceKlass java/net/URL$ThreadTrackHolder
instanceKlass org/testng/xml/TestNGURLs
instanceKlass org/testng/util/Strings
instanceKlass com/sun/org/apache/xerces/internal/impl/XMLDocumentScannerImpl$DTDDriver
instanceKlass com/sun/org/apache/xerces/internal/impl/dtd/XMLContentSpec
instanceKlass com/sun/org/apache/xerces/internal/impl/dtd/models/ContentModelValidator
instanceKlass com/sun/org/apache/xerces/internal/impl/dtd/DTDGrammar
instanceKlass com/sun/org/apache/xerces/internal/xni/grammars/Grammar
instanceKlass com/sun/org/apache/xerces/internal/impl/validation/EntityState
instanceKlass  @bci org/testng/xml/TestNGContentHandler <init> (Ljava/lang/String;Z)V 83 <appendix> member <vmtarget> ; # org/testng/xml/TestNGContentHandler$$Lambda+0x00000156d3022480
instanceKlass sun/invoke/util/VerifyAccess$1
instanceKlass org/testng/internal/YamlParser
instanceKlass  @bci java/util/Map$Entry comparingByKey ()Ljava/util/Comparator; 0 <appendix> argL0 ; # java/util/Map$Entry$$Lambda+0x00000156d3028fc0
instanceKlass  @bci java/lang/invoke/BootstrapMethodInvoker invoke (Ljava/lang/Class;Ljava/lang/invoke/MethodHandle;Ljava/lang/String;Ljava/lang/Object;Ljava/lang/Object;Ljava/lang/Class;)Ljava/lang/Object; 462 <adapter> ; # java/lang/invoke/LambdaForm$MH+0x00000156d3021800
instanceKlass sun/net/www/protocol/jar/JarFileFactory
instanceKlass sun/net/www/protocol/jar/URLJarFile$URLJarFileCloseController
instanceKlass org/testng/internal/AutoCloseableLock
instanceKlass java/text/AttributedCharacterIterator$Attribute
instanceKlass java/text/FieldPosition
instanceKlass java/text/Format
instanceKlass  @bci jdk/internal/module/SystemModuleFinders$SystemModuleReader open (Ljava/lang/String;)Ljava/util/Optional; 6 <appendix> member <vmtarget> ; # jdk/internal/module/SystemModuleFinders$SystemModuleReader$$Lambda+0x00000156d303e040
instanceKlass sun/util/cldr/CLDRBaseLocaleDataMetaInfo$TZCanonicalIDMapHolder
instanceKlass  @bci java/util/ResourceBundle$ResourceBundleProviderHelper loadPropertyResourceBundle (Ljava/lang/Module;Ljava/lang/Module;Ljava/lang/String;Ljava/util/Locale;)Ljava/util/ResourceBundle; 14 <appendix> member <vmtarget> ; # java/util/ResourceBundle$ResourceBundleProviderHelper$$Lambda+0x00000156d303dc20
instanceKlass java/security/Security$1
instanceKlass jdk/internal/access/JavaSecurityPropertiesAccess
instanceKlass java/time/LocalTime
instanceKlass java/time/temporal/ValueRange
instanceKlass java/time/Duration
instanceKlass java/time/temporal/TemporalAmount
instanceKlass java/time/temporal/TemporalUnit
instanceKlass java/time/temporal/TemporalField
instanceKlass java/time/LocalDate
instanceKlass java/time/chrono/ChronoLocalDate
instanceKlass java/time/zone/ZoneOffsetTransition
instanceKlass  @bci java/time/ZoneOffset ofTotalSeconds (I)Ljava/time/ZoneOffset; 37 <appendix> argL0 ; # java/time/ZoneOffset$$Lambda+0x80000000e
instanceKlass java/time/LocalDateTime
instanceKlass java/time/chrono/ChronoLocalDateTime
instanceKlass java/time/temporal/TemporalAdjuster
instanceKlass java/time/temporal/Temporal
instanceKlass java/time/temporal/TemporalAccessor
instanceKlass java/time/zone/ZoneOffsetTransitionRule
instanceKlass java/time/zone/ZoneRules
instanceKlass java/time/zone/Ser
instanceKlass java/io/Externalizable
instanceKlass  @bci java/security/Security <clinit> ()V 9 <appendix> argL0 ; # java/security/Security$$Lambda+0x80000000b
instanceKlass java/security/Security
instanceKlass sun/security/util/SecurityProperties
instanceKlass sun/security/util/FilePermCompat
instanceKlass sun/security/util/SecurityConstants
instanceKlass  @bci java/util/ResourceBundle$ResourceBundleProviderHelper loadResourceBundle (Ljava/lang/Module;Ljava/lang/Module;Ljava/lang/String;Ljava/util/Locale;)Ljava/util/ResourceBundle; 13 <appendix> member <vmtarget> ; # java/util/ResourceBundle$ResourceBundleProviderHelper$$Lambda+0x00000156d303a5b8
instanceKlass java/util/Arrays$ArrayItr
instanceKlass java/util/ResourceBundle$3
instanceKlass java/util/ResourceBundle$CacheKeyReference
instanceKlass java/util/ResourceBundle$CacheKey
instanceKlass  @bci java/util/ResourceBundle getLoader (Ljava/lang/Module;)Ljava/lang/ClassLoader; 6 <appendix> member <vmtarget> ; # java/util/ResourceBundle$$Lambda+0x00000156d30398a8
instanceKlass  @bci jdk/xml/internal/SecuritySupport getResourceBundle (Ljava/lang/String;Ljava/util/Locale;)Ljava/util/ResourceBundle; 2 <appendix> member <vmtarget> ; # jdk/xml/internal/SecuritySupport$$Lambda+0x00000156d3039688
instanceKlass com/sun/org/apache/xerces/internal/util/SAXMessageFormatter
instanceKlass  @bci javax/xml/parsers/FactoryFinder newInstance (Ljava/lang/Class;Ljava/lang/String;Ljava/lang/ClassLoader;ZZ)Ljava/lang/Object; 104 <appendix> member <vmtarget> ; # javax/xml/parsers/FactoryFinder$$Lambda+0x00000156d3038b38
instanceKlass java/time/zone/ZoneRulesProvider$1
instanceKlass java/time/zone/ZoneRulesProvider
instanceKlass javax/xml/catalog/CatalogReader$1
instanceKlass java/time/ZoneId
instanceKlass javax/xml/catalog/Normalizer
instanceKlass com/sun/org/apache/xerces/internal/impl/Constants$ArrayEnumeration
instanceKlass com/sun/org/apache/xerces/internal/impl/Constants
instanceKlass sun/util/resources/Bundles$CacheKeyReference
instanceKlass  @bci java/util/ResourceBundle$ResourceBundleProviderHelper newResourceBundle (Ljava/lang/Class;)Ljava/util/ResourceBundle; 22 <appendix> member <vmtarget> ; # java/util/ResourceBundle$ResourceBundleProviderHelper$$Lambda+0x800000012
instanceKlass java/util/ResourceBundle$ResourceBundleProviderHelper
instanceKlass  @bci sun/util/cldr/CLDRLocaleProviderAdapter applyAliases (Ljava/util/Locale;)Ljava/util/Locale; 4 <appendix> argL0 ; # sun/util/cldr/CLDRLocaleProviderAdapter$$Lambda+0x800000064
instanceKlass sun/util/resources/Bundles$CacheKey
instanceKlass java/util/ResourceBundle$1
instanceKlass jdk/internal/access/JavaUtilResourceBundleAccess
instanceKlass sun/util/resources/Bundles
instanceKlass sun/util/resources/LocaleData$LocaleDataStrategy
instanceKlass sun/util/resources/Bundles$Strategy
instanceKlass sun/util/resources/LocaleData$1
instanceKlass sun/util/resources/LocaleData
instanceKlass java/util/regex/ASCII
instanceKlass sun/util/locale/provider/LocaleResources
instanceKlass com/sun/org/apache/xerces/internal/parsers/AbstractSAXParser$LocatorProxy
instanceKlass org/xml/sax/ext/Locator2
instanceKlass org/xml/sax/Locator
instanceKlass sun/util/resources/provider/NonBaseLocaleDataMetaInfo
instanceKlass  @bci sun/util/locale/provider/JRELocaleProviderAdapter createSupportedLocaleString (Ljava/lang/String;)Ljava/lang/String; 6 <appendix> member <vmtarget> ; # sun/util/locale/provider/JRELocaleProviderAdapter$$Lambda+0x00000156d3035c38
instanceKlass com/sun/org/apache/xerces/internal/util/XMLSymbols
instanceKlass sun/util/locale/provider/BaseLocaleDataMetaInfo
instanceKlass  @bci sun/util/locale/provider/JRELocaleProviderAdapter getTimeZoneNameProvider ()Ljava/util/spi/TimeZoneNameProvider; 8 <appendix> member <vmtarget> ; # sun/util/locale/provider/JRELocaleProviderAdapter$$Lambda+0x00000156d30355c8
instanceKlass com/sun/org/apache/xerces/internal/util/XMLChar
instanceKlass com/sun/xml/internal/stream/Entity
instanceKlass com/sun/xml/internal/stream/util/BufferAllocator
instanceKlass com/sun/xml/internal/stream/util/ThreadLocalBufferAllocator
instanceKlass com/sun/org/apache/xerces/internal/impl/XMLEntityManager$EncodingInfo
instanceKlass java/util/TimSort
instanceKlass java/util/Arrays$LegacyMergeSort
instanceKlass java/util/AbstractMap$SimpleEntry
instanceKlass jdk/internal/jimage/ImageBufferCache$2
instanceKlass jdk/internal/jimage/ImageBufferCache
instanceKlass  @bci jdk/xml/internal/SecuritySupport getInputStream (Ljava/net/URLConnection;)Ljava/io/InputStream; 1 <appendix> member <vmtarget> ; # jdk/xml/internal/SecuritySupport$$Lambda+0x00000156d30335b0
instanceKlass java/util/regex/IntHashSet
instanceKlass java/util/regex/Matcher
instanceKlass java/util/regex/MatchResult
instanceKlass sun/net/www/MessageHeader
instanceKlass  @bci sun/util/cldr/CLDRLocaleProviderAdapter getTimeZoneNameProvider ()Ljava/util/spi/TimeZoneNameProvider; 8 <appendix> member <vmtarget> ; # sun/util/cldr/CLDRLocaleProviderAdapter$$Lambda+0x00000156d30326c0
instanceKlass  @bci sun/net/www/protocol/jrt/JavaRuntimeURLConnection <clinit> ()V 0 <appendix> argL0 ; # sun/net/www/protocol/jrt/JavaRuntimeURLConnection$$Lambda+0x00000156d30324a8
instanceKlass java/util/ServiceLoader$ProviderImpl
instanceKlass java/util/ServiceLoader$Provider
instanceKlass java/util/ServiceLoader$1
instanceKlass java/net/URLConnection
instanceKlass sun/util/resources/cldr/provider/CLDRLocaleDataMetaInfo
instanceKlass jdk/internal/module/ModulePatcher$PatchedModuleReader
instanceKlass  @bci sun/util/cldr/CLDRLocaleProviderAdapter <init> ()V 4 <appendix> argL0 ; # sun/util/cldr/CLDRLocaleProviderAdapter$$Lambda+0x800000066
instanceKlass com/sun/org/apache/xerces/internal/util/URI
instanceKlass jdk/xml/internal/XMLLimitAnalyzer
instanceKlass com/sun/org/apache/xerces/internal/xni/parser/XMLInputSource
instanceKlass com/sun/org/apache/xerces/internal/util/ErrorHandlerWrapper
instanceKlass com/sun/org/apache/xerces/internal/xni/parser/XMLErrorHandler
instanceKlass com/sun/org/apache/xerces/internal/impl/ExternalSubsetResolver
instanceKlass com/sun/org/apache/xerces/internal/util/EntityResolverWrapper
instanceKlass org/xml/sax/ext/EntityResolver2
instanceKlass org/xml/sax/InputSource
instanceKlass sun/util/locale/BaseLocale$Key
instanceKlass sun/util/locale/InternalLocaleBuilder$CaseInsensitiveChar
instanceKlass sun/util/locale/InternalLocaleBuilder
instanceKlass sun/util/locale/StringTokenIterator
instanceKlass sun/util/locale/ParseStatus
instanceKlass sun/util/locale/LanguageTag
instanceKlass sun/util/cldr/CLDRBaseLocaleDataMetaInfo
instanceKlass sun/util/locale/provider/LocaleDataMetaInfo
instanceKlass sun/util/locale/provider/ResourceBundleBasedAdapter
instanceKlass sun/util/locale/provider/LocaleProviderAdapter
instanceKlass sun/util/locale/LocaleObjectCache
instanceKlass java/util/ResourceBundle
instanceKlass java/util/ResourceBundle$Control
instanceKlass sun/util/locale/provider/TimeZoneNameUtility$TimeZoneNameGetter
instanceKlass sun/util/locale/provider/LocaleServiceProviderPool$LocalizedObjectGetter
instanceKlass sun/util/locale/provider/LocaleServiceProviderPool
instanceKlass java/util/spi/LocaleServiceProvider
instanceKlass sun/util/locale/provider/TimeZoneNameUtility
instanceKlass com/sun/org/apache/xerces/internal/parsers/AbstractSAXParser$AttributesProxy
instanceKlass org/xml/sax/ext/Attributes2
instanceKlass org/xml/sax/Attributes
instanceKlass org/xml/sax/AttributeList
instanceKlass sun/util/calendar/CalendarUtils
instanceKlass sun/util/calendar/CalendarDate
instanceKlass sun/util/calendar/ZoneInfoFile$ZoneOffsetTransitionRule
instanceKlass com/sun/org/apache/xerces/internal/util/FeatureState
instanceKlass com/sun/org/apache/xerces/internal/util/PropertyState
instanceKlass com/sun/org/apache/xerces/internal/impl/msg/XMLMessageFormatter
instanceKlass com/sun/org/apache/xerces/internal/util/MessageFormatter
instanceKlass com/sun/org/apache/xerces/internal/impl/XMLVersionDetector
instanceKlass com/sun/org/apache/xerces/internal/impl/validation/ValidationManager
instanceKlass com/sun/org/apache/xerces/internal/impl/dv/dtd/NMTOKENDatatypeValidator
instanceKlass com/sun/org/apache/xerces/internal/impl/dv/dtd/NOTATIONDatatypeValidator
instanceKlass com/sun/org/apache/xerces/internal/impl/dv/dtd/ENTITYDatatypeValidator
instanceKlass com/sun/org/apache/xerces/internal/impl/dv/dtd/ListDatatypeValidator
instanceKlass com/sun/org/apache/xerces/internal/impl/dv/dtd/IDREFDatatypeValidator
instanceKlass com/sun/org/apache/xerces/internal/impl/dv/dtd/IDDatatypeValidator
instanceKlass com/sun/org/apache/xerces/internal/impl/dv/dtd/StringDatatypeValidator
instanceKlass com/sun/org/apache/xerces/internal/impl/dv/DatatypeValidator
instanceKlass com/sun/org/apache/xerces/internal/impl/dv/DTDDVFactory
instanceKlass com/sun/org/apache/xerces/internal/impl/dtd/DTDGrammarBucket
instanceKlass com/sun/org/apache/xerces/internal/impl/dtd/XMLAttributeDecl
instanceKlass com/sun/org/apache/xerces/internal/impl/dtd/XMLSimpleType
instanceKlass com/sun/org/apache/xerces/internal/impl/dtd/XMLElementDecl
instanceKlass com/sun/org/apache/xerces/internal/impl/validation/ValidationState
instanceKlass com/sun/org/apache/xerces/internal/impl/dv/ValidationContext
instanceKlass com/sun/org/apache/xerces/internal/impl/dtd/XMLDTDValidator
instanceKlass com/sun/org/apache/xerces/internal/impl/RevalidationHandler
instanceKlass com/sun/org/apache/xerces/internal/impl/dtd/XMLDTDValidatorFilter
instanceKlass com/sun/org/apache/xerces/internal/xni/parser/XMLDocumentFilter
instanceKlass com/sun/org/apache/xerces/internal/impl/dtd/XMLEntityDecl
instanceKlass com/sun/org/apache/xerces/internal/impl/dtd/XMLDTDProcessor
instanceKlass com/sun/org/apache/xerces/internal/xni/parser/XMLDTDContentModelFilter
instanceKlass com/sun/org/apache/xerces/internal/xni/parser/XMLDTDFilter
instanceKlass com/sun/org/apache/xerces/internal/xni/parser/XMLDTDScanner
instanceKlass com/sun/org/apache/xerces/internal/xni/parser/XMLDTDContentModelSource
instanceKlass com/sun/org/apache/xerces/internal/xni/parser/XMLDTDSource
instanceKlass com/sun/org/apache/xerces/internal/xni/grammars/XMLDTDDescription
instanceKlass com/sun/org/apache/xerces/internal/xni/grammars/XMLGrammarDescription
instanceKlass com/sun/org/apache/xerces/internal/impl/XMLDocumentScannerImpl$TrailingMiscDriver
instanceKlass com/sun/org/apache/xerces/internal/impl/XMLDocumentScannerImpl$PrologDriver
instanceKlass com/sun/org/apache/xerces/internal/impl/XMLDocumentScannerImpl$XMLDeclDriver
instanceKlass com/sun/org/apache/xerces/internal/util/NamespaceSupport
instanceKlass com/sun/org/apache/xerces/internal/xni/NamespaceContext
instanceKlass com/sun/org/apache/xerces/internal/util/XMLAttributesImpl$Attribute
instanceKlass com/sun/org/apache/xerces/internal/util/XMLAttributesImpl
instanceKlass com/sun/org/apache/xerces/internal/xni/XMLAttributes
instanceKlass com/sun/org/apache/xerces/internal/impl/XMLDocumentFragmentScannerImpl$FragmentContentDriver
instanceKlass com/sun/org/apache/xerces/internal/impl/XMLDocumentFragmentScannerImpl$Driver
instanceKlass com/sun/org/apache/xerces/internal/impl/XMLDocumentFragmentScannerImpl$ElementStack2
instanceKlass com/sun/org/apache/xerces/internal/xni/QName
instanceKlass com/sun/org/apache/xerces/internal/impl/XMLDocumentFragmentScannerImpl$ElementStack
instanceKlass com/sun/org/apache/xerces/internal/xni/XMLString
instanceKlass com/sun/org/apache/xerces/internal/impl/XMLScanner
instanceKlass com/sun/xml/internal/stream/XMLBufferListener
instanceKlass com/sun/org/apache/xerces/internal/impl/XMLEntityHandler
instanceKlass com/sun/org/apache/xerces/internal/xni/parser/XMLDocumentScanner
instanceKlass com/sun/org/apache/xerces/internal/xni/parser/XMLDocumentSource
instanceKlass jdk/internal/util/ByteArray
instanceKlass sun/util/calendar/ZoneInfoFile$1
instanceKlass com/sun/org/apache/xerces/internal/impl/XMLErrorReporter
instanceKlass sun/util/calendar/ZoneInfoFile
instanceKlass java/util/TimeZone
instanceKlass com/sun/org/apache/xerces/internal/impl/XMLEntityScanner
instanceKlass sun/util/calendar/CalendarSystem$GregorianHolder
instanceKlass sun/util/calendar/CalendarSystem
instanceKlass sun/nio/cs/Surrogate
instanceKlass com/sun/org/apache/xerces/internal/xni/XMLLocator
instanceKlass sun/nio/cs/Surrogate$Parser
instanceKlass java/util/concurrent/ConcurrentHashMap$MapEntry
instanceKlass java/util/Collections$SynchronizedCollection
instanceKlass java/util/Properties$EntrySet
instanceKlass com/sun/xml/internal/stream/XMLEntityStorage
instanceKlass jdk/internal/vm/VMSupport
instanceKlass com/sun/org/apache/xerces/internal/util/AugmentationsImpl$AugmentationsItemsContainer
instanceKlass com/sun/org/apache/xerces/internal/util/AugmentationsImpl
instanceKlass com/sun/org/apache/xerces/internal/xni/Augmentations
instanceKlass com/sun/org/apache/xerces/internal/util/XMLResourceIdentifierImpl
instanceKlass com/sun/org/apache/xerces/internal/xni/XMLResourceIdentifier
instanceKlass com/sun/org/apache/xerces/internal/impl/XMLEntityManager
instanceKlass com/sun/org/apache/xerces/internal/xni/parser/XMLEntityResolver
instanceKlass com/sun/org/apache/xerces/internal/xni/parser/XMLComponent
instanceKlass com/sun/org/apache/xerces/internal/util/SymbolTable$Entry
instanceKlass com/sun/org/apache/xerces/internal/util/SymbolTable
instanceKlass jdk/xml/internal/JdkConstants
instanceKlass com/sun/org/apache/xerces/internal/util/ParserConfigurationSettings
instanceKlass com/sun/org/apache/xerces/internal/parsers/XML11Configurable
instanceKlass com/sun/org/apache/xerces/internal/xni/parser/XMLPullParserConfiguration
instanceKlass com/sun/org/apache/xerces/internal/xni/parser/XMLParserConfiguration
instanceKlass com/sun/org/apache/xerces/internal/xni/parser/XMLComponentManager
instanceKlass com/sun/org/apache/xerces/internal/parsers/XMLParser
instanceKlass com/sun/org/apache/xerces/internal/xni/XMLDTDContentModelHandler
instanceKlass com/sun/org/apache/xerces/internal/xni/XMLDTDHandler
instanceKlass com/sun/org/apache/xerces/internal/xni/XMLDocumentHandler
instanceKlass org/xml/sax/XMLReader
instanceKlass org/xml/sax/Parser
instanceKlass javax/xml/parsers/SAXParser
instanceKlass com/sun/org/apache/xerces/internal/xs/PSVIProvider
instanceKlass com/sun/org/apache/xerces/internal/jaxp/JAXPConstants
instanceKlass javax/xml/catalog/CatalogResolver
instanceKlass org/w3c/dom/ls/LSResourceResolver
instanceKlass javax/xml/transform/URIResolver
instanceKlass javax/xml/stream/XMLResolver
instanceKlass javax/xml/catalog/BaseEntry
instanceKlass javax/xml/catalog/Catalog
instanceKlass javax/xml/catalog/CatalogManager
instanceKlass  @bci javax/xml/catalog/CatalogFeatures setProperties (Ljavax/xml/catalog/CatalogFeatures$Builder;)V 5 <appendix> member <vmtarget> ; # javax/xml/catalog/CatalogFeatures$$Lambda+0x00000156d30681e8
instanceKlass  @bci jdk/internal/net/http/websocket/OpeningHandshake handleResponse (Ljava/net/http/HttpResponse;)Ljdk/internal/net/http/websocket/OpeningHandshake$Result; 134 <appendix> form vmentry <vmtarget> ; # java/lang/invoke/LambdaForm$MH+0x00000156d3020c00
instanceKlass javax/xml/catalog/CatalogMessages
instanceKlass javax/xml/catalog/Util
instanceKlass javax/xml/catalog/CatalogFeatures$Builder
instanceKlass javax/xml/catalog/CatalogFeatures
instanceKlass com/sun/org/apache/xerces/internal/utils/XMLSecurityPropertyManager
instanceKlass jdk/xml/internal/JdkXmlUtils
instanceKlass  @bci jdk/xml/internal/SecuritySupport getResource (Ljava/lang/String;)Ljava/net/URL; 1 <appendix> member <vmtarget> ; # jdk/xml/internal/SecuritySupport$$Lambda+0x00000156d3066070
instanceKlass jdk/xml/internal/JdkCatalog
instanceKlass java/util/Collections$UnmodifiableMap$UnmodifiableEntrySet$UnmodifiableEntry
instanceKlass  @bci java/util/Collections$UnmodifiableMap$UnmodifiableEntrySet entryConsumer (Ljava/util/function/Consumer;)Ljava/util/function/Consumer; 1 <appendix> member <vmtarget> ; # java/util/Collections$UnmodifiableMap$UnmodifiableEntrySet$$Lambda+0x00000156d3064d50
instanceKlass  @bci java/util/stream/Collectors uniqKeysMapMerger ()Ljava/util/function/BinaryOperator; 0 <appendix> argL0 ; # java/util/stream/Collectors$$Lambda+0x00000156d3064b10
instanceKlass  @bci java/util/stream/Collectors uniqKeysMapAccumulator (Ljava/util/function/Function;Ljava/util/function/Function;)Ljava/util/function/BiConsumer; 2 <appendix> member <vmtarget> ; # java/util/stream/Collectors$$Lambda+0x00000156d30648e0
instanceKlass  @bci java/util/stream/Collectors toMap (Ljava/util/function/Function;Ljava/util/function/Function;)Ljava/util/stream/Collector; 4 <appendix> argL0 ; # java/util/stream/Collectors$$Lambda+0x00000156d30646c8
instanceKlass  @bci jdk/xml/internal/XMLSecurityManager$StringMapper <init> (Ljava/util/Map;)V 30 <appendix> argL0 ; # jdk/xml/internal/XMLSecurityManager$StringMapper$$Lambda+0x00000156d3064490
instanceKlass  @bci jdk/xml/internal/XMLSecurityManager$StringMapper <init> (Ljava/util/Map;)V 25 <appendix> argL0 ; # jdk/xml/internal/XMLSecurityManager$StringMapper$$Lambda+0x00000156d3064258
instanceKlass  @cpi org/apache/logging/log4j/util/StackLocator 271 form vmentry <vmtarget> ; # java/lang/invoke/LambdaForm$DMH+0x00000156d3020800
instanceKlass java/util/HashMap$HashMapSpliterator
instanceKlass java/util/Collections$UnmodifiableMap$UnmodifiableEntrySet$UnmodifiableEntrySetSpliterator
instanceKlass jdk/xml/internal/XMLSecurityManager$ValueMapper
instanceKlass jdk/xml/internal/XMLSecurityManager
instanceKlass  @bci jdk/xml/internal/SecuritySupport getContextClassLoader ()Ljava/lang/ClassLoader; 0 <appendix> argL0 ; # jdk/xml/internal/SecuritySupport$$Lambda+0x00000156d3062a88
instanceKlass  @bci javax/xml/parsers/FactoryFinder find (Ljava/lang/Class;Ljava/lang/String;)Ljava/lang/Object; 104 <appendix> member <vmtarget> ; # javax/xml/parsers/FactoryFinder$$Lambda+0x00000156d3062868
instanceKlass javax/xml/parsers/FactoryFinder$1
instanceKlass  @bci jdk/xml/internal/SecuritySupport getFileInputStream (Ljava/io/File;)Ljava/io/FileInputStream; 1 <appendix> member <vmtarget> ; # jdk/xml/internal/SecuritySupport$$Lambda+0x00000156d3062420
instanceKlass  @bci jdk/xml/internal/SecuritySupport doesFileExist (Ljava/io/File;)Z 1 <appendix> member <vmtarget> ; # jdk/xml/internal/SecuritySupport$$Lambda+0x00000156d3062200
instanceKlass  @bci javax/xml/parsers/FactoryFinder find (Ljava/lang/Class;Ljava/lang/String;)Ljava/lang/Object; 6 <appendix> member <vmtarget> ; # javax/xml/parsers/FactoryFinder$$Lambda+0x00000156d3061fe0
instanceKlass  @bci jdk/xml/internal/SecuritySupport getSystemProperty (Ljava/lang/String;)Ljava/lang/String; 1 <appendix> member <vmtarget> ; # jdk/xml/internal/SecuritySupport$$Lambda+0x00000156d3061dc0
instanceKlass jdk/xml/internal/SecuritySupport
instanceKlass javax/xml/parsers/FactoryFinder
instanceKlass javax/xml/parsers/SAXParserFactory
instanceKlass org/xml/sax/helpers/DefaultHandler
instanceKlass org/xml/sax/ErrorHandler
instanceKlass org/xml/sax/ContentHandler
instanceKlass org/xml/sax/DTDHandler
instanceKlass org/xml/sax/EntityResolver
instanceKlass org/testng/xml/XMLParser
instanceKlass org/testng/xml/ISuiteParser
instanceKlass org/testng/xml/IFileParser
instanceKlass org/testng/xml/internal/Parser
instanceKlass org/testng/internal/OverrideProcessor
instanceKlass org/testng/internal/ReporterConfig
instanceKlass java/util/Formatter$Flags
instanceKlass java/util/Formattable
instanceKlass java/util/Formatter$FormatSpecifier
instanceKlass java/util/Formatter$Conversion
instanceKlass java/util/Formatter$FixedString
instanceKlass java/util/Formatter$FormatString
instanceKlass java/util/regex/Pattern$TreeInfo
instanceKlass  @bci java/util/regex/Pattern union (Ljava/util/regex/Pattern$CharPredicate;Ljava/util/regex/Pattern$CharPredicate;Z)Ljava/util/regex/Pattern$CharPredicate; 6 <appendix> member <vmtarget> ; # java/util/regex/Pattern$$Lambda+0x800000033
instanceKlass  @bci java/util/regex/Pattern Range (II)Ljava/util/regex/Pattern$CharPredicate; 23 <appendix> member <vmtarget> ; # java/util/regex/Pattern$$Lambda+0x80000002b
instanceKlass java/util/regex/Pattern$BitClass
instanceKlass  @bci java/util/regex/CharPredicates ASCII_DIGIT ()Ljava/util/regex/Pattern$BmpCharPredicate; 0 <appendix> argL0 ; # java/util/regex/CharPredicates$$Lambda+0x800000026
instanceKlass java/util/regex/CharPredicates
instanceKlass  @bci java/util/regex/Pattern Single (I)Ljava/util/regex/Pattern$BmpCharPredicate; 1 <appendix> member <vmtarget> ; # java/util/regex/Pattern$$Lambda+0x80000002a
instanceKlass java/util/regex/Pattern$BmpCharPredicate
instanceKlass java/util/regex/Pattern$CharPredicate
instanceKlass java/util/regex/Pattern$Node
instanceKlass java/util/regex/Pattern
instanceKlass java/util/Formatter
instanceKlass  @bci org/testng/TestNG configure (Lorg/testng/CommandLineArgs;)V 311 <appendix> member <vmtarget> ; # org/testng/TestNG$$Lambda+0x00000156d30269e8
instanceKlass  @bci org/testng/TestNG configure (Lorg/testng/CommandLineArgs;)V 302 <appendix> argL0 ; # org/testng/TestNG$$Lambda+0x00000156d30267b0
instanceKlass  @bci org/testng/TestNG configure (Lorg/testng/CommandLineArgs;)V 294 <appendix> member <vmtarget> ; # org/testng/TestNG$$Lambda+0x00000156d3026570
instanceKlass  @bci org/testng/TestNG configure (Lorg/testng/CommandLineArgs;)V 285 <appendix> member <vmtarget> ; # org/testng/TestNG$$Lambda+0x00000156d3026320
instanceKlass  @bci org/testng/TestNG configure (Lorg/testng/CommandLineArgs;)V 269 <appendix> argL0 ; # org/testng/TestNG$$Lambda+0x00000156d30260e8
instanceKlass  @bci org/testng/TestNG configure (Lorg/testng/CommandLineArgs;)V 181 <appendix> member <vmtarget> ; # org/testng/TestNG$$Lambda+0x00000156d3025eb8
instanceKlass  @bci org/testng/TestNG configure (Lorg/testng/CommandLineArgs;)V 172 <appendix> argL0 ; # org/testng/TestNG$$Lambda+0x00000156d3025c80
instanceKlass  @bci org/testng/TestNG configure (Lorg/testng/CommandLineArgs;)V 164 <appendix> member <vmtarget> ; # org/testng/TestNG$$Lambda+0x00000156d3025a40
instanceKlass  @bci org/testng/TestNG configure (Lorg/testng/CommandLineArgs;)V 155 <appendix> member <vmtarget> ; # org/testng/TestNG$$Lambda+0x00000156d30257f0
instanceKlass org/testng/ListenerComparator
instanceKlass  @bci org/testng/TestNG configure (Lorg/testng/CommandLineArgs;)V 139 <appendix> argL0 ; # org/testng/TestNG$$Lambda+0x00000156d30253c0
instanceKlass  @bci org/testng/TestNG configure (Lorg/testng/CommandLineArgs;)V 124 <appendix> member <vmtarget> ; # org/testng/TestNG$$Lambda+0x00000156d3025190
instanceKlass  @bci org/testng/TestNG configure (Lorg/testng/CommandLineArgs;)V 108 <appendix> member <vmtarget> ; # org/testng/TestNG$$Lambda+0x00000156d3024f60
instanceKlass  @bci org/testng/TestNG configure (Lorg/testng/CommandLineArgs;)V 99 <appendix> argL0 ; # org/testng/TestNG$$Lambda+0x00000156d3024d28
instanceKlass  @bci org/testng/TestNG configure (Lorg/testng/CommandLineArgs;)V 91 <appendix> member <vmtarget> ; # org/testng/TestNG$$Lambda+0x00000156d3024ae8
instanceKlass  @bci org/testng/TestNG configure (Lorg/testng/CommandLineArgs;)V 82 <appendix> member <vmtarget> ; # org/testng/TestNG$$Lambda+0x00000156d3024898
instanceKlass  @bci org/testng/TestNG configure (Lorg/testng/CommandLineArgs;)V 66 <appendix> argL0 ; # org/testng/TestNG$$Lambda+0x00000156d3024660
instanceKlass org/testng/internal/ClassHelper
instanceKlass  @bci org/testng/TestNG configure (Lorg/testng/CommandLineArgs;)V 40 <appendix> member <vmtarget> ; # org/testng/TestNG$$Lambda+0x00000156d3024230
instanceKlass  @cpi org/testng/internal/KeyAwareAutoCloseableLock 86 form vmentry <vmtarget> ; # java/lang/invoke/LambdaForm$DMH+0x00000156d3020400
instanceKlass  @bci org/testng/TestNG configure (Lorg/testng/CommandLineArgs;)V 24 <appendix> member <vmtarget> ; # org/testng/TestNG$$Lambda+0x00000156d3024000
instanceKlass  @bci org/testng/TestNG configure (Lorg/testng/CommandLineArgs;)V 8 <appendix> member <vmtarget> ; # org/testng/TestNG$$Lambda+0x00000156d301fbf0
instanceKlass  @cpi org/testng/TestNG 2098 form vmentry <vmtarget> ; # java/lang/invoke/LambdaForm$DMH+0x00000156d3020000
instanceKlass sun/reflect/generics/reflectiveObjects/LazyReflectiveObjectGenerator
instanceKlass sun/reflect/generics/tree/TypeVariableSignature
instanceKlass sun/reflect/generics/tree/ClassSignature
instanceKlass sun/reflect/generics/tree/Signature
instanceKlass sun/reflect/generics/tree/FormalTypeParameter
instanceKlass java/lang/reflect/TypeVariable
instanceKlass sun/reflect/generics/reflectiveObjects/ParameterizedTypeImpl
instanceKlass java/lang/reflect/ParameterizedType
instanceKlass sun/reflect/generics/repository/AbstractRepository
instanceKlass  @bci jdk/internal/reflect/MethodHandleObjectFieldAccessorImpl set (Ljava/lang/Object;Ljava/lang/Object;)V 41 <adapter> ; # java/lang/invoke/LambdaForm$MH+0x00000156d301f400
instanceKlass jdk/internal/vm/annotation/Stable
instanceKlass com/beust/jcommander/SubParameter
instanceKlass java/util/concurrent/CopyOnWriteArrayList$COWIterator
instanceKlass com/beust/jcommander/IParameterValidator2
instanceKlass com/beust/jcommander/FuzzyMap
instanceKlass com/beust/jcommander/Strings
instanceKlass  @bci jdk/internal/reflect/MethodHandleBooleanFieldAccessorImpl getBoolean (Ljava/lang/Object;)Z 20 <adapter> ; # java/lang/invoke/LambdaForm$MH+0x00000156d301f000
# instanceKlass java/lang/invoke/LambdaForm$MH+0x00000156d301ec00
# instanceKlass java/lang/invoke/LambdaForm$BMH+0x00000156d301e800
# instanceKlass java/lang/invoke/LambdaForm$DMH+0x00000156d301e400
# instanceKlass java/lang/invoke/LambdaForm$MH+0x00000156d301e000
instanceKlass  @cpi org/openqa/selenium/json/JsonOutput 710 form vmentry <vmtarget> ; # java/lang/invoke/LambdaForm$DMH+0x00000156d301dc00
instanceKlass com/beust/jcommander/StringKey
# instanceKlass java/lang/invoke/LambdaForm$MH+0x00000156d301d800
# instanceKlass java/lang/invoke/LambdaForm$MH+0x00000156d301d400
# instanceKlass java/lang/invoke/LambdaForm$MH+0x00000156d301d000
instanceKlass  @cpi jdk/internal/net/http/common/DebugLogger$LoggerConfig 124 form vmentry <vmtarget> ; # java/lang/invoke/LambdaForm$MH+0x00000156d301cc00
# instanceKlass java/lang/invoke/LambdaForm$MH+0x00000156d301c800
# instanceKlass java/lang/invoke/LambdaForm$MH+0x00000156d301c400
instanceKlass jdk/internal/reflect/FieldAccessor
instanceKlass com/beust/jcommander/ResourceBundle
instanceKlass com/beust/jcommander/ParameterDescription
instanceKlass com/beust/jcommander/JCommander$MainParameter
instanceKlass com/beust/jcommander/WrappedParameter
instanceKlass com/beust/jcommander/DynamicParameter
instanceKlass com/beust/jcommander/ParametersDelegate
instanceKlass java/lang/annotation/Target
# instanceKlass java/lang/invoke/LambdaForm$MH+0x00000156d301c000
instanceKlass java/lang/reflect/Proxy$ProxyBuilder$1
instanceKlass jdk/internal/org/objectweb/asm/Edge
instanceKlass  @bci java/lang/reflect/ProxyGenerator addProxyMethod (Ljava/lang/reflect/Method;Ljava/lang/Class;)V 23 <appendix> argL0 ; # java/lang/reflect/ProxyGenerator$$Lambda+0x00000156d305b070
instanceKlass  @bci java/lang/reflect/ProxyGenerator addProxyMethod (Ljava/lang/reflect/ProxyGenerator$ProxyMethod;)V 10 <appendix> argL0 ; # java/lang/reflect/ProxyGenerator$$Lambda+0x00000156d305ae38
instanceKlass java/util/StringJoiner
instanceKlass java/lang/reflect/ProxyGenerator$ProxyMethod
instanceKlass  @bci java/lang/reflect/Proxy getLoader (Ljava/lang/Module;)Ljava/lang/ClassLoader; 6 <appendix> member <vmtarget> ; # java/lang/reflect/Proxy$$Lambda+0x00000156d305a4a0
instanceKlass  @bci java/lang/WeakPairMap computeIfAbsent (Ljava/lang/Object;Ljava/lang/Object;Ljava/util/function/BiFunction;)Ljava/lang/Object; 18 <appendix> member <vmtarget> ; # java/lang/WeakPairMap$$Lambda+0x00000156d305a058
instanceKlass  @bci java/lang/Module implAddExportsOrOpens (Ljava/lang/String;Ljava/lang/Module;ZZ)V 145 <appendix> argL0 ; # java/lang/Module$$Lambda+0x00000156d3059e30
instanceKlass  @bci java/lang/module/ModuleDescriptor$Builder packages (Ljava/util/Set;)Ljava/lang/module/ModuleDescriptor$Builder; 17 <appendix> argL0 ; # java/lang/module/ModuleDescriptor$Builder$$Lambda+0x800000002
instanceKlass jdk/internal/module/Checks
instanceKlass java/lang/module/ModuleDescriptor$Builder
instanceKlass  @bci java/lang/reflect/Proxy$ProxyBuilder getDynamicModule (Ljava/lang/ClassLoader;)Ljava/lang/Module; 4 <appendix> argL0 ; # java/lang/reflect/Proxy$ProxyBuilder$$Lambda+0x00000156d30594f8
instanceKlass java/lang/PublicMethods
instanceKlass java/lang/reflect/Proxy$ProxyBuilder
instanceKlass  @bci java/lang/reflect/Proxy getProxyConstructor (Ljava/lang/Class;Ljava/lang/ClassLoader;[Ljava/lang/Class;)Ljava/lang/reflect/Constructor; 35 <appendix> argL0 ; # java/lang/reflect/Proxy$$Lambda+0x00000156d3058858
instanceKlass java/lang/reflect/Proxy
instanceKlass sun/reflect/annotation/AnnotationInvocationHandler
instanceKlass java/lang/reflect/InvocationHandler
instanceKlass sun/reflect/annotation/AnnotationParser$1
instanceKlass java/lang/annotation/Inherited
instanceKlass java/lang/annotation/Retention
instanceKlass com/beust/jcommander/validators/NoValueValidator
instanceKlass com/beust/jcommander/IValueValidator
instanceKlass com/beust/jcommander/validators/NoValidator
instanceKlass com/beust/jcommander/IParameterValidator
instanceKlass  @bci sun/reflect/annotation/AnnotationParser parseClassArray (ILjava/nio/ByteBuffer;Ljdk/internal/reflect/ConstantPool;Ljava/lang/Class;)Ljava/lang/Object; 10 <appendix> member <vmtarget> ; # sun/reflect/annotation/AnnotationParser$$Lambda+0x00000156d3056f08
instanceKlass com/beust/jcommander/converters/NoConverter
instanceKlass com/beust/jcommander/converters/CommaParameterSplitter
instanceKlass com/beust/jcommander/converters/IParameterSplitter
instanceKlass sun/reflect/annotation/ExceptionProxy
instanceKlass sun/reflect/annotation/AnnotationType$1
instanceKlass sun/reflect/annotation/AnnotationType
instanceKlass java/lang/reflect/GenericArrayType
instanceKlass sun/reflect/generics/visitor/Reifier
instanceKlass sun/reflect/generics/visitor/TypeTreeVisitor
instanceKlass sun/reflect/generics/factory/CoreReflectionFactory
instanceKlass sun/reflect/generics/factory/GenericsFactory
instanceKlass sun/reflect/generics/scope/AbstractScope
instanceKlass sun/reflect/generics/scope/Scope
instanceKlass sun/reflect/generics/tree/ClassTypeSignature
instanceKlass sun/reflect/generics/tree/SimpleClassTypeSignature
instanceKlass sun/reflect/generics/tree/FieldTypeSignature
instanceKlass sun/reflect/generics/tree/BaseType
instanceKlass sun/reflect/generics/tree/TypeSignature
instanceKlass sun/reflect/generics/tree/ReturnType
instanceKlass sun/reflect/generics/tree/TypeArgument
instanceKlass sun/reflect/generics/tree/TypeTree
instanceKlass sun/reflect/generics/tree/Tree
instanceKlass sun/reflect/generics/parser/SignatureParser
instanceKlass com/beust/jcommander/Parameter
instanceKlass java/util/LinkedHashMap$LinkedHashIterator
instanceKlass com/beust/jcommander/Parameterized
instanceKlass java/lang/Class$AnnotationData
instanceKlass com/beust/jcommander/Parameters
instanceKlass java/util/Collections$1
instanceKlass com/beust/jcommander/JCommander$1
instanceKlass java/util/Date
instanceKlass com/beust/jcommander/converters/FileConverter
instanceKlass com/beust/jcommander/converters/BaseConverter
instanceKlass com/beust/jcommander/converters/StringConverter
instanceKlass com/beust/jcommander/internal/DefaultConverterFactory
instanceKlass com/beust/jcommander/JCommander$DefaultVariableArity
instanceKlass com/beust/jcommander/internal/Sets
instanceKlass com/beust/jcommander/internal/Maps
instanceKlass com/beust/jcommander/DefaultUsageFormatter
instanceKlass com/beust/jcommander/internal/Lists
instanceKlass com/beust/jcommander/parser/DefaultParameterizedParser
instanceKlass com/beust/jcommander/JCommander$Options$1
instanceKlass com/beust/jcommander/JCommander$Options
instanceKlass com/beust/jcommander/IStringConverter
instanceKlass com/beust/jcommander/internal/Console
instanceKlass com/beust/jcommander/IStringConverterInstanceFactory
instanceKlass com/beust/jcommander/FuzzyMap$IKey
instanceKlass com/beust/jcommander/IStringConverterFactory
instanceKlass com/beust/jcommander/IVariableArity
instanceKlass com/beust/jcommander/IUsageFormatter
instanceKlass com/beust/jcommander/IParameterizedParser
instanceKlass com/beust/jcommander/JCommander
instanceKlass org/testng/internal/RuntimeBehavior
instanceKlass org/testng/annotations/AfterMethod
instanceKlass org/testng/internal/annotations/IAfterMethod
instanceKlass org/testng/annotations/BeforeMethod
instanceKlass org/testng/internal/annotations/IBeforeMethod
instanceKlass org/testng/internal/annotations/IBaseBeforeAfterMethod
instanceKlass org/testng/annotations/AfterGroups
instanceKlass org/testng/internal/annotations/IAfterGroups
instanceKlass org/testng/annotations/BeforeGroups
instanceKlass org/testng/internal/annotations/IBeforeGroups
instanceKlass org/testng/annotations/AfterClass
instanceKlass org/testng/internal/annotations/IAfterClass
instanceKlass org/testng/annotations/BeforeClass
instanceKlass org/testng/internal/annotations/IBeforeClass
instanceKlass org/testng/annotations/AfterTest
instanceKlass org/testng/internal/annotations/IAfterTest
instanceKlass org/testng/annotations/BeforeTest
instanceKlass org/testng/internal/annotations/IBeforeTest
instanceKlass org/testng/annotations/AfterSuite
instanceKlass org/testng/internal/annotations/IAfterSuite
instanceKlass org/testng/annotations/BeforeSuite
instanceKlass org/testng/internal/annotations/IBeforeSuite
instanceKlass org/testng/internal/annotations/IBaseBeforeAfter
instanceKlass org/testng/annotations/Ignore
instanceKlass org/testng/annotations/IIgnoreAnnotation
instanceKlass org/testng/annotations/Test
instanceKlass org/testng/annotations/ITestAnnotation
instanceKlass org/testng/annotations/ITestOrConfiguration
instanceKlass org/testng/annotations/Parameters
instanceKlass org/testng/annotations/IParametersAnnotation
instanceKlass org/testng/annotations/ObjectFactory
instanceKlass org/testng/annotations/IObjectFactoryAnnotation
instanceKlass org/testng/annotations/Factory
instanceKlass org/testng/annotations/IFactoryAnnotation
instanceKlass org/testng/internal/annotations/IDataProvidable
instanceKlass org/testng/annotations/IParameterizable
instanceKlass org/testng/annotations/DataProvider
instanceKlass org/testng/annotations/IDataProviderAnnotation
instanceKlass org/testng/annotations/Listeners
instanceKlass org/testng/annotations/IListenersAnnotation
instanceKlass  @bci org/testng/internal/annotations/JDK15TagFactory <clinit> ()V 8 <appendix> argL0 ; # org/testng/internal/annotations/JDK15TagFactory$$Lambda+0x00000156d300ec90
instanceKlass org/testng/internal/Utils
instanceKlass  @bci org/testng/internal/annotations/JDK15TagFactory <clinit> ()V 0 <appendix> argL0 ; # org/testng/internal/annotations/JDK15TagFactory$$Lambda+0x00000156d300e878
instanceKlass  @cpi org/apache/commons/io/function/Constants 113 form vmentry <vmtarget> ; # java/lang/invoke/LambdaForm$DMH+0x00000156d3010400
instanceKlass org/testng/internal/annotations/JDK15TagFactory$Default
instanceKlass org/testng/annotations/IAnnotation
instanceKlass org/testng/internal/annotations/JDK15TagFactory
instanceKlass org/testng/internal/annotations/JDK15AnnotationFinder
instanceKlass org/testng/internal/objects/GuiceBackedInjectorFactory
instanceKlass  @bci org/testng/internal/Configuration <init> ()V 29 <appendix> argL0 ; # org/testng/internal/Configuration$$Lambda+0x00000156d300db90
instanceKlass  @cpi org/testng/internal/Configuration 207 form vmentry <vmtarget> ; # java/lang/invoke/LambdaForm$DMH+0x00000156d3010000
instanceKlass java/util/concurrent/AbstractExecutorService
instanceKlass java/util/concurrent/ExecutorService
instanceKlass java/util/concurrent/Executor
instanceKlass org/testng/IExecutorServiceFactory
instanceKlass org/testng/IInjectorFactory
instanceKlass org/testng/internal/Configuration
instanceKlass org/testng/xml/XmlSuite
instanceKlass org/testng/CommandLineArgs
instanceKlass org/testng/internal/annotations/IgnoreListener
instanceKlass org/testng/internal/annotations/IAnnotationTransformer
instanceKlass java/util/BitSet
instanceKlass org/testng/internal/ExitCode
instanceKlass org/testng/reporters/IReporterConfig
instanceKlass org/testng/internal/ExitCodeListener
instanceKlass org/testng/IExecutionListener
instanceKlass org/testng/IReporter
instanceKlass org/testng/collections/Sets
instanceKlass org/testng/collections/Lists
instanceKlass org/testng/internal/objects/DefaultTestObjectFactory
instanceKlass org/slf4j/spi/LoggingEventBuilder
instanceKlass org/slf4j/helpers/NamedLoggerBase
instanceKlass org/slf4j/helpers/Reporter
instanceKlass jdk/internal/loader/URLClassPath$1
instanceKlass java/lang/CompoundEnumeration
instanceKlass jdk/internal/loader/BuiltinClassLoader$1
instanceKlass java/util/Collections$EmptyEnumeration
instanceKlass java/util/Collections$EmptyIterator
instanceKlass jdk/internal/jimage/ImageLocation
instanceKlass jdk/internal/jimage/decompressor/Decompressor
instanceKlass jdk/internal/jimage/ImageStringsReader
instanceKlass jdk/internal/jimage/ImageStrings
instanceKlass jdk/internal/jimage/ImageHeader
instanceKlass jdk/internal/jimage/NativeImageBuffer$1
instanceKlass jdk/internal/jimage/NativeImageBuffer
instanceKlass jdk/internal/jimage/BasicImageReader$1
instanceKlass jdk/internal/jimage/BasicImageReader
instanceKlass jdk/internal/jimage/ImageReader
instanceKlass jdk/internal/jimage/ImageReaderFactory$1
instanceKlass java/nio/file/FileSystems$DefaultFileSystemHolder$1
instanceKlass java/nio/file/FileSystems$DefaultFileSystemHolder
instanceKlass java/nio/file/FileSystems
instanceKlass java/nio/file/Paths
instanceKlass jdk/internal/jimage/ImageReaderFactory
instanceKlass jdk/internal/module/SystemModuleFinders$SystemImage
instanceKlass jdk/internal/module/SystemModuleFinders$SystemModuleReader
instanceKlass java/lang/module/ModuleReader
instanceKlass jdk/internal/loader/BuiltinClassLoader$5
instanceKlass jdk/internal/loader/BuiltinClassLoader$2
instanceKlass jdk/internal/module/Resources
instanceKlass java/util/ServiceLoader$3
instanceKlass java/util/ServiceLoader$2
instanceKlass java/util/ServiceLoader$LazyClassPathLookupIterator
instanceKlass java/util/Spliterators$1Adapter
instanceKlass java/util/Spliterators$ArraySpliterator
instanceKlass java/util/ServiceLoader$ModuleServicesLookupIterator
instanceKlass java/util/ServiceLoader
instanceKlass org/slf4j/helpers/Util
instanceKlass org/slf4j/helpers/NOPMDCAdapter
instanceKlass org/slf4j/helpers/NOPLoggerFactory
instanceKlass org/slf4j/helpers/NOP_FallbackServiceProvider
instanceKlass org/slf4j/helpers/ThreadLocalMapOfStacks
instanceKlass org/slf4j/helpers/BasicMDCAdapter
instanceKlass org/slf4j/Marker
instanceKlass org/slf4j/helpers/BasicMarkerFactory
instanceKlass java/util/concurrent/LinkedBlockingQueue$Node
instanceKlass org/slf4j/Logger
instanceKlass org/slf4j/helpers/SubstituteLoggerFactory
instanceKlass org/slf4j/ILoggerFactory
instanceKlass org/slf4j/spi/MDCAdapter
instanceKlass org/slf4j/IMarkerFactory
instanceKlass org/slf4j/helpers/SubstituteServiceProvider
instanceKlass org/slf4j/event/LoggingEvent
instanceKlass org/slf4j/spi/SLF4JServiceProvider
instanceKlass org/slf4j/LoggerFactory
instanceKlass  @bci org/testng/log4testng/Logger getLogger (Ljava/lang/Class;)Lorg/testng/log4testng/Logger; 4 <appendix> argL0 ; # org/testng/log4testng/Logger$$Lambda+0x00000156d3007c98
instanceKlass org/testng/collections/Maps
instanceKlass org/testng/log4testng/Logger
instanceKlass org/testng/internal/IConfiguration
instanceKlass org/testng/ITestObjectFactory
instanceKlass org/testng/IAnnotationTransformer
instanceKlass org/testng/internal/annotations/IAnnotationFinder
instanceKlass org/testng/ITestListener
instanceKlass org/testng/ITestNGListener
instanceKlass org/testng/ISuite
instanceKlass org/testng/IAttributes
instanceKlass org/testng/thread/IThreadWorkerFactory
instanceKlass java/util/concurrent/BlockingQueue
instanceKlass org/testng/IDynamicGraph
instanceKlass org/testng/ITestNGListenerFactory
instanceKlass org/testng/xml/IPostProcessor
instanceKlass org/testng/TestNG
instanceKlass java/util/TreeMap$PrivateEntryIterator
instanceKlass java/util/TreeMap$Entry
instanceKlass java/util/zip/ZipFile$InflaterCleanupAction
instanceKlass java/util/zip/Inflater$InflaterZStreamRef
instanceKlass java/util/zip/Inflater
instanceKlass sun/nio/ch/ExtendedSocketOption$1
instanceKlass sun/nio/ch/ExtendedSocketOption
instanceKlass sun/nio/ch/OptionKey
instanceKlass sun/nio/ch/SocketOptionRegistry$LazyInitialization
instanceKlass sun/nio/ch/SocketOptionRegistry$RegistryKey
instanceKlass sun/nio/ch/SocketOptionRegistry
instanceKlass java/net/NetworkInterface
instanceKlass java/net/StandardSocketOptions$StdSocketOption
instanceKlass java/net/StandardSocketOptions
instanceKlass sun/nio/ch/IOStatus
instanceKlass sun/nio/ch/Util$BufferCache
instanceKlass sun/nio/ch/Util
instanceKlass jdk/internal/event/Event
instanceKlass java/lang/invoke/VarHandle$AccessDescriptor
instanceKlass sun/nio/ch/NativeThread
instanceKlass sun/net/NetHooks
instanceKlass sun/net/spi/DefaultProxySelector$3
instanceKlass sun/net/spi/DefaultProxySelector$NonProxyInfo
instanceKlass java/net/URI$Parser
instanceKlass java/io/FileInputStream$1
instanceKlass java/util/Properties$LineReader
instanceKlass sun/net/NetProperties$1
instanceKlass sun/net/NetProperties
instanceKlass sun/net/spi/DefaultProxySelector$1
instanceKlass java/net/Proxy
instanceKlass java/net/ProxySelector
instanceKlass java/net/SocksSocketImpl$3
# instanceKlass sun/nio/ch/NioSocketImpl$$Lambda+0x00000156d3049810
instanceKlass  @bci sun/nio/ch/NioSocketImpl closerFor (Ljava/io/FileDescriptor;Z)Ljava/lang/Runnable; 5 <appendix> member <vmtarget> ; # sun/nio/ch/NioSocketImpl$$Lambda+0x00000156d30495f0
# instanceKlass java/lang/invoke/LambdaForm$DMH+0x00000156d3004400
instanceKlass  @cpi org/apache/logging/log4j/util/ProviderUtil 449 form vmentry <vmtarget> ; # java/lang/invoke/LambdaForm$DMH+0x00000156d3004000
instanceKlass jdk/net/ExtendedSocketOptions$2
instanceKlass jdk/net/ExtendedSocketOptions$PlatformSocketOptions
instanceKlass jdk/net/ExtendedSocketOptions$ExtSocketOption
instanceKlass java/net/SocketOption
instanceKlass jdk/net/ExtendedSocketOptions
instanceKlass sun/net/ext/ExtendedSocketOptions
instanceKlass java/net/Inet6Address$Inet6AddressHolder
instanceKlass sun/nio/ch/Net$1
instanceKlass java/net/ProtocolFamily
instanceKlass sun/nio/ch/Net
instanceKlass java/net/SocksConsts
instanceKlass sun/nio/ch/IOUtil
instanceKlass sun/nio/ch/NativeDispatcher
instanceKlass jdk/internal/misc/PreviewFeatures
instanceKlass sun/net/PlatformSocketImpl
instanceKlass jdk/internal/misc/MethodFinder
instanceKlass com/intellij/rt/testng/RemoteTestNGStarter
instanceKlass java/net/SocketImpl
instanceKlass java/net/SocketOptions
instanceKlass java/net/InetSocketAddress$InetSocketAddressHolder
instanceKlass java/net/InetAddress$PlatformResolver
instanceKlass java/net/spi/InetAddressResolver
instanceKlass java/net/spi/InetAddressResolver$LookupPolicy
instanceKlass java/net/Inet4AddressImpl
instanceKlass java/net/Inet6AddressImpl
instanceKlass java/net/InetAddressImpl
instanceKlass java/util/concurrent/ConcurrentSkipListMap$Node
instanceKlass java/util/concurrent/ConcurrentSkipListMap$Index
instanceKlass java/util/concurrent/ConcurrentNavigableMap
instanceKlass java/util/NavigableMap
instanceKlass java/util/SortedMap
instanceKlass java/util/NavigableSet
instanceKlass java/util/SortedSet
instanceKlass java/net/InetAddress$InetAddressHolder
instanceKlass java/net/InetAddress$1
instanceKlass jdk/internal/access/JavaNetInetAddressAccess
instanceKlass java/net/InetAddress
instanceKlass java/net/SocketAddress
instanceKlass java/lang/invoke/VarForm
instanceKlass java/lang/invoke/VarHandleGuards
instanceKlass sun/nio/cs/SingleByte
instanceKlass java/lang/ClassValue$Version
instanceKlass java/lang/ClassValue$Identity
instanceKlass java/lang/ClassValue
instanceKlass java/lang/invoke/VarHandles
instanceKlass sun/nio/cs/MS1252$Holder
instanceKlass sun/nio/cs/ArrayDecoder
instanceKlass java/net/Socket
instanceKlass sun/launcher/LauncherHelper
instanceKlass java/io/Reader
instanceKlass com/intellij/rt/execution/application/AppMainV2
instanceKlass  @bci jdk/internal/reflect/DirectMethodHandleAccessor invokeImpl (Ljava/lang/Object;[Ljava/lang/Object;)Ljava/lang/Object; 72 <adapter> ; # java/lang/invoke/LambdaForm$MH+0x00000156d3002800
# instanceKlass java/lang/invoke/LambdaForm$MH+0x00000156d3002400
# instanceKlass java/lang/invoke/LambdaForm$MH+0x00000156d3002000
# instanceKlass java/lang/invoke/LambdaForm$MH+0x00000156d3001c00
instanceKlass  @bci org/openqa/selenium/support/ui/ExpectedConditions$7 toString ()Ljava/lang/String; 7 <appendix> form vmentry <vmtarget> ; # java/lang/invoke/LambdaForm$MH+0x00000156d3001800
# instanceKlass java/lang/invoke/LambdaForm$MH+0x00000156d3001400
instanceKlass  @cpi org/apache/logging/log4j/util/PropertiesUtil$Environment 294 form vmentry <vmtarget> ; # java/lang/invoke/LambdaForm$DMH+0x00000156d3001000
instanceKlass com/intellij/rt/execution/application/AppMainV2$Agent
instanceKlass java/security/SecureClassLoader$DebugHolder
instanceKlass java/security/Permission
instanceKlass java/security/Guard
instanceKlass java/security/PermissionCollection
instanceKlass java/security/SecureClassLoader$1
instanceKlass java/util/zip/Checksum$1
instanceKlass java/util/zip/CRC32
instanceKlass java/util/zip/Checksum
instanceKlass sun/nio/ByteBuffered
instanceKlass java/lang/Package$VersionInfo
instanceKlass java/lang/NamedPackage
instanceKlass java/util/jar/Attributes$Name
instanceKlass java/util/jar/Attributes
instanceKlass jdk/internal/loader/Resource
instanceKlass sun/security/action/GetIntegerAction
instanceKlass sun/security/util/Debug
instanceKlass sun/security/util/SignatureFileVerifier
instanceKlass java/util/zip/ZipEntry
instanceKlass java/util/zip/ZipFile$2
instanceKlass java/nio/Bits$1
instanceKlass jdk/internal/misc/VM$BufferPool
instanceKlass java/nio/Bits
instanceKlass sun/nio/ch/DirectBuffer
instanceKlass jdk/internal/perf/PerfCounter$CoreCounters
instanceKlass jdk/internal/perf/Perf
instanceKlass jdk/internal/perf/Perf$GetPerfAction
instanceKlass jdk/internal/perf/PerfCounter
instanceKlass sun/util/locale/LocaleUtils
instanceKlass sun/util/locale/BaseLocale
instanceKlass java/util/Locale
instanceKlass java/nio/file/attribute/FileTime
instanceKlass java/util/zip/ZipUtils
instanceKlass java/util/zip/ZipFile$Source$End
instanceKlass java/io/RandomAccessFile$2
instanceKlass jdk/internal/access/JavaIORandomAccessFileAccess
instanceKlass java/io/RandomAccessFile
instanceKlass java/io/DataInput
instanceKlass java/io/DataOutput
instanceKlass sun/nio/fs/WindowsNativeDispatcher$CompletionStatus
instanceKlass sun/nio/fs/WindowsNativeDispatcher$AclInformation
instanceKlass sun/nio/fs/WindowsNativeDispatcher$Account
instanceKlass sun/nio/fs/WindowsNativeDispatcher$DiskFreeSpace
instanceKlass sun/nio/fs/WindowsNativeDispatcher$VolumeInformation
instanceKlass sun/nio/fs/WindowsNativeDispatcher$FirstStream
instanceKlass sun/nio/fs/WindowsNativeDispatcher$FirstFile
instanceKlass java/util/Enumeration
instanceKlass java/util/concurrent/ConcurrentHashMap$Traverser
instanceKlass sun/nio/fs/WindowsNativeDispatcher
instanceKlass sun/nio/fs/NativeBuffer$Deallocator
instanceKlass sun/nio/fs/NativeBuffer
instanceKlass java/lang/ThreadLocal$ThreadLocalMap
instanceKlass java/lang/ThreadLocal
instanceKlass sun/nio/fs/NativeBuffers
instanceKlass sun/nio/fs/WindowsFileAttributes
instanceKlass java/nio/file/attribute/DosFileAttributes
instanceKlass sun/nio/fs/AbstractBasicFileAttributeView
instanceKlass sun/nio/fs/DynamicFileAttributeView
instanceKlass sun/nio/fs/WindowsFileAttributeViews
instanceKlass sun/nio/fs/Util
instanceKlass java/nio/file/attribute/BasicFileAttributeView
instanceKlass java/nio/file/attribute/FileAttributeView
instanceKlass java/nio/file/attribute/AttributeView
instanceKlass java/nio/file/Files
instanceKlass java/nio/file/CopyOption
instanceKlass java/nio/file/attribute/BasicFileAttributes
instanceKlass sun/nio/fs/WindowsPath
instanceKlass java/util/zip/ZipFile$Source$Key
instanceKlass sun/nio/fs/WindowsPathParser$Result
instanceKlass sun/nio/fs/WindowsPathParser
instanceKlass java/nio/file/FileSystem
instanceKlass java/nio/file/OpenOption
instanceKlass java/nio/file/spi/FileSystemProvider
instanceKlass sun/nio/fs/DefaultFileSystemProvider
instanceKlass java/util/zip/ZipFile$Source
instanceKlass java/util/zip/ZipCoder
instanceKlass java/util/zip/ZipFile$CleanableResource
instanceKlass jdk/internal/util/DecimalDigits
instanceKlass jdk/internal/util/Digits
instanceKlass java/lang/Runtime$Version
instanceKlass java/util/jar/JavaUtilJarAccessImpl
instanceKlass jdk/internal/access/JavaUtilJarAccess
instanceKlass java/nio/charset/CoderResult
instanceKlass java/lang/StringCoding
instanceKlass java/nio/charset/CharsetDecoder
instanceKlass java/lang/Readable
instanceKlass jdk/internal/loader/FileURLMapper
instanceKlass jdk/internal/loader/URLClassPath$JarLoader$1
instanceKlass java/util/zip/ZipFile$1
instanceKlass jdk/internal/access/JavaUtilZipFileAccess
instanceKlass java/util/zip/ZipFile
instanceKlass java/util/zip/ZipConstants
instanceKlass jdk/internal/loader/URLClassPath$Loader
instanceKlass jdk/internal/loader/URLClassPath$3
instanceKlass java/security/PrivilegedExceptionAction
instanceKlass sun/net/util/URLUtil
instanceKlass sun/instrument/TransformerManager$TransformerInfo
instanceKlass sun/instrument/TransformerManager
instanceKlass jdk/internal/loader/NativeLibraries$3
instanceKlass jdk/internal/loader/NativeLibrary
instanceKlass java/util/ArrayDeque$DeqIterator
instanceKlass jdk/internal/loader/NativeLibraries$NativeLibraryContext$1
instanceKlass jdk/internal/loader/NativeLibraries$NativeLibraryContext
instanceKlass jdk/internal/loader/NativeLibraries$2
instanceKlass jdk/internal/loader/NativeLibraries$1
instanceKlass jdk/internal/loader/NativeLibraries$LibraryPaths
instanceKlass  @bci sun/instrument/InstrumentationImpl <clinit> ()V 16 <appendix> argL0 ; # sun/instrument/InstrumentationImpl$$Lambda+0x00000156d3041908
instanceKlass sun/instrument/InstrumentationImpl
instanceKlass java/lang/instrument/Instrumentation
instanceKlass java/lang/invoke/StringConcatFactory
instanceKlass jdk/internal/module/ModuleBootstrap$SafeModuleFinder
instanceKlass java/lang/ModuleLayer$Controller
instanceKlass java/util/concurrent/CopyOnWriteArrayList
instanceKlass jdk/internal/module/ServicesCatalog$ServiceProvider
instanceKlass jdk/internal/loader/AbstractClassLoaderValue$Memoizer
instanceKlass jdk/internal/module/ModuleLoaderMap$Modules
instanceKlass jdk/internal/module/ModuleLoaderMap$Mapper
instanceKlass jdk/internal/module/ModuleLoaderMap
instanceKlass java/lang/module/ResolvedModule
instanceKlass java/util/Collections$UnmodifiableCollection$1
instanceKlass java/util/SequencedMap
instanceKlass java/util/SequencedSet
instanceKlass java/lang/ModuleLayer
instanceKlass java/util/ImmutableCollections$ListItr
instanceKlass java/util/ListIterator
instanceKlass java/lang/module/ModuleFinder$1
instanceKlass java/nio/file/Path
instanceKlass java/nio/file/Watchable
instanceKlass java/lang/module/Resolver
instanceKlass java/lang/module/Configuration
instanceKlass  @bci java/util/stream/FindOps$FindSink$OfRef <clinit> ()V 43 <appendix> argL0 ; # java/util/stream/FindOps$FindSink$OfRef$$Lambda+0x80000004d
instanceKlass  @bci java/util/stream/FindOps$FindSink$OfRef <clinit> ()V 38 <appendix> argL0 ; # java/util/stream/FindOps$FindSink$OfRef$$Lambda+0x80000004f
instanceKlass  @bci java/util/stream/FindOps$FindSink$OfRef <clinit> ()V 16 <appendix> argL0 ; # java/util/stream/FindOps$FindSink$OfRef$$Lambda+0x80000004e
instanceKlass  @bci java/util/stream/FindOps$FindSink$OfRef <clinit> ()V 11 <appendix> argL0 ; # java/util/stream/FindOps$FindSink$OfRef$$Lambda+0x800000050
instanceKlass java/util/stream/FindOps$FindOp
instanceKlass java/util/stream/FindOps$FindSink
instanceKlass java/util/stream/FindOps
instanceKlass  @bci jdk/internal/module/DefaultRoots exportsAPI (Ljava/lang/module/ModuleDescriptor;)Z 9 <appendix> argL0 ; # jdk/internal/module/DefaultRoots$$Lambda+0x800000056
instanceKlass java/util/stream/Sink$ChainedReference
instanceKlass java/util/stream/ReduceOps$AccumulatingSink
instanceKlass java/util/stream/TerminalSink
instanceKlass java/util/stream/Sink
instanceKlass java/util/function/Consumer
instanceKlass java/util/stream/ReduceOps$Box
instanceKlass java/util/stream/ReduceOps$ReduceOp
instanceKlass java/util/stream/TerminalOp
instanceKlass java/util/stream/ReduceOps
instanceKlass  @bci java/util/stream/Collectors castingIdentity ()Ljava/util/function/Function; 0 <appendix> argL0 ; # java/util/stream/Collectors$$Lambda+0x800000043
instanceKlass  @bci java/util/stream/Collectors toSet ()Ljava/util/stream/Collector; 14 <appendix> argL0 ; # java/util/stream/Collectors$$Lambda+0x800000041
instanceKlass java/util/function/BinaryOperator
instanceKlass  @bci java/util/stream/Collectors toSet ()Ljava/util/stream/Collector; 9 <appendix> argL0 ; # java/util/stream/Collectors$$Lambda+0x80000003a
instanceKlass java/util/function/BiConsumer
instanceKlass  @bci java/util/stream/Collectors toSet ()Ljava/util/stream/Collector; 4 <appendix> argL0 ; # java/util/stream/Collectors$$Lambda+0x800000046
instanceKlass java/util/stream/Collector
instanceKlass java/util/Collections$UnmodifiableCollection
instanceKlass java/util/stream/Collectors
instanceKlass  @bci jdk/internal/module/DefaultRoots compute (Ljava/lang/module/ModuleFinder;Ljava/lang/module/ModuleFinder;)Ljava/util/Set; 42 <appendix> argL0 ; # jdk/internal/module/DefaultRoots$$Lambda+0x800000053
instanceKlass  @bci jdk/internal/module/DefaultRoots compute (Ljava/lang/module/ModuleFinder;Ljava/lang/module/ModuleFinder;)Ljava/util/Set; 32 <appendix> member <vmtarget> ; # jdk/internal/module/DefaultRoots$$Lambda+0x800000057
instanceKlass  @bci jdk/internal/module/DefaultRoots compute (Ljava/lang/module/ModuleFinder;Ljava/lang/module/ModuleFinder;)Ljava/util/Set; 21 <appendix> argL0 ; # jdk/internal/module/DefaultRoots$$Lambda+0x800000054
instanceKlass java/util/concurrent/ForkJoinPool$ManagedBlocker
instanceKlass java/util/concurrent/locks/AbstractQueuedSynchronizer$Node
instanceKlass java/lang/ref/Cleaner$Cleanable
instanceKlass jdk/internal/ref/CleanerImpl
instanceKlass java/lang/ref/Cleaner$1
instanceKlass java/lang/ref/Cleaner
instanceKlass jdk/internal/ref/CleanerFactory$1
instanceKlass java/util/concurrent/ThreadFactory
instanceKlass jdk/internal/ref/CleanerFactory
instanceKlass  @bci org/apache/poi/util/XMLHelper newDocumentBuilder ()Ljavax/xml/parsers/DocumentBuilder; 8 <appendix> form vmentry <vmtarget> ; # java/lang/invoke/LambdaForm$MH+0x00000156d3000800
instanceKlass  @bci jdk/internal/module/DefaultRoots compute (Ljava/lang/module/ModuleFinder;Ljava/lang/module/ModuleFinder;)Ljava/util/Set; 11 <appendix> argL0 ; # jdk/internal/module/DefaultRoots$$Lambda+0x800000055
instanceKlass java/lang/invoke/LambdaProxyClassArchive
instanceKlass java/lang/invoke/InfoFromMemberName
instanceKlass java/lang/invoke/MethodHandleInfo
instanceKlass jdk/internal/org/objectweb/asm/ConstantDynamic
instanceKlass jdk/internal/org/objectweb/asm/Handle
instanceKlass sun/security/action/GetBooleanAction
instanceKlass java/lang/invoke/AbstractValidatingLambdaMetafactory
instanceKlass java/lang/invoke/BootstrapMethodInvoker
instanceKlass java/util/function/Predicate
instanceKlass java/lang/WeakPairMap$Pair$Lookup
instanceKlass java/lang/WeakPairMap$Pair
instanceKlass java/lang/WeakPairMap
instanceKlass java/lang/Module$ReflectionData
instanceKlass java/lang/invoke/LambdaMetafactory
# instanceKlass java/lang/invoke/LambdaForm$MH+0x00000156d3000400
instanceKlass java/lang/invoke/MethodHandles$Lookup$ClassDefiner
instanceKlass java/lang/invoke/MethodHandles$Lookup$ClassFile
instanceKlass jdk/internal/org/objectweb/asm/Handler
instanceKlass jdk/internal/org/objectweb/asm/Attribute
instanceKlass jdk/internal/org/objectweb/asm/FieldVisitor
instanceKlass java/util/ArrayList$Itr
instanceKlass sun/invoke/empty/Empty
instanceKlass sun/invoke/util/VerifyType
instanceKlass java/lang/invoke/InvokerBytecodeGenerator$ClassData
instanceKlass jdk/internal/org/objectweb/asm/AnnotationVisitor
instanceKlass jdk/internal/org/objectweb/asm/Frame
instanceKlass jdk/internal/org/objectweb/asm/Label
instanceKlass jdk/internal/org/objectweb/asm/Type
instanceKlass jdk/internal/org/objectweb/asm/MethodVisitor
instanceKlass sun/invoke/util/BytecodeDescriptor
instanceKlass jdk/internal/org/objectweb/asm/ByteVector
instanceKlass jdk/internal/org/objectweb/asm/Symbol
instanceKlass jdk/internal/org/objectweb/asm/SymbolTable
instanceKlass jdk/internal/org/objectweb/asm/ClassVisitor
instanceKlass java/lang/invoke/LambdaFormBuffer
instanceKlass java/lang/invoke/LambdaFormEditor$TransformKey
instanceKlass java/lang/invoke/LambdaFormEditor
instanceKlass java/lang/invoke/Invokers$Holder
instanceKlass java/lang/invoke/DelegatingMethodHandle$Holder
instanceKlass java/lang/invoke/DirectMethodHandle$2
instanceKlass java/lang/invoke/ClassSpecializer$Factory
instanceKlass java/lang/invoke/ClassSpecializer$SpeciesData
instanceKlass java/lang/invoke/ClassSpecializer$1
instanceKlass java/lang/invoke/ClassSpecializer
instanceKlass java/lang/invoke/InvokerBytecodeGenerator$1
instanceKlass java/lang/invoke/InvokerBytecodeGenerator
instanceKlass java/lang/invoke/LambdaForm$Holder
instanceKlass java/lang/invoke/LambdaForm$Name
instanceKlass java/lang/reflect/Array
instanceKlass java/lang/invoke/Invokers
instanceKlass sun/invoke/util/ValueConversions
instanceKlass java/lang/invoke/DirectMethodHandle$Holder
instanceKlass java/lang/Void
instanceKlass sun/invoke/util/Wrapper$Format
instanceKlass java/lang/invoke/MethodHandleImpl$1
instanceKlass jdk/internal/access/JavaLangInvokeAccess
instanceKlass java/lang/invoke/LambdaForm$NamedFunction
instanceKlass java/lang/invoke/MethodHandleImpl
instanceKlass jdk/internal/reflect/MethodHandleAccessorFactory$LazyStaticHolder
instanceKlass java/lang/invoke/MethodTypeForm
instanceKlass jdk/internal/util/StrongReferenceKey
instanceKlass jdk/internal/util/ReferenceKey
instanceKlass jdk/internal/util/ReferencedKeyMap
instanceKlass java/lang/invoke/MethodType$1
instanceKlass sun/reflect/annotation/AnnotationParser
instanceKlass java/lang/Class$3
instanceKlass java/lang/PublicMethods$Key
instanceKlass java/lang/PublicMethods$MethodList
instanceKlass java/util/EnumMap$1
instanceKlass java/util/stream/StreamOpFlag$MaskBuilder
instanceKlass java/util/stream/Stream
instanceKlass java/util/stream/BaseStream
instanceKlass java/util/stream/PipelineHelper
instanceKlass java/util/stream/StreamSupport
instanceKlass java/util/Spliterators$IteratorSpliterator
instanceKlass java/util/Spliterator$OfDouble
instanceKlass java/util/Spliterator$OfLong
instanceKlass java/util/Spliterator$OfInt
instanceKlass java/util/Spliterator$OfPrimitive
instanceKlass java/util/Spliterator
instanceKlass java/util/Spliterators$EmptySpliterator
instanceKlass java/util/Spliterators
instanceKlass jdk/internal/module/DefaultRoots
instanceKlass jdk/internal/loader/BuiltinClassLoader$LoadedModule
instanceKlass jdk/internal/loader/AbstractClassLoaderValue
instanceKlass jdk/internal/module/ServicesCatalog
instanceKlass java/util/Deque
instanceKlass java/util/Queue
instanceKlass sun/net/util/IPAddressUtil$MASKS
instanceKlass sun/net/util/IPAddressUtil
instanceKlass java/net/URLStreamHandler
instanceKlass java/lang/StringUTF16
instanceKlass sun/net/www/ParseUtil
instanceKlass java/net/URL$3
instanceKlass jdk/internal/access/JavaNetURLAccess
instanceKlass java/net/URL$DefaultFactory
instanceKlass java/net/URLStreamHandlerFactory
instanceKlass jdk/internal/loader/URLClassPath
instanceKlass java/security/Principal
instanceKlass java/security/ProtectionDomain$Key
instanceKlass java/security/ProtectionDomain$JavaSecurityAccessImpl
instanceKlass jdk/internal/access/JavaSecurityAccess
instanceKlass java/lang/ClassLoader$ParallelLoaders
instanceKlass java/security/cert/Certificate
instanceKlass jdk/internal/loader/ArchivedClassLoaders
instanceKlass java/util/concurrent/ConcurrentHashMap$CollectionView
instanceKlass jdk/internal/loader/ClassLoaderHelper
instanceKlass jdk/internal/loader/NativeLibraries
instanceKlass java/lang/Module$EnableNativeAccess
instanceKlass jdk/internal/loader/BootLoader
instanceKlass java/util/Optional
instanceKlass jdk/internal/module/SystemModuleFinders$SystemModuleFinder
instanceKlass java/lang/module/ModuleFinder
instanceKlass jdk/internal/module/SystemModuleFinders$3
instanceKlass jdk/internal/module/ModuleHashes$HashSupplier
instanceKlass jdk/internal/module/SystemModuleFinders$2
instanceKlass java/util/function/Supplier
instanceKlass java/lang/module/ModuleReference
instanceKlass jdk/internal/module/ModuleResolution
instanceKlass java/util/Collections$UnmodifiableMap
instanceKlass jdk/internal/module/ModuleHashes$Builder
instanceKlass jdk/internal/module/ModuleHashes
instanceKlass jdk/internal/module/ModuleTarget
instanceKlass java/util/ImmutableCollections$Set12$1
instanceKlass java/lang/reflect/AccessFlag$18
instanceKlass java/lang/reflect/AccessFlag$17
instanceKlass java/lang/reflect/AccessFlag$16
instanceKlass java/lang/reflect/AccessFlag$15
instanceKlass java/lang/reflect/AccessFlag$14
instanceKlass java/lang/reflect/AccessFlag$13
instanceKlass java/lang/reflect/AccessFlag$12
instanceKlass java/lang/reflect/AccessFlag$11
instanceKlass java/lang/reflect/AccessFlag$10
instanceKlass java/lang/reflect/AccessFlag$9
instanceKlass java/lang/reflect/AccessFlag$8
instanceKlass java/lang/reflect/AccessFlag$7
instanceKlass java/lang/reflect/AccessFlag$6
instanceKlass java/lang/reflect/AccessFlag$5
instanceKlass java/lang/reflect/AccessFlag$4
instanceKlass java/lang/reflect/AccessFlag$3
instanceKlass java/lang/reflect/AccessFlag$2
instanceKlass java/lang/reflect/AccessFlag$1
instanceKlass java/lang/module/ModuleDescriptor$Version
instanceKlass java/lang/module/ModuleDescriptor$Provides
instanceKlass java/lang/module/ModuleDescriptor$Opens
instanceKlass java/util/ImmutableCollections$SetN$SetNIterator
instanceKlass java/lang/module/ModuleDescriptor$Exports
instanceKlass java/lang/module/ModuleDescriptor$Requires
instanceKlass jdk/internal/module/Builder
instanceKlass jdk/internal/module/SystemModules$all
instanceKlass jdk/internal/module/SystemModules
instanceKlass jdk/internal/module/SystemModulesMap
instanceKlass java/net/URI$1
instanceKlass jdk/internal/access/JavaNetUriAccess
instanceKlass java/net/URI
instanceKlass jdk/internal/module/SystemModuleFinders
instanceKlass jdk/internal/module/ArchivedModuleGraph
instanceKlass jdk/internal/module/ArchivedBootLayer
instanceKlass jdk/internal/module/ModuleBootstrap$Counters
instanceKlass jdk/internal/module/ModulePatcher
instanceKlass java/io/FileSystem
instanceKlass java/io/DefaultFileSystem
instanceKlass java/io/File
instanceKlass java/lang/module/ModuleDescriptor$1
instanceKlass jdk/internal/access/JavaLangModuleAccess
instanceKlass sun/invoke/util/VerifyAccess
instanceKlass java/util/KeyValueHolder
instanceKlass java/util/ImmutableCollections$MapN$MapNIterator
instanceKlass java/lang/StrictMath
instanceKlass java/lang/invoke/MethodHandles$Lookup
instanceKlass java/lang/invoke/MemberName$Factory
instanceKlass java/lang/invoke/MethodHandles
instanceKlass java/lang/module/ModuleDescriptor
instanceKlass jdk/internal/module/ModuleBootstrap
instanceKlass java/lang/Character$CharacterCache
instanceKlass java/util/HexFormat
instanceKlass jdk/internal/util/ClassFileDumper
instanceKlass sun/security/action/GetPropertyAction
instanceKlass java/lang/invoke/MethodHandleStatics
instanceKlass jdk/internal/misc/Blocker
instanceKlass java/util/Collections
instanceKlass java/util/concurrent/locks/AbstractQueuedSynchronizer$ConditionObject
instanceKlass java/util/concurrent/locks/Condition
instanceKlass java/lang/Thread$ThreadIdentifiers
instanceKlass sun/io/Win32ErrorMode
instanceKlass jdk/internal/misc/OSEnvironment
instanceKlass java/lang/Integer$IntegerCache
instanceKlass jdk/internal/misc/Signal$NativeHandler
instanceKlass java/util/Hashtable$Entry
instanceKlass jdk/internal/misc/Signal
instanceKlass java/lang/Terminator$1
instanceKlass jdk/internal/misc/Signal$Handler
instanceKlass java/lang/Terminator
instanceKlass java/nio/ByteOrder
instanceKlass java/nio/Buffer$2
instanceKlass jdk/internal/access/JavaNioAccess
instanceKlass java/nio/Buffer$1
instanceKlass jdk/internal/misc/ScopedMemoryAccess
instanceKlass java/nio/charset/CodingErrorAction
instanceKlass java/nio/charset/CharsetEncoder
instanceKlass java/io/Writer
instanceKlass java/io/PrintStream$1
instanceKlass jdk/internal/access/JavaIOPrintStreamAccess
instanceKlass jdk/internal/misc/InternalLock
instanceKlass java/io/OutputStream
instanceKlass java/io/Flushable
instanceKlass java/io/FileDescriptor$1
instanceKlass jdk/internal/access/JavaIOFileDescriptorAccess
instanceKlass java/io/FileDescriptor
instanceKlass jdk/internal/util/StaticProperty
instanceKlass jdk/internal/reflect/MethodHandleAccessorFactory
instanceKlass java/lang/reflect/Modifier
instanceKlass java/lang/Class$1
instanceKlass java/lang/Class$Atomic
instanceKlass java/lang/Class$ReflectionData
instanceKlass java/nio/charset/StandardCharsets
instanceKlass sun/nio/cs/HistoricallyNamedCharset
instanceKlass java/nio/charset/spi/CharsetProvider
instanceKlass java/nio/charset/Charset
instanceKlass java/util/HashMap$HashIterator
instanceKlass java/util/concurrent/locks/LockSupport
instanceKlass java/util/concurrent/ConcurrentHashMap$Node
instanceKlass java/util/concurrent/ConcurrentHashMap$CounterCell
instanceKlass java/util/concurrent/locks/ReentrantLock
instanceKlass java/util/concurrent/locks/Lock
instanceKlass java/lang/CharacterData
instanceKlass java/util/Arrays
instanceKlass jdk/internal/util/Preconditions$3
instanceKlass jdk/internal/util/Preconditions$2
instanceKlass jdk/internal/util/Preconditions$4
instanceKlass java/util/function/BiFunction
instanceKlass jdk/internal/util/Preconditions$1
instanceKlass java/util/function/Function
instanceKlass jdk/internal/util/Preconditions
instanceKlass java/lang/Runtime
instanceKlass java/lang/VersionProps
instanceKlass java/lang/StringConcatHelper
instanceKlass java/util/HashMap$Node
instanceKlass java/util/Map$Entry
instanceKlass jdk/internal/util/ArraysSupport
instanceKlass jdk/internal/util/SystemProps$Raw
instanceKlass jdk/internal/util/SystemProps
instanceKlass java/lang/System$2
instanceKlass jdk/internal/access/JavaLangAccess
instanceKlass java/lang/ref/NativeReferenceQueue$Lock
instanceKlass java/lang/ref/ReferenceQueue
instanceKlass java/lang/ref/Reference$1
instanceKlass jdk/internal/access/JavaLangRefAccess
instanceKlass jdk/internal/reflect/ReflectionFactory
instanceKlass java/lang/Math
instanceKlass java/lang/StringLatin1
instanceKlass jdk/internal/reflect/Reflection
instanceKlass jdk/internal/reflect/ReflectionFactory$GetReflectionFactoryAction
instanceKlass java/security/PrivilegedAction
instanceKlass jdk/internal/access/SharedSecrets
instanceKlass java/lang/reflect/ReflectAccess
instanceKlass jdk/internal/access/JavaLangReflectAccess
instanceKlass java/util/ImmutableCollections
instanceKlass java/util/Objects
instanceKlass java/util/Set
instanceKlass jdk/internal/misc/CDS
instanceKlass java/lang/Module$ArchivedData
instanceKlass jdk/internal/misc/VM
instanceKlass java/lang/String$CaseInsensitiveComparator
instanceKlass java/util/Comparator
instanceKlass java/io/ObjectStreamField
instanceKlass jdk/internal/vm/FillerObject
instanceKlass jdk/internal/vm/vector/VectorSupport$VectorPayload
instanceKlass jdk/internal/vm/vector/VectorSupport
instanceKlass java/lang/reflect/RecordComponent
instanceKlass java/util/Iterator
instanceKlass java/lang/Number
instanceKlass java/lang/Character
instanceKlass java/lang/Boolean
instanceKlass java/util/concurrent/locks/AbstractOwnableSynchronizer
instanceKlass java/lang/LiveStackFrame
instanceKlass java/lang/ClassFrameInfo
instanceKlass java/lang/StackWalker$StackFrame
instanceKlass java/lang/StackStreamFactory$AbstractStackWalker
instanceKlass java/lang/StackWalker
instanceKlass java/nio/Buffer
instanceKlass java/lang/StackTraceElement
instanceKlass java/util/RandomAccess
instanceKlass java/util/List
instanceKlass java/util/SequencedCollection
instanceKlass java/util/AbstractCollection
instanceKlass java/util/Collection
instanceKlass java/lang/Iterable
instanceKlass java/util/concurrent/ConcurrentMap
instanceKlass java/util/AbstractMap
instanceKlass java/security/CodeSource
instanceKlass jdk/internal/loader/ClassLoaders
instanceKlass java/util/jar/Manifest
instanceKlass java/lang/Enum
instanceKlass java/net/URL
instanceKlass java/io/InputStream
instanceKlass java/io/Closeable
instanceKlass java/lang/AutoCloseable
instanceKlass jdk/internal/module/Modules
instanceKlass jdk/internal/misc/Unsafe
instanceKlass jdk/internal/misc/UnsafeConstants
instanceKlass java/lang/AbstractStringBuilder
instanceKlass java/lang/Appendable
instanceKlass java/lang/AssertionStatusDirectives
instanceKlass java/lang/invoke/MethodHandleNatives$CallSiteContext
instanceKlass jdk/internal/foreign/abi/ABIDescriptor
instanceKlass jdk/internal/foreign/abi/NativeEntryPoint
instanceKlass java/lang/invoke/CallSite
instanceKlass java/lang/invoke/MethodType
instanceKlass java/lang/invoke/TypeDescriptor$OfMethod
instanceKlass java/lang/invoke/LambdaForm
instanceKlass java/lang/invoke/MethodHandleNatives
instanceKlass java/lang/invoke/ResolvedMethodName
instanceKlass java/lang/invoke/MemberName
instanceKlass java/lang/invoke/VarHandle
instanceKlass java/lang/invoke/MethodHandle
instanceKlass jdk/internal/reflect/ConstructorAccessor
instanceKlass jdk/internal/reflect/CallerSensitive
instanceKlass java/lang/annotation/Annotation
instanceKlass jdk/internal/reflect/ConstantPool
instanceKlass jdk/internal/reflect/MethodAccessor
instanceKlass jdk/internal/reflect/MagicAccessorImpl
instanceKlass jdk/internal/vm/StackChunk
instanceKlass jdk/internal/vm/Continuation
instanceKlass jdk/internal/vm/ContinuationScope
instanceKlass java/lang/reflect/Parameter
instanceKlass java/lang/reflect/Member
instanceKlass java/lang/reflect/AccessibleObject
instanceKlass java/lang/Module
instanceKlass java/util/Map
instanceKlass java/util/Dictionary
instanceKlass java/lang/ThreadGroup
instanceKlass java/lang/Thread$UncaughtExceptionHandler
instanceKlass java/lang/Thread$Constants
instanceKlass java/lang/Thread$FieldHolder
instanceKlass java/lang/Thread
instanceKlass java/lang/Runnable
instanceKlass java/lang/ref/Reference
instanceKlass java/lang/Record
instanceKlass java/security/AccessController
instanceKlass java/security/AccessControlContext
instanceKlass java/security/ProtectionDomain
instanceKlass java/lang/SecurityManager
instanceKlass java/lang/Throwable
instanceKlass java/lang/System
instanceKlass java/lang/ClassLoader
instanceKlass java/lang/Cloneable
instanceKlass java/lang/Class
instanceKlass java/lang/invoke/TypeDescriptor$OfField
instanceKlass java/lang/invoke/TypeDescriptor
instanceKlass java/lang/reflect/Type
instanceKlass java/lang/reflect/GenericDeclaration
instanceKlass java/lang/reflect/AnnotatedElement
instanceKlass java/lang/String
instanceKlass java/lang/constant/ConstantDesc
instanceKlass java/lang/constant/Constable
instanceKlass java/lang/CharSequence
instanceKlass java/lang/Comparable
instanceKlass java/io/Serializable
ciInstanceKlass java/lang/Object 1 1 124 7 1 10 12 1 1 10 7 12 1 1 1 10 7 12 1 1 1 10 12 1 1 8 1 10 12 1 1 10 7 12 1 1 1 10 12 1 10 12 1 1 10 7 12 1 1 1 10 12 1 10 12 1 7 1 10 7 12 1 1 1 10 12 1 1 10 12 1 100 1 8 1 10 12 1 3 8 1 7 1 5 0 1 1 1 1 1 1 1 1 1 1 1 1 1 1 1 1 7 1 1 1 1 1 1 1 1 1 1 7 1 1 1 1 1 1 1 1 1 1 3 1 1
ciMethod java/lang/Object equals (Ljava/lang/Object;)Z 1024 0 9308 0 -1
ciMethod java/lang/Object hashCode ()I 512 0 256 0 -1
ciInstanceKlass java/io/Serializable 1 0 7 100 1 100 1 1 1
ciInstanceKlass java/lang/System 1 1 834 10 7 12 1 1 1 9 7 12 1 1 1 10 12 1 10 12 1 1 10 12 1 1 10 12 1 9 12 1 1 10 7 12 1 1 1 11 100 12 1 1 1 10 100 12 1 1 1 10 12 1 1 10 12 1 1 100 1 8 1 10 12 1 10 7 12 1 1 1 10 7 12 1 1 1 18 12 1 1 10 7 12 1 1 1 7 1 10 12 1 1 10 7 12 1 1 1 10 12 1 10 7 12 1 1 1 9 100 12 1 1 1 10 7 12 1 1 1 11 7 12 1 1 1 10 12 1 1 10 7 12 1 1 1 7 1 10 10 12 1 1 8 1 10 12 1 8 1 10 12 1 9 12 1 1 8 1 10 7 12 1 1 1 10 12 1 1 100 1 8 1 10 9 12 1 1 8 1 10 12 1 1 10 100 12 1 1 1 8 1 10 12 1 7 1 10 12 1 8 1 10 12 1 10 12 1 1 100 1 10 12 10 12 1 9 12 1 1 9 12 1 1 10 7 12 1 1 1 10 7 12 1 1 1 10 12 1 1 10 12 1 10 12 1 10 7 12 1 1 1 10 12 1 100 1 100 1 8 1 10 12 1 10 12 1 1 7 1 10 12 1 100 1 8 1 10 10 12 1 100 1 8 1 10 8 1 10 7 12 1 1 8 1 10 12 100 1 8 1 10 10 12 1 1 10 7 12 1 1 1 100 1 18 12 1 100 1 9 100 12 1 1 1 10 12 1 100 1 10 12 1 1 10 12 1 1 10 7 12 1 1 1 10 12 1 1 10 12 1 10 12 1 10 12 1 1 10 12 1 7 1 10 12 1 9 7 12 1 1 1 10 7 12 1 1 1 10 12 1 10 12 1 10 7 12 1 1 1 7 1 8 1 10 9 12 1 9 12 1 10 12 1 10 7 12 1 1 10 12 1 10 12 1 1 8 1 10 12 1 1 8 1 11 12 1 10 12 11 12 1 1 11 7 12 1 1 1 11 7 12 1 1 11 12 1 1 7 1 11 12 1 10 12 1 8 1 10 12 1 1 8 1 8 1 8 1 8 1 11 12 1 10 12 1 10 12 1 10 12 1 8 1 10 12 1 1 8 1 9 12 1 8 1 10 7 12 1 1 8 1 7 1 9 7 12 1 1 1 10 12 1 7 1 9 12 10 9 12 7 1 10 12 9 12 1 1 8 1 10 12 1 1 8 1 10 7 12 1 1 10 12 1 10 12 1 1 11 7 12 1 1 10 12 10 7 12 1 1 1 9 12 1 1 7 1 8 1 10 12 1 1 10 7 12 1 1 1 7 1 10 12 1 1 10 12 1 8 1 8 1 10 8 1 8 1 8 1 8 1 10 10 7 12 1 1 10 12 1 10 12 1 1 10 12 1 1 10 12 1 10 100 12 1 1 1 10 7 1 8 1 10 10 10 12 1 1 10 12 1 1 8 1 10 12 1 8 1 8 1 10 12 1 10 7 12 1 1 1 10 12 1 1 7 1 10 10 12 1 10 12 1 9 12 1 1 3 1 3 1 1 1 1 1 1 1 1 1 1 1 1 100 1 1 100 1 1 1 1 1 1 1 1 1 1 1 100 1 7 1 1 1 1 1 1 1 1 1 1 1 1 1 1 1 1 1 1 1 1 1 1 1 1 1 1 1 1 1 1 1 1 1 1 1 1 1 1 1 1 1 1 1 1 1 1 1 1 1 1 1 1 1 1 1 1 1 1 100 1 1 1 1 1 1 1 1 1 1 1 1 1 1 1 1 1 1 1 1 1 1 1 1 1 1 1 1 1 1 1 1 1 100 1 1 16 15 10 12 1 1 16 15 10 12 16 1 15 10 100 12 1 1 1 1 1 1 1 1 1 100 1 100 1 1
staticfield java/lang/System in Ljava/io/InputStream; java/io/BufferedInputStream
staticfield java/lang/System out Ljava/io/PrintStream; java/io/PrintStream
staticfield java/lang/System err Ljava/io/PrintStream; java/io/PrintStream
ciInstanceKlass java/lang/SecurityManager 0 0 576 10 7 12 1 1 1 9 7 12 1 1 1 10 7 12 1 1 1 100 1 8 1 10 12 1 10 12 1 1 10 7 12 1 1 1 10 7 1 10 100 1 10 9 100 12 1 1 1 10 7 12 1 1 1 10 12 1 1 10 7 12 1 1 100 1 8 1 10 9 12 1 1 9 12 1 8 1 9 12 1 7 1 10 8 1 10 12 1 1 10 12 1 10 12 1 1 100 1 10 10 12 1 1 100 1 8 1 10 12 1 8 1 8 1 8 1 8 1 8 1 8 1 10 12 1 8 1 8 1 8 1 8 1 8 1 10 7 12 1 1 1 10 12 1 1 8 1 100 1 8 1 10 8 1 8 1 8 1 8 1 8 1 10 100 12 1 1 8 1 100 1 8 1 8 1 10 8 1 10 12 1 100 1 8 1 10 10 12 1 1 10 12 1 10 12 1 10 12 1 10 100 12 1 1 1 10 12 1 10 100 12 1 1 11 100 12 1 1 1 18 12 1 1 11 100 12 1 1 1 18 12 1 1 11 12 1 1 18 18 11 12 1 18 12 1 11 12 1 1 9 12 1 1 9 12 1 9 12 1 9 12 1 100 1 10 100 12 1 1 10 12 1 10 12 1 18 12 1 18 10 100 12 1 1 1 18 12 1 10 12 1 18 18 8 1 10 12 1 9 12 1 1 11 7 12 1 1 1 8 1 100 1 10 12 1 10 12 1 1 10 12 1 1 9 12 1 1 10 12 1 10 12 1 1 8 1 100 1 10 9 12 1 8 1 10 12 1 8 1 100 1 10 10 100 12 1 1 10 100 1 9 7 12 1 1 1 11 12 1 1 10 12 1 11 12 1 10 12 1 7 1 10 10 12 1 1 10 12 1 1 1 1 1 1 1 1 1 1 1 7 1 1 1 1 1 1 1 1 1 1 1 1 1 1 1 1 1 1 1 1 1 1 1 1 1 1 1 1 1 1 1 1 1 1 1 1 1 1 1 1 1 1 1 1 1 1 1 1 1 1 1 1 1 1 1 1 3 1 1 1 1 1 1 1 1 1 1 100 1 1 1 1 1 1 1 1 1 1 1 1 1 1 1 1 1 1 1 1 1 1 1 1 1 1 1 1 1 1 1 1 1 1 1 1 1 1 16 15 10 7 12 1 1 1 16 1 16 15 10 12 16 1 15 10 12 16 15 11 7 1 16 1 16 1 15 10 12 16 15 10 12 16 15 10 12 1 16 1 15 11 12 1 15 10 12 16 15 10 16 1 15 10 100 12 1 1 1 1 1 1 100 1 100 1 1
ciInstanceKlass java/security/AccessController 1 1 295 10 7 12 1 1 1 10 7 12 1 1 1 10 7 12 1 1 1 10 12 1 1 10 12 1 1 10 7 12 1 1 1 10 12 1 1 10 12 1 10 12 1 1 10 12 1 100 1 8 1 10 12 1 10 12 1 10 12 1 1 10 12 1 7 1 7 1 10 12 1 1 10 12 1 10 12 1 10 12 1 1 10 7 12 1 1 1 10 12 1 1 9 100 12 1 1 1 10 7 12 1 1 1 10 12 1 10 12 1 9 100 12 1 1 1 10 12 1 10 12 1 1 9 12 1 1 10 100 1 10 11 7 12 1 1 1 10 7 12 1 1 11 7 1 100 1 10 12 1 10 12 1 10 12 1 8 1 10 12 1 1 8 1 10 100 12 1 1 1 8 1 7 1 10 10 12 1 1 10 12 1 10 7 12 1 1 1 10 12 1 8 1 10 7 12 1 1 8 1 8 1 10 12 1 8 1 10 12 1 10 12 1 1 10 12 1 1 1 1 1 1 1 1 1 1 1 1 1 1 1 1 1 1 1 1 1 1 1 1 1 1 1 1 100 1 1 1 1 1 1 1 1 1 1 1 1 1 1 1 1 1 1 1 1 1 1 1 1 1 1 1 1 1 1 1 1 1 1 100 1 100 1 1 1 1 1 1 1 1 1 3 1 1 1
staticfield java/security/AccessController $assertionsDisabled Z 1
ciInstanceKlass java/security/ProtectionDomain 1 1 348 10 7 12 1 1 1 9 7 12 1 1 1 7 1 10 9 12 1 1 9 12 1 1 9 12 1 1 10 7 12 1 1 7 1 9 12 1 9 12 1 1 7 1 9 12 1 1 9 12 1 10 100 12 1 1 10 100 12 1 1 1 10 12 1 1 10 12 1 9 12 1 9 100 12 1 1 10 12 1 1 10 100 1 10 12 1 1 8 1 7 1 8 1 10 12 1 10 11 10 7 12 1 1 1 10 12 1 1 8 1 11 8 1 10 12 1 8 1 8 1 10 12 1 1 10 12 1 10 12 1 1 10 12 1 8 1 10 12 1 8 1 8 1 10 7 12 1 1 1 9 100 12 1 1 1 10 12 1 1 9 100 12 1 1 1 10 7 12 1 1 1 100 1 18 12 1 1 10 7 12 1 1 1 10 7 1 10 12 1 10 12 1 1 11 100 12 1 1 11 12 1 100 1 11 7 12 1 1 1 10 12 1 10 11 12 1 1 11 12 1 1 10 12 1 10 7 12 1 1 10 100 12 1 1 11 12 1 10 12 10 12 1 8 1 8 1 10 7 12 1 1 1 7 1 10 10 7 12 1 1 1 1 1 1 1 1 1 1 7 1 1 7 1 1 1 1 1 1 1 1 1 1 1 1 1 1 1 1 1 1 1 1 1 1 1 1 1 1 1 1 1 1 1 1 1 1 1 1 1 1 1 1 1 1 1 1 7 1 1 1 1 1 1 100 1 1 16 15 10 12 16 15 10 100 12 1 1 1 1 1 1 1 100 1 100 1 1
staticfield java/security/ProtectionDomain filePermCompatInPD Z 0
ciInstanceKlass java/security/CodeSource 1 1 399 10 7 12 1 1 1 9 7 12 1 1 1 9 12 1 1 9 12 1 1 9 12 1 1 10 7 12 1 1 1 9 12 1 1 10 100 12 1 1 10 100 10 100 12 1 1 1 10 12 1 1 10 12 1 1 7 1 10 10 100 12 1 1 1 10 100 12 1 1 1 10 12 1 1 100 1 10 12 1 1 10 12 1 1 10 12 1 1 10 12 1 10 10 7 1 10 12 1 1 10 7 12 1 1 1 10 12 1 1 10 12 1 10 12 1 8 1 10 12 1 10 12 1 10 12 1 1 10 12 1 8 1 10 12 1 1 10 7 1 10 10 12 1 1 8 1 10 12 1 10 12 1 10 12 1 8 1 8 1 9 12 1 1 100 1 8 1 10 12 1 10 12 1 1 8 1 10 12 1 8 1 8 1 8 1 10 100 12 1 1 10 12 1 1 10 12 1 10 12 1 1 10 12 1 1 10 12 1 1 100 1 100 1 10 12 1 10 12 10 12 1 1 10 100 12 1 1 10 12 1 7 1 10 12 10 100 12 1 1 1 10 8 1 10 12 1 10 12 1 10 12 1 1 100 1 10 12 1 1 100 1 7 1 8 1 8 1 10 10 12 1 1 10 100 12 1 1 1 7 1 10 12 10 12 1 1 11 7 12 1 1 10 10 12 1 11 10 12 1 8 1 100 1 10 12 1 10 12 1 1 10 12 1 11 12 1 1 7 1 1 1 1 5 0 1 1 1 1 1 1 1 1 1 1 1 1 1 1 1 1 1 1 1 1 1 1 1 1 1 1 1 1 1 1 1 1 1 1 1 1 1 1 1 1 1 1 1 1 1 1 1 1 1 1 1 1 1 1 1 1 1 1 1 1 1 1 1 1 1 1 100 1 1 1 1 1 1 1
ciInstanceKlass java/lang/Boolean 1 1 152 10 7 12 1 1 1 9 7 12 1 1 1 10 12 1 1 10 12 1 8 1 10 7 12 1 1 9 12 1 1 9 12 1 10 12 1 1 10 12 1 1 10 12 1 1 10 7 12 1 1 1 100 1 100 1 10 12 1 1 9 100 12 1 1 9 12 10 100 12 1 1 1 10 12 1 1 8 1 10 7 12 1 1 1 9 12 1 1 7 1 7 1 7 1 1 1 1 1 1 5 0 1 1 1 1 1 1 1 1 1 1 3 1 1 1 1 1 1 1 1 1 1 1 1 1 1 1 1 1 1 7 1 1 1 1 1 1 1 1 1 1 100 1 1 1 1 1 1 1 1 1
staticfield java/lang/Boolean TRUE Ljava/lang/Boolean; java/lang/Boolean
staticfield java/lang/Boolean FALSE Ljava/lang/Boolean; java/lang/Boolean
staticfield java/lang/Boolean TYPE Ljava/lang/Class; java/lang/Class
ciInstanceKlass java/lang/Comparable 1 0 12 100 1 100 1 1 1 1 1 1 1 1
ciInstanceKlass java/lang/constant/Constable 1 0 11 100 1 100 1 1 1 1 1 1 1
ciInstanceKlass java/util/Map 1 1 263 11 7 12 1 1 1 11 12 1 1 10 7 12 1 1 11 12 1 1 11 7 12 1 1 1 11 7 12 1 1 1 11 12 1 1 7 1 11 12 1 11 12 1 100 1 100 1 10 12 1 1 11 7 12 1 1 1 11 100 12 1 1 1 11 12 1 11 12 1 10 12 1 1 11 12 1 11 7 12 1 9 7 12 1 1 1 7 1 10 12 7 1 7 1 10 12 1 7 1 10 7 1 11 12 1 11 12 1 1 11 12 1 1 7 1 11 12 1 1 1 1 1 1 1 1 1 1 1 1 1 1 1 1 1 1 1 1 1 1 1 1 1 1 1 1 1 1 1 1 1 1 1 1 1 1 1 1 1 1 1 1 1 1 1 1 1 1 1 1 1 1 1 1 1 1 1 1 1 1 1 1 1 1 1 1 1 1 1 1 1 1 1 1 1 1 1 1 1 1 1 1 1 1 1 1 1 1 1 1 1 1 1 1 1 1 1 1 1 1 1 1 1 1 1 1 1 1 1 1 1 1 1 1 1 1 1 1 1 1 1 1 1 1 100 1 1 1 1 1 1 1 1 1 1 1 1 1 1 1 1 1 1
ciInstanceKlass java/lang/Class 1 1 1729 10 7 12 1 1 1 9 7 12 1 1 1 9 12 1 1 10 12 1 1 8 1 10 12 1 8 1 8 1 10 12 1 1 10 7 12 1 1 1 10 12 1 7 1 10 10 12 1 10 12 1 1 10 12 1 1 10 12 1 1 10 7 12 1 1 10 12 1 10 12 1 10 12 1 8 1 10 12 1 8 1 10 12 1 8 1 8 1 10 12 1 1 10 100 12 1 1 1 18 12 1 1 11 100 12 1 1 1 8 1 8 1 8 1 10 100 12 1 1 1 11 12 1 1 8 1 10 12 1 10 11 100 12 1 1 1 11 7 12 1 1 1 11 8 1 18 8 1 10 12 1 10 7 12 1 1 10 12 1 1 10 7 12 1 1 1 10 12 1 1 10 12 1 1 10 7 12 1 1 1 10 12 9 7 12 1 1 1 10 7 12 1 1 1 10 12 1 10 7 12 1 1 1 10 12 1 1 18 12 1 1 10 7 12 1 1 1 10 7 12 1 10 12 1 1 10 7 1 10 12 1 8 1 10 8 1 8 1 8 1 8 1 8 1 8 1 8 1 8 1 9 7 12 1 1 9 7 1 9 7 1 9 7 1 9 7 1 9 7 1 9 7 1 9 7 1 9 100 1 7 1 10 12 1 1 9 12 1 1 100 1 8 1 10 12 1 10 12 1 1 10 12 1 1 10 7 12 1 1 1 7 1 10 12 1 7 1 100 1 10 10 12 1 1 10 12 1 1 100 1 10 7 12 1 1 1 10 12 1 1 10 12 1 1 9 12 1 1 10 12 1 10 12 1 1 9 12 1 1 9 12 1 1 10 12 1 1 10 7 1 10 12 1 10 12 1 10 12 1 1 10 9 12 1 10 12 1 8 1 10 12 1 1 10 12 1 1 10 12 1 10 12 1 1 10 12 1 1 10 12 1 1 9 7 12 1 1 1 10 7 12 1 1 10 12 10 12 1 10 12 1 10 12 1 10 12 1 9 100 12 1 1 1 9 12 1 10 12 1 10 100 12 1 1 1 10 12 1 1 10 100 12 1 1 10 12 1 10 12 1 1 10 100 12 1 1 1 10 12 1 10 12 1 1 10 12 1 10 12 1 10 12 1 1 10 7 1 10 10 12 1 1 10 12 1 1 10 12 10 10 12 1 1 7 1 8 1 10 10 12 1 1 10 12 1 100 1 11 12 1 10 12 1 10 12 1 10 100 12 1 1 10 10 12 1 1 8 1 10 12 1 10 12 1 1 8 1 9 12 1 10 12 1 10 12 1 10 12 1 10 12 7 1 9 12 1 10 12 1 9 12 1 10 12 1 10 12 1 10 12 1 10 10 12 1 10 12 1 10 12 1 10 12 1 10 12 1 10 12 1 7 1 10 12 1 10 12 1 1 10 12 1 1 10 12 1 1 10 12 1 1 10 12 1 1 10 12 1 1 100 1 10 10 12 1 1 10 12 1 1 10 12 1 1 10 10 12 1 10 12 1 1 10 12 1 1 10 12 1 1 10 12 1 1 7 1 10 10 12 11 7 12 1 1 10 12 1 1 10 7 12 1 1 1 10 12 1 10 12 1 10 7 12 1 1 1 10 12 1 1 10 10 12 1 1 7 1 10 10 12 1 1 10 7 12 1 1 1 100 1 100 1 10 12 1 1 10 12 1 10 10 12 1 1 10 12 1 10 12 1 10 12 1 10 100 12 1 1 1 11 7 12 1 1 10 12 1 10 12 1 9 12 1 10 12 1 1 10 12 1 9 12 1 1 7 1 10 9 12 1 1 10 12 7 1 10 12 1 9 12 1 10 100 12 1 1 1 10 12 1 10 12 1 10 100 12 1 1 1 10 12 1 10 12 10 12 1 1 100 1 10 8 1 10 12 1 11 11 12 1 1 11 7 12 1 1 11 12 1 8 1 10 12 1 10 12 1 1 9 12 1 9 12 1 1 10 7 12 1 1 9 12 1 10 12 1 1 10 10 12 1 10 7 12 1 1 1 10 7 12 1 1 10 7 12 1 1 9 12 1 1 10 12 1 9 12 1 10 12 1 10 12 1 1 9 12 1 1 9 12 1 10 12 1 10 12 1 1 9 12 1 100 1 10 10 12 1 1 7 1 10 12 1 1 100 11 7 1 9 12 1 1 9 12 1 7 1 10 12 1 9 12 1 1 9 12 1 10 12 1 10 12 1 1 9 12 1 7 1 10 10 12 1 1 10 10 12 1 1 10 12 10 10 12 1 9 12 1 10 12 1 1 10 12 1 8 10 7 8 1 18 8 1 8 1 10 12 1 9 12 1 9 12 1 1 10 12 1 7 1 7 1 10 12 1 9 12 1 1 7 1 10 10 12 1 10 7 1 9 12 1 8 1 10 12 1 7 1 10 12 1 10 12 1 1 100 1 7 1 9 12 1 100 1 8 1 10 10 7 12 1 1 1 10 12 11 7 12 1 1 1 10 12 1 10 12 1 1 10 8 1 10 12 1 8 1 10 12 1 1 9 7 12 1 1 11 12 7 1 11 7 12 1 1 9 12 1 10 100 12 1 1 1 10 7 12 1 1 10 12 1 1 9 12 1 9 10 12 1 1 10 12 1 1 10 12 1 1 10 12 1 1 10 12 1 1 11 12 1 100 1 11 12 1 10 100 12 1 1 1 10 12 1 11 12 1 10 100 12 1 1 1 10 12 1 10 100 12 1 1 1 11 12 1 11 12 1 1 10 12 1 10 12 1 1 9 12 1 1 10 12 1 10 100 12 1 1 1 10 12 1 1 10 12 1 10 12 1 10 12 1 10 7 12 1 1 1 10 12 1 8 1 10 12 1 10 12 1 10 12 1 10 100 12 1 1 100 1 10 12 10 100 12 1 1 1 11 100 12 1 1 1 10 12 1 1 10 12 1 18 12 1 1 11 12 1 1 18 11 12 1 18 12 1 11 12 1 10 12 1 1 10 12 1 10 12 1 10 12 1 10 12 10 12 1 8 1 10 12 1 7 1 9 12 1 1 7 1 7 1 7 1 7 1 1 1 3 1 3 1 3 1 1 1 1 1 1 1 1 1 5 0 1 1 1 1 1 1 1 1 1 1 1 1 1 1 1 1 1 1 1 1 1 1 1 1 100 1 1 1 1 1 1 1 100 1 1 1 1 1 7 1 1 1 1 1 1 1 1 1 1 1 1 1 1 1 1 1 1 1 1 1 1 1 1 1 1 1 1 1 1 1 1 1 1 1 1 1 1 1 1 1 1 1 1 100 1 1 1 1 1 1 1 1 1 1 1 1 1 1 1 1 1 1 1 1 1 1 1 1 1 1 1 1 1 1 1 100 1 1 1 1 1 1 1 1 1 1 1 1 1 1 1 1 1 1 1 1 1 1 1 1 1 1 1 1 1 1 1 1 1 1 1 1 1 1 1 1 1 1 1 1 1 1 1 1 1 1 1 1 1 1 1 1 1 1 1 1 7 1 7 1 1 1 1 1 1 1 1 1 1 1 1 1 1 1 1 1 1 1 1 1 1 1 1 1 1 1 1 1 1 1 1 1 1 1 1 1 1 1 1 1 1 1 1 1 1 1 1 1 1 1 1 1 1 1 1 1 1 1 1 1 1 1 1 1 1 1 1 1 1 1 1 1 1 1 1 1 1 1 1 1 1 1 1 1 1 1 1 1 1 1 1 1 1 1 1 1 1 1 1 1 1 1 1 1 1 1 1 1 1 1 1 1 1 1 1 1 1 1 1 1 1 1 1 1 1 1 1 1 16 15 10 12 16 15 11 12 16 1 16 15 16 15 10 12 16 16 15 10 12 16 15 16 1 15 10 12 16 15 10 100 12 1 1 1 1 1 1 1 1 1 1 1 1 7 1 1 100 1 100 1 1 100 1 100 1 1
staticfield java/lang/Class EMPTY_CLASS_ARRAY [Ljava/lang/Class; 0 [Ljava/lang/Class;
staticfield java/lang/Class serialPersistentFields [Ljava/io/ObjectStreamField; 0 [Ljava/io/ObjectStreamField;
ciInstanceKlass java/lang/reflect/AnnotatedElement 1 1 165 11 7 12 1 1 1 11 12 1 1 7 1 10 100 12 1 1 1 10 12 1 1 10 12 1 1 10 12 1 10 100 12 1 1 1 11 12 1 1 11 7 12 1 1 10 7 12 1 1 1 10 12 1 10 100 12 1 1 1 18 12 1 1 11 100 12 1 1 18 12 1 18 12 1 1 10 100 12 1 1 1 11 100 12 1 1 1 7 1 10 100 12 1 1 1 1 1 1 1 1 1 1 1 1 1 1 1 1 1 1 1 1 1 1 1 1 1 1 100 1 1 1 1 1 1 1 1 1 1 1 16 15 16 1 16 1 15 11 12 16 16 1 15 10 100 12 1 1 1 16 1 15 10 100 12 1 1 1 1 100 1 100 1 1
ciInstanceKlass java/lang/invoke/TypeDescriptor 1 0 17 100 1 100 1 1 1 1 1 1 100 1 100 1 1 1 1
ciInstanceKlass java/lang/reflect/GenericDeclaration 1 0 30 7 1 7 1 7 1 1 1 1 1 1 1 1 100 1 8 1 1 12 10 1 1 1 8 1 1 1 8 1
ciInstanceKlass java/lang/reflect/Type 1 1 17 11 100 12 1 1 1 100 1 1 1 1 1 1 1 1 1
ciInstanceKlass java/lang/invoke/TypeDescriptor$OfField 1 0 21 100 1 100 1 100 1 1 1 1 1 1 1 1 1 1 1 1 1 1 1
ciInstanceKlass java/lang/StringBuilder 1 1 422 10 7 12 1 1 1 10 12 1 10 12 1 10 12 1 1 10 7 12 1 1 1 10 7 12 1 1 1 10 12 1 10 12 1 10 12 1 10 12 1 10 12 1 10 12 1 10 12 1 10 12 1 10 12 1 10 12 1 10 12 1 10 12 1 10 12 1 10 12 1 1 10 12 1 10 12 1 1 10 12 1 1 10 12 1 10 12 1 10 12 1 10 12 1 10 12 1 10 12 1 10 12 1 10 12 10 12 1 10 12 1 10 12 1 10 12 1 1 10 12 1 10 12 1 10 12 10 12 1 1 10 12 1 10 12 1 10 12 1 10 100 12 1 1 1 9 12 1 1 10 12 1 10 12 1 1 10 12 1 1 9 12 1 1 10 100 12 1 1 1 10 100 1 10 12 1 1 10 100 12 1 1 10 12 1 10 12 1 1 100 1 100 1 8 1 10 10 12 1 1 10 12 1 10 12 1 10 12 1 1 10 12 1 10 12 1 10 12 1 10 12 1 10 12 1 10 12 10 12 1 10 12 1 10 12 1 10 12 1 10 12 1 10 12 1 10 12 1 10 12 1 10 12 1 1 10 12 1 1 10 12 1 10 12 1 10 12 1 10 12 10 12 10 12 1 10 12 1 10 12 1 10 12 10 12 1 10 12 1 10 12 1 10 12 1 10 12 1 10 12 1 10 12 1 10 12 1 10 12 1 1 10 12 1 10 12 1 1 10 12 1 10 12 1 1 10 12 1 10 12 1 1 10 12 1 10 12 1 10 12 1 10 10 12 1 10 12 1 7 1 7 1 7 1 7 1 1 1 1 5 0 1 1 1 1 1 1 1 1 1 1 1 1 1 1 1 1 1 1 1 1 1 1 1 1 1 1 1 1 1 1 1 1 1 1 1 1 1 1 1 1 1 1 1 1 100 1 1 1 7 1 1 1 1 1 1 1 1 1 1 1
instanceKlass java/lang/StringBuilder
instanceKlass java/lang/StringBuffer
ciInstanceKlass java/lang/AbstractStringBuilder 1 1 613 7 1 10 7 12 1 1 1 9 7 12 1 1 1 9 12 1 9 12 1 1 9 12 1 1 10 7 12 1 1 1 10 12 1 1 7 1 3 3 10 12 1 10 12 1 1 11 7 1 100 1 7 1 10 8 1 10 12 1 10 12 1 10 12 1 1 10 12 1 10 12 1 9 12 1 10 12 1 9 12 1 1 10 12 1 1 10 7 12 1 1 1 10 10 12 1 10 12 1 10 12 1 1 10 12 1 1 10 7 12 1 1 1 10 7 12 1 1 1 7 1 8 1 10 10 12 1 1 100 1 10 12 10 12 1 1 10 10 12 1 1 10 12 1 1 10 12 1 1 10 12 1 1 10 10 7 12 1 1 1 10 12 1 100 1 10 10 7 12 1 1 1 9 12 1 1 9 12 1 10 12 1 1 10 10 12 1 1 10 12 10 12 1 10 12 1 1 10 12 1 1 10 12 1 1 10 12 1 10 12 1 1 10 12 1 1 10 12 1 10 12 1 1 8 1 10 12 1 1 10 12 1 10 12 1 10 12 1 10 12 1 10 12 1 10 12 1 10 7 12 1 1 10 12 1 10 12 1 10 100 12 1 1 1 100 1 100 1 10 12 1 10 100 12 1 1 10 12 1 10 12 1 1 10 12 1 10 12 1 1 10 12 1 10 12 1 1 10 12 1 1 10 10 7 12 1 1 1 10 12 1 10 12 1 10 12 1 1 10 12 1 10 12 1 10 12 1 10 12 1 10 12 1 10 12 1 10 12 1 10 12 1 10 12 1 1 10 12 1 10 12 1 10 12 10 12 1 1 18 12 1 1 100 1 10 100 12 1 1 1 18 10 12 1 1 10 12 1 1 10 12 1 10 12 1 1 11 12 1 1 10 12 1 10 12 1 10 12 10 12 1 10 10 10 12 1 10 5 0 10 10 12 1 1 100 1 8 1 10 10 12 1 1 10 100 12 1 1 1 10 12 1 10 12 1 1 100 1 10 12 100 1 10 100 1 10 7 1 1 1 1 1 1 1 1 1 1 1 100 1 1 1 1 1 1 1 1 1 1 1 1 1 1 1 1 1 1 1 1 1 1 1 1 1 1 1 1 1 1 1 1 1 1 1 1 1 1 1 1 1 1 1 1 1 1 1 1 1 1 1 1 1 1 1 1 1 1 1 1 1 1 1 1 1 1 1 1 1 1 1 1 1 1 1 1 1 1 1 1 1 1 1 1 1 1 1 1 1 1 1 1 1 1 1 1 1 1 1 1 100 1 1 1 1 1 1 1 1 1 1 1 1 1 1 1 1 1 100 1 1 1 1 1 1 7 1 1 16 1 15 10 12 16 15 10 12 15 10 100 12 1 1 1 1 1 1 1 100 1 100 1 1
staticfield java/lang/AbstractStringBuilder EMPTYVALUE [B 0
ciInstanceKlass java/lang/Appendable 1 0 14 100 1 100 1 1 1 1 100 1 1 1 1 1
ciInstanceKlass java/lang/CharSequence 1 1 131 11 7 12 1 1 1 18 12 1 1 100 1 10 100 12 1 1 1 18 10 100 12 1 1 1 11 12 1 1 11 7 1 11 12 1 1 10 100 12 1 1 1 11 12 1 1 100 1 10 12 1 1 10 100 12 1 1 1 100 1 10 10 12 1 1 7 1 1 1 1 1 1 1 1 1 1 1 1 1 1 1 1 1 1 1 1 1 1 1 1 1 1 1 1 1 1 1 1 1 16 1 15 11 12 16 15 11 12 15 10 100 12 1 1 1 1 1 100 1 100 1 1 100 1 1 100 1 100 1 1
ciInstanceKlass java/lang/AutoCloseable 1 0 12 100 1 100 1 1 1 1 100 1 1 1
ciInstanceKlass java/io/Closeable 1 0 14 100 1 100 1 100 1 1 1 1 100 1 1 1
instanceKlass org/apache/xmlbeans/XmlException
instanceKlass java/util/zip/DataFormatException
instanceKlass org/apache/poi/openxml4j/exceptions/OpenXML4JException
instanceKlass java/lang/CloneNotSupportedException
instanceKlass java/security/PrivilegedActionException
instanceKlass sun/security/pkcs11/wrapper/PKCS11Exception
instanceKlass sun/nio/fs/WindowsException
instanceKlass java/security/GeneralSecurityException
instanceKlass org/openqa/selenium/net/UrlChecker$TimeoutException
instanceKlass java/util/concurrent/TimeoutException
instanceKlass org/testng/internal/thread/ThreadTimeoutException
instanceKlass java/util/concurrent/ExecutionException
instanceKlass org/testng/internal/thread/ThreadExecutionException
instanceKlass java/net/URISyntaxException
instanceKlass org/xml/sax/SAXException
instanceKlass javax/xml/parsers/ParserConfigurationException
instanceKlass java/lang/InterruptedException
instanceKlass java/io/IOException
instanceKlass java/lang/ReflectiveOperationException
instanceKlass java/lang/RuntimeException
ciInstanceKlass java/lang/Exception 1 1 40 10 7 12 1 1 1 10 12 1 10 12 1 10 12 1 10 12 1 100 1 1 1 1 5 0 1 1 1 1 1 1 1 1 1 1 1 1 1 1
instanceKlass java/lang/Exception
instanceKlass java/lang/Error
ciInstanceKlass java/lang/Throwable 1 1 413 10 7 12 1 1 1 9 7 12 1 1 1 9 12 1 1 9 12 1 9 12 1 1 9 12 1 10 12 1 1 9 12 1 1 10 12 1 1 10 100 12 1 1 1 9 12 1 1 10 12 1 1 10 12 1 100 1 7 1 10 8 1 10 12 1 1 8 1 10 100 12 1 1 10 10 12 1 100 1 8 1 10 10 7 12 1 1 10 12 1 8 1 9 7 12 1 1 1 10 12 1 1 100 1 10 12 10 12 1 10 7 12 1 1 1 7 1 10 12 10 12 1 10 12 1 7 1 10 10 7 12 1 1 1 11 7 12 1 1 1 10 12 1 1 10 12 1 1 8 1 10 12 1 10 12 1 1 8 1 8 1 10 12 1 1 10 12 1 8 1 8 1 9 12 1 10 12 1 1 100 1 10 11 12 1 8 1 8 1 10 7 12 1 1 8 1 10 12 1 8 1 7 1 10 12 1 9 12 1 1 10 12 1 10 7 12 1 9 12 1 1 10 12 1 1 100 1 8 1 10 12 1 10 100 12 1 1 10 12 1 1 7 1 10 100 12 1 1 1 10 12 1 11 7 12 1 1 1 11 7 12 1 1 11 12 1 8 1 10 12 1 1 8 1 10 10 9 100 12 1 1 1 8 1 10 12 1 1 11 10 100 1 8 1 10 11 12 1 1 8 1 9 12 1 10 100 12 1 1 11 9 12 1 1 11 12 1 1 100 10 12 1 10 12 1 1 7 1 1 1 1 5 0 1 1 1 1 1 1 1 1 1 1 1 1 7 1 1 1 1 1 1 1 1 1 1 1 1 1 1 1 1 1 1 1 1 1 1 1 1 1 1 1 1 1 1 1 1 1 1 1 1 1 1 1 1 1 1 1 1 1 100 1 7 1 1 1 1 1 1 1 1 1 1 1 1 1 1 1 1 1 1
staticfield java/lang/Throwable UNASSIGNED_STACK [Ljava/lang/StackTraceElement; 0 [Ljava/lang/StackTraceElement;
staticfield java/lang/Throwable SUPPRESSED_SENTINEL Ljava/util/List; java/util/Collections$EmptyList
staticfield java/lang/Throwable EMPTY_THROWABLE_ARRAY [Ljava/lang/Throwable; 0 [Ljava/lang/Throwable;
staticfield java/lang/Throwable $assertionsDisabled Z 1
instanceKlass java/security/Provider
ciInstanceKlass java/util/Properties 1 1 690 10 7 12 1 1 1 100 1 10 7 12 1 1 7 1 10 12 1 9 12 1 1 9 12 1 1 9 12 1 1 10 7 12 1 1 1 10 12 1 1 8 1 10 7 12 1 1 1 7 1 10 12 1 10 12 1 1 8 1 10 12 1 7 1 10 12 10 12 1 1 9 12 1 1 10 12 1 1 7 1 10 12 1 10 12 1 10 12 1 1 100 1 8 1 10 12 1 10 12 1 10 12 1 1 10 12 1 7 1 3 10 10 7 12 1 1 1 10 12 1 10 12 1 1 8 1 10 12 1 10 12 1 1 8 1 10 7 12 1 1 10 12 1 1 10 12 1 10 12 1 1 100 1 10 12 1 10 12 1 1 7 1 9 7 12 1 1 1 10 12 1 10 12 1 1 10 12 1 1 10 12 1 1 7 1 9 12 1 1 7 1 7 1 10 12 1 7 1 11 7 12 1 1 1 11 12 1 1 11 7 12 1 1 1 11 7 12 1 1 1 11 12 1 1 11 12 1 11 12 1 10 12 1 1 8 1 10 12 1 10 7 12 1 1 10 12 1 7 1 10 10 12 1 10 12 1 100 1 10 10 12 1 1 10 7 12 1 1 9 100 12 1 1 10 12 1 1 10 100 12 1 1 1 100 1 100 1 100 1 10 8 1 8 1 10 12 1 10 12 1 10 12 1 1 10 10 12 1 1 10 12 1 1 7 1 10 10 12 1 11 7 12 1 1 10 7 12 1 1 1 8 1 10 100 12 1 1 11 11 7 1 8 1 10 100 1 11 10 12 1 10 10 12 1 10 12 1 1 10 12 1 1 10 12 1 1 10 12 1 10 12 1 10 10 12 1 10 12 1 10 12 1 10 10 12 1 1 10 12 1 1 10 10 12 1 10 12 1 10 12 1 10 12 1 10 12 1 1 10 12 1 1 10 12 1 10 12 1 10 12 1 1 10 12 10 12 1 1 10 12 1 1 10 12 1 10 12 1 1 10 12 1 1 10 12 10 11 12 1 4 11 10 12 1 1 10 100 12 1 1 11 12 1 10 12 1 1 10 100 12 1 1 10 12 1 100 1 8 1 10 12 1 10 10 100 12 1 1 1 100 1 6 0 10 12 1 1 11 100 12 1 1 1 10 12 1 10 12 1 1 1 1 1 5 0 1 1 1 1 1 1 1 1 1 1 1 1 1 1 1 1 1 1 1 1 1 1 1 1 1 1 1 1 1 1 1 1 1 1 1 1 1 1 1 100 1 1 1 1 1 1 1 1 1 1 1 1 1 1 1 1 1 1 1 1 100 1 1 1 1 1 1 1 1 1 1 1 1 7 1 7 1 1 1 1 1 100 1 1 1 1 1 1 1 1 1 1 1 1 1 1 1 1 1 1 1 1 1 1 1 1 1 1 1 1 1 1 1 1 1 1 1 1 1 1 1 1 1 1 1 1 1 1 1 1 1 1 1 1 1 1 1 1 1 1 1 1 1 1 1 1 1 1 1 1 1 1 1 1 1 1 1 1 1 7 1 1 1 1 1 1 1 1 1 1 1 100 1 1
staticfield java/util/Properties UNSAFE Ljdk/internal/misc/Unsafe; jdk/internal/misc/Unsafe
instanceKlass java/util/Hashtable
ciInstanceKlass java/util/Dictionary 1 1 36 10 7 12 1 1 1 100 1 1 1 1 1 1 1 1 1 1 1 1 1 1 1 1 1 1 1 1 1 1 1 1 1 1 1 1
instanceKlass java/util/Properties
ciInstanceKlass java/util/Hashtable 1 1 516 7 1 10 7 12 1 1 1 9 7 12 1 1 1 100 1 7 1 10 8 1 10 12 1 1 10 12 1 10 12 1 1 10 12 1 10 7 12 1 1 1 8 1 10 12 1 9 12 1 1 7 1 9 12 1 1 4 10 7 12 1 1 1 9 12 1 4 10 12 1 11 7 12 1 1 1 10 12 1 1 10 12 1 1 9 12 1 10 12 1 1 100 1 10 9 12 1 1 10 7 12 1 1 1 9 12 1 1 10 12 1 10 12 1 3 9 12 1 9 12 1 3 10 12 1 10 12 1 10 12 1 1 11 12 1 1 11 100 12 1 1 1 11 7 12 1 1 1 11 12 1 100 1 11 12 1 11 12 1 10 12 1 1 10 12 1 1 10 12 1 9 12 1 1 9 12 9 12 1 1 10 100 1 7 1 10 12 1 10 8 1 10 10 12 1 8 1 10 8 1 10 100 12 1 1 1 7 1 10 12 1 10 12 1 100 1 10 12 1 10 12 1 1 100 1 10 100 1 10 10 12 1 1 11 12 1 1 11 12 1 7 1 10 10 10 100 12 1 1 11 100 12 1 1 1 100 1 10 11 100 12 1 1 11 100 12 1 10 12 1 10 12 1 1 10 100 12 1 1 10 12 1 1 10 12 1 1 10 12 1 1 10 100 12 1 1 1 8 10 100 12 1 1 100 1 8 1 10 4 4 10 12 1 1 10 12 1 8 1 4 10 12 10 100 12 1 1 1 100 1 11 100 12 1 1 1 10 100 12 1 1 1 10 12 1 10 12 1 1 10 7 1 7 1 1 1 1 1 1 5 0 1 1 1 1 1 3 1 3 1 3 1 1 1 1 1 1 1 1 1 1 1 1 1 1 1 1 1 1 1 1 1 1 1 1 1 100 1 1 1 1 1 1 1 1 1 1 1 1 1 1 1 1 1 1 1 1 1 1 1 1 1 1 1 1 1 7 1 1 1 1 1 1 1 1 1 1 1 1 1 1 7 1 1 1 1 1 1 1 1 1 1 1 1 1 1 1 1 1 1 1 1 1 1 1 1 1 1 1 1 1 1 1 1 1 1 1 1 1 1 1 1 1 1 1 1 100 1 1 1 7 1 1 1 1 1 7 1 1 1 1 1 1 1 1 1 1 1 1 1 1 1 1 1 1
ciInstanceKlass java/lang/String 1 1 1473 10 7 12 1 1 1 8 1 9 7 12 1 1 1 9 12 1 1 9 12 1 1 9 12 1 1 10 12 1 10 12 1 1 10 12 1 1 9 12 1 10 7 12 1 1 1 10 12 1 1 10 12 1 10 7 12 1 1 1 10 12 1 1 10 12 1 1 10 12 1 10 12 1 1 10 12 1 10 7 12 1 1 1 7 1 9 7 12 1 1 1 10 7 12 1 1 1 10 12 1 1 10 12 1 1 10 7 12 1 1 1 10 12 1 1 9 7 12 1 1 10 12 9 7 12 1 1 10 12 1 1 3 10 12 1 1 7 1 11 12 1 1 11 12 1 11 12 1 1 10 7 12 1 1 1 10 12 1 1 9 100 12 1 1 1 10 12 1 1 10 12 1 11 12 1 1 10 12 1 10 12 10 12 1 1 10 7 12 1 1 1 10 7 12 1 1 1 10 12 1 1 100 1 7 1 10 12 1 10 12 1 10 12 1 1 10 12 1 1 100 1 10 12 1 1 100 1 10 12 1 1 10 12 1 1 10 12 1 10 10 12 1 10 12 1 100 1 100 1 100 1 10 12 1 10 12 1 1 10 12 1 1 10 12 1 10 12 1 1 10 12 1 1 10 7 12 1 1 7 1 11 10 7 12 1 1 11 12 1 11 12 1 10 12 1 1 10 12 1 10 12 10 12 1 1 10 10 7 12 1 1 1 10 7 12 1 1 10 12 1 1 10 7 12 1 1 10 12 1 10 12 1 1 10 12 1 1 10 12 1 10 12 1 10 12 1 1 100 1 10 12 1 1 10 12 10 12 1 10 12 1 10 12 1 1 10 7 12 1 1 1 10 12 1 10 12 1 1 10 12 1 10 12 1 3 3 10 12 1 1 10 12 1 10 12 1 1 10 12 1 1 10 12 1 1 10 12 1 10 12 1 1 10 12 1 1 10 12 1 10 12 1 10 12 1 10 12 1 1 10 12 1 10 12 1 10 12 1 10 12 1 10 12 1 10 12 1 10 7 1 10 8 1 10 12 1 1 10 12 1 8 1 10 12 1 1 10 12 10 12 1 8 1 10 10 12 1 1 10 12 1 1 10 12 1 1 10 7 1 10 10 12 1 10 12 1 10 12 1 10 10 12 1 10 12 1 10 12 1 10 12 1 10 12 1 10 12 1 10 12 1 1 10 12 1 1 10 12 1 1 10 10 12 1 1 10 10 12 1 100 1 10 9 100 12 1 1 1 11 100 12 1 1 1 10 12 1 1 10 12 1 1 10 7 1 10 12 1 10 12 1 10 7 12 1 1 1 10 12 1 10 12 1 1 10 12 1 11 7 1 11 12 10 12 1 10 12 1 1 10 12 1 1 10 10 12 1 10 12 1 9 12 1 1 11 7 12 1 1 1 10 12 10 10 12 1 10 12 1 1 10 10 12 1 10 12 1 10 12 1 1 10 12 1 1 10 10 12 1 1 10 12 1 10 10 12 1 10 12 10 10 12 10 10 12 1 10 12 1 10 10 12 10 7 12 1 1 1 10 12 10 10 12 10 12 1 10 12 10 12 10 10 12 1 10 12 1 1 10 12 1 1 10 10 12 1 10 7 12 1 1 1 10 12 1 1 10 10 7 12 1 1 1 11 10 12 1 10 12 1 1 10 12 1 1 10 7 12 1 1 1 10 12 1 10 12 1 10 12 1 10 12 1 10 12 1 10 12 1 100 1 7 1 8 1 10 10 10 12 1 10 12 1 1 8 1 10 12 1 3 3 10 12 1 10 12 1 1 10 12 7 1 10 10 12 1 1 10 12 1 10 12 1 10 12 1 1 10 12 1 1 11 7 12 1 1 1 7 1 10 12 1 10 12 1 1 8 1 10 12 1 1 10 12 1 11 7 12 1 1 1 11 7 12 1 1 11 12 1 10 12 1 10 12 1 1 10 10 7 12 1 1 1 10 12 1 10 12 1 10 10 12 10 12 1 1 10 10 12 1 10 10 12 1 10 10 12 1 10 10 12 1 10 12 1 1 10 10 12 1 8 1 10 12 1 1 18 12 1 1 11 100 12 1 1 1 7 1 3 18 12 1 18 12 1 8 1 10 100 12 1 1 1 11 12 1 1 10 12 10 10 12 1 10 11 12 1 1 10 12 1 1 11 12 1 18 3 11 10 12 1 11 11 10 12 1 10 12 1 1 8 1 10 12 1 10 12 1 10 12 1 1 10 10 12 1 11 100 12 1 7 1 100 1 10 7 1 10 10 7 12 1 1 1 100 1 10 7 1 10 10 12 1 10 10 12 1 8 1 10 10 12 1 8 1 8 1 10 12 1 10 12 1 10 10 12 10 7 12 1 1 10 7 12 1 1 10 7 12 1 1 8 1 10 12 1 10 12 1 10 9 12 1 10 12 9 7 12 1 1 1 10 12 1 10 12 1 10 12 1 10 12 10 12 1 10 12 1 8 1 10 100 12 1 1 1 10 12 10 12 1 1 10 12 10 10 12 10 12 7 1 9 12 1 1 7 1 10 7 1 7 1 7 1 7 1 1 1 1 1 1 5 0 1 1 1 1 1 3 1 3 1 1 1 1 1 1 1 1 1 1 1 1 1 1 1 100 1 1 1 1 1 1 1 1 1 1 1 1 1 1 1 1 1 1 1 1 1 1 1 1 1 1 1 1 1 1 1 100 1 1 1 1 1 1 1 1 1 1 1 1 7 1 1 1 1 1 1 1 1 1 1 1 1 1 1 1 1 1 1 1 1 1 1 1 1 1 1 1 1 1 1 1 1 1 1 1 1 1 1 1 1 1 1 1 1 1 1 1 1 1 1 1 1 1 1 1 1 1 1 1 1 1 1 1 1 1 1 1 1 1 1 1 1 1 1 1 1 1 1 1 1 1 1 1 1 1 1 1 1 1 1 1 1 1 1 1 1 1 1 1 1 1 1 1 1 1 1 1 1 1 1 1 1 1 1 1 1 1 1 1 1 1 1 1 1 1 1 1 1 1 1 1 1 1 1 1 1 1 1 1 1 1 1 1 1 1 1 1 1 1 1 1 1 1 1 1 1 1 1 1 1 1 1 1 1 1 1 1 1 1 1 1 1 1 1 1 1 1 1 1 1 100 1 1 1 1 1 1 1 1 1 1 1 1 1 1 1 1 1 1 1 1 1 1 1 100 1 1 1 1 1 1 1 1 1 1 1 1 1 1 1 7 1 1 1 1 1 1 1 1 1 1 1 1 1 1 1 16 15 10 12 16 15 10 12 15 10 12 15 10 12 15 10 100 12 1 1 1 1 100 1 1 1 1 1 100 1 100 1 1 1
staticfield java/lang/String COMPACT_STRINGS Z 1
staticfield java/lang/String serialPersistentFields [Ljava/io/ObjectStreamField; 0 [Ljava/io/ObjectStreamField;
staticfield java/lang/String CASE_INSENSITIVE_ORDER Ljava/util/Comparator; java/lang/String$CaseInsensitiveComparator
ciMethod java/lang/String equals (Ljava/lang/Object;)Z 770 0 7177 0 424
ciMethod java/lang/String hashCode ()I 524 0 6951 0 184
ciMethod java/lang/String length ()I 580 0 194326 0 112
ciMethod java/lang/String charAt (I)C 866 0 326364 0 200
ciMethod java/lang/String isEmpty ()Z 512 0 35207 0 112
ciInstanceKlass java/lang/constant/ConstantDesc 1 0 37 100 1 100 1 1 1 1 100 1 1 1 1 100 1 100 1 100 1 100 1 100 1 100 1 100 1 100 1 100 1 1 100 1 100 1 1
ciInstanceKlass java/lang/InternalError 1 1 34 10 7 12 1 1 1 10 12 1 10 12 1 10 12 1 100 1 1 1 1 5 0 1 1 1 1 1 1 1 1 1 1 1
instanceKlass javax/xml/parsers/FactoryConfigurationError
instanceKlass java/lang/AssertionError
instanceKlass java/util/ServiceConfigurationError
instanceKlass java/lang/VirtualMachineError
instanceKlass java/lang/LinkageError
ciInstanceKlass java/lang/Error 1 1 58 10 7 12 1 1 1 9 12 1 1 10 100 12 1 1 1 10 100 12 1 1 1 10 12 1 10 12 1 10 12 1 10 12 1 100 1 1 1 1 5 0 1 1 1 1 1 1 1 1 100 1 1 1 1 1 1 1
instanceKlass java/lang/StackOverflowError
instanceKlass java/lang/OutOfMemoryError
instanceKlass java/lang/InternalError
ciInstanceKlass java/lang/VirtualMachineError 1 1 34 10 7 12 1 1 1 10 12 1 10 12 1 10 12 1 100 1 1 1 1 5 0 1 1 1 1 1 1 1 1 1 1 1
ciInstanceKlass java/util/Iterator 1 1 53 100 1 8 1 10 12 1 1 10 7 12 1 1 1 11 7 12 1 1 1 11 12 1 1 11 7 12 1 1 1 7 1 1 1 1 1 1 1 1 1 1 1 1 1 1 1 1 1 1 1 1 1
ciInstanceKlass java/util/Map$Entry 1 1 178 18 12 1 1 7 1 7 1 18 10 100 12 1 1 1 18 12 1 18 100 1 11 7 12 1 1 1 11 12 1 11 7 12 1 1 1 10 100 12 1 1 1 10 7 12 1 1 1 8 1 10 12 1 1 8 1 8 1 8 1 10 12 1 10 12 1 8 10 7 1 10 12 1 8 10 12 1 8 1 10 12 1 8 10 12 1 8 1 10 12 1 1 8 1 100 1 8 1 10 12 1 1 11 12 7 1 11 12 1 1 1 1 1 1 1 1 1 1 1 1 1 1 1 1 1 1 1 1 1 1 1 1 1 1 1 1 1 1 1 1 1 1 1 1 1 1 1 16 15 11 12 16 3 3 15 11 12 15 11 12 15 11 12 15 10 7 12 1 1 1 1 1 100 1 100 1 1
instanceKlass org/apache/commons/io/input/UnsynchronizedByteArrayInputStream
instanceKlass org/apache/commons/compress/utils/BoundedArchiveInputStream
instanceKlass org/apache/commons/compress/archivers/zip/ExplodingInputStream
instanceKlass org/apache/commons/compress/compressors/CompressorInputStream
instanceKlass org/apache/commons/io/input/AbstractInputStream
instanceKlass java/io/SequenceInputStream
instanceKlass org/apache/commons/io/input/ClosedInputStream
instanceKlass java/io/ObjectInputStream
instanceKlass sun/security/ssl/SSLSocketImpl$AppInputStream
instanceKlass sun/nio/ch/ChannelInputStream
instanceKlass java/lang/ProcessBuilder$NullInputStream
instanceKlass com/sun/org/apache/xerces/internal/impl/XMLEntityManager$RewindableInputStream
instanceKlass sun/nio/ch/NioSocketImpl$1
instanceKlass java/net/Socket$SocketInputStream
instanceKlass java/util/zip/ZipFile$ZipFileInputStream
instanceKlass java/io/FilterInputStream
instanceKlass java/io/FileInputStream
instanceKlass java/io/ByteArrayInputStream
ciInstanceKlass java/io/InputStream 1 1 195 7 1 10 7 12 1 1 1 100 1 10 10 7 12 1 1 1 10 7 12 1 1 1 10 12 1 100 1 3 10 12 1 1 100 1 8 1 10 12 1 10 7 12 1 1 1 3 7 1 8 1 10 10 7 12 1 1 1 7 1 10 11 7 12 1 1 1 10 12 1 1 11 12 1 1 11 7 12 1 1 1 11 12 1 1 7 1 10 7 12 1 1 1 5 0 10 12 1 10 12 1 1 100 1 10 8 1 10 8 1 8 1 10 12 1 1 10 7 12 1 1 1 7 1 5 0 10 12 1 100 1 7 1 1 1 1 3 1 3 1 1 1 1 1 1 1 1 1 1 1 1 1 1 1 1 1 1 1 1 1 1 1 1 1 1 1 1 1 1 1 1 1 1 1 1 1 1 1 1 1 1 1 1 1 1 1 1 1 1 1 1 1 1 1
ciInstanceKlass jdk/internal/misc/Unsafe 1 1 1287 10 7 12 1 1 1 9 7 12 1 1 1 9 12 1 1 10 12 1 1 10 7 12 1 1 1 10 12 1 1 10 12 1 1 10 12 1 1 10 12 1 1 10 12 1 1 10 12 1 1 10 12 1 1 10 12 1 1 10 12 1 1 10 12 1 1 10 12 1 1 10 12 1 1 10 12 1 1 10 12 1 10 12 1 100 1 10 10 12 1 1 10 12 1 1 5 0 10 12 1 1 10 12 1 1 10 7 12 1 1 1 10 12 1 1 10 12 1 10 12 1 10 12 1 1 10 12 1 1 10 12 1 10 12 1 7 1 7 1 10 8 1 10 12 1 1 10 12 1 8 1 10 12 1 1 10 12 1 10 12 1 10 12 1 1 10 12 1 10 12 1 1 10 12 1 1 10 12 1 10 12 1 10 12 1 10 12 1 1 10 12 1 10 12 1 10 12 1 1 10 12 1 5 0 5 0 5 0 10 12 1 10 12 1 10 12 1 10 12 1 10 12 1 10 12 1 10 12 1 10 12 1 10 12 1 1 10 12 1 10 12 1 7 1 8 1 10 100 1 10 10 12 1 1 10 12 1 1 10 12 1 10 12 1 1 10 12 1 1 10 12 1 10 12 1 1 10 12 1 9 7 12 1 1 9 12 1 100 1 10 10 12 1 1 8 1 10 8 1 8 1 10 12 1 1 9 7 12 1 1 1 9 7 1 9 7 1 9 7 1 9 9 7 1 9 7 1 9 7 1 10 12 1 1 10 12 1 1 10 12 1 1 10 12 1 1 5 0 5 0 9 12 1 1 10 12 1 10 12 1 10 12 1 1 10 12 1 1 10 12 1 8 1 3 10 12 1 1 10 12 1 1 10 12 1 10 12 1 1 10 12 1 1 10 12 1 10 12 1 10 12 1 10 12 1 10 12 1 10 12 1 1 10 12 1 1 10 12 1 10 12 1 10 12 1 10 12 1 10 12 1 10 12 1 1 10 12 1 1 10 12 1 10 12 1 10 12 1 10 12 1 10 12 1 10 12 1 1 10 12 1 1 10 12 1 1 10 12 1 1 10 12 1 10 12 1 10 12 1 10 12 1 10 12 1 10 12 1 10 12 1 1 10 12 1 1 10 12 1 10 12 1 10 12 1 10 12 1 10 12 1 10 12 1 10 12 1 1 10 12 1 1 10 12 1 10 12 1 10 12 1 10 12 1 10 12 1 10 12 1 10 12 1 10 12 1 1 10 12 1 10 12 1 10 12 1 10 12 1 10 12 1 1 10 12 1 10 12 1 10 12 1 10 12 1 10 12 1 10 12 1 10 12 1 10 12 1 1 10 12 1 10 12 1 10 12 1 10 12 1 10 12 1 10 12 1 1 10 12 1 10 12 1 10 12 1 1 10 12 1 10 12 1 10 12 1 10 12 1 10 12 1 10 12 1 10 12 1 10 12 1 10 12 1 10 12 1 10 12 1 10 12 1 10 12 1 10 12 1 10 12 1 10 12 1 10 12 1 10 12 1 10 12 1 10 12 1 10 12 1 10 12 1 10 12 1 100 1 10 100 1 10 9 12 1 5 0 10 12 1 1 5 0 10 12 1 5 0 10 12 1 10 12 1 10 12 1 1 10 12 1 1 10 12 1 10 12 1 10 12 1 10 12 1 1 10 12 1 10 12 1 10 12 1 10 12 1 10 12 1 1 10 12 1 10 12 1 10 12 1 10 12 1 1 10 12 1 10 12 1 10 12 1 1 10 12 1 10 12 1 10 12 1 10 12 1 1 10 12 1 10 10 12 1 1 10 12 1 10 12 1 1 10 12 1 10 12 5 0 5 0 5 0 10 12 1 1 10 12 1 10 12 1 10 12 10 100 12 1 1 8 1 100 1 11 12 1 1 8 1 11 12 1 1 10 100 12 1 1 10 12 1 10 12 1 10 12 1 10 12 1 10 12 1 1 10 12 1 10 12 1 10 12 1 10 12 1 10 12 1 10 12 1 10 7 1 10 12 1 9 12 1 7 1 9 12 1 7 1 9 12 1 7 1 9 12 1 7 1 9 12 1 7 1 9 12 1 7 1 9 12 1 7 1 9 12 1 7 1 9 12 1 10 12 1 9 12 1 9 12 1 9 12 1 9 12 1 9 12 1 9 12 1 9 12 1 9 12 1 9 12 1 9 12 1 1 1 3 1 1 1 1 1 1 1 1 1 1 1 1 1 1 1 1 1 1 1 1 1 1 1 1 1 1 1 1 1 1 1 1 1 1 1 1 1 1 1 1 1 1 1 1 1 1 1 1 1 1 1 1 1 1 1 1 1 1 1 1 1 1 1 1 1 1 1 1 1 1 1 1 1 1 1 1 1 1 1 1 1 1 1 1 1 1 1 1 1 100 1 1 1 1 1 1 1 1 1 1 1 1 1 1 1 1 1 1 1 1 1 1 1 1 1 1 1 1 1 1 1 1 1 1 1 1 1 1 1 1 1 1 1 1 1 1 1 1 1 1 1 1 1 1 1 1 1 1 1 1 1 1 1 1 1 1 1 1 1 1 1 1 1 1 1 1 1 1 1 1 1 1 1 1 1 1 1 1 1 1 1 1 1 1 1 1 1 1 1 1 1 1 1 1 1 1 1 1 1 1 1 1 1 1 1 1 1 1 1 1 1 1 1 1 1 1 1 1 1 1 1 1 1 1 1 1 1 1 1 1 1 1 1 1 1 1 1 1 1 1 1 1 1 1 1 1 1 1 1 1 1 1 1 1 1 1 1 1 1 1 1 1 1 1 1 1 1 1 1 1 1 1 1 1 1 1 1 1 1 1 1 1 1 1 1 1 1 1 1 1 1 1 1 1 1 1 3 1 1 1 1 1 1 1 1 1 1 1 1 1 1 1 1 1 1 1 1 1
staticfield jdk/internal/misc/Unsafe theUnsafe Ljdk/internal/misc/Unsafe; jdk/internal/misc/Unsafe
staticfield jdk/internal/misc/Unsafe ARRAY_BOOLEAN_BASE_OFFSET I 16
staticfield jdk/internal/misc/Unsafe ARRAY_BYTE_BASE_OFFSET I 16
staticfield jdk/internal/misc/Unsafe ARRAY_SHORT_BASE_OFFSET I 16
staticfield jdk/internal/misc/Unsafe ARRAY_CHAR_BASE_OFFSET I 16
staticfield jdk/internal/misc/Unsafe ARRAY_INT_BASE_OFFSET I 16
staticfield jdk/internal/misc/Unsafe ARRAY_LONG_BASE_OFFSET I 16
staticfield jdk/internal/misc/Unsafe ARRAY_FLOAT_BASE_OFFSET I 16
staticfield jdk/internal/misc/Unsafe ARRAY_DOUBLE_BASE_OFFSET I 16
staticfield jdk/internal/misc/Unsafe ARRAY_OBJECT_BASE_OFFSET I 16
staticfield jdk/internal/misc/Unsafe ARRAY_BOOLEAN_INDEX_SCALE I 1
staticfield jdk/internal/misc/Unsafe ARRAY_BYTE_INDEX_SCALE I 1
staticfield jdk/internal/misc/Unsafe ARRAY_SHORT_INDEX_SCALE I 2
staticfield jdk/internal/misc/Unsafe ARRAY_CHAR_INDEX_SCALE I 2
staticfield jdk/internal/misc/Unsafe ARRAY_INT_INDEX_SCALE I 4
staticfield jdk/internal/misc/Unsafe ARRAY_LONG_INDEX_SCALE I 8
staticfield jdk/internal/misc/Unsafe ARRAY_FLOAT_INDEX_SCALE I 4
staticfield jdk/internal/misc/Unsafe ARRAY_DOUBLE_INDEX_SCALE I 8
staticfield jdk/internal/misc/Unsafe ARRAY_OBJECT_INDEX_SCALE I 4
staticfield jdk/internal/misc/Unsafe ADDRESS_SIZE I 8
instanceKlass jdk/internal/reflect/DelegatingClassLoader
instanceKlass java/security/SecureClassLoader
ciInstanceKlass java/lang/ClassLoader 1 1 1108 9 7 12 1 1 1 10 7 12 1 1 1 9 12 1 1 10 7 12 1 1 1 7 1 10 12 1 1 10 12 1 1 9 12 1 1 10 12 1 1 100 1 10 12 1 10 12 1 1 10 7 12 1 1 1 100 1 8 1 10 12 1 10 7 12 1 1 1 10 7 12 1 10 7 1 10 7 1 7 1 7 1 10 12 1 10 12 1 9 12 1 1 10 10 7 12 1 1 1 9 12 1 1 9 12 1 9 12 1 1 9 12 1 9 12 1 1 9 12 1 1 7 1 10 12 1 9 12 1 1 10 12 1 1 10 7 12 1 1 1 9 12 1 9 12 1 1 9 12 1 10 12 1 1 9 12 10 12 1 1 7 1 10 8 1 10 12 1 1 10 12 1 10 7 1 7 1 10 12 1 1 10 7 12 1 1 1 8 1 10 12 1 10 12 1 10 12 1 1 10 12 1 1 10 12 1 1 10 12 1 1 10 12 1 1 10 12 1 7 1 10 12 1 10 100 12 1 1 1 10 12 1 1 10 12 1 10 12 1 10 12 1 10 12 1 10 12 1 1 10 10 12 1 10 12 1 10 100 12 1 1 10 12 1 1 10 12 1 1 10 12 1 100 1 10 12 1 7 1 10 12 1 10 7 12 1 1 1 10 10 12 1 1 10 12 1 1 7 1 8 1 10 8 1 10 12 1 10 12 1 100 1 8 1 10 12 1 1 10 12 1 1 10 10 12 1 1 10 12 1 1 10 12 1 1 10 7 1 10 12 1 1 10 12 1 1 10 12 1 1 10 12 1 1 10 12 1 1 10 12 1 1 10 12 1 10 7 12 1 1 1 10 12 1 10 12 1 10 12 1 1 10 12 1 10 12 1 10 12 1 10 12 1 1 10 12 1 10 12 1 1 8 1 9 12 1 10 12 1 1 8 1 8 1 10 7 12 1 1 100 1 10 10 12 10 12 1 10 12 1 10 12 1 10 12 1 1 10 7 12 1 1 10 12 1 10 7 1 7 1 10 12 1 1 10 12 1 10 7 1 10 12 1 100 1 18 12 1 10 100 12 1 1 1 10 100 12 1 1 1 10 7 12 1 1 10 12 1 10 12 1 100 1 10 12 1 8 1 10 10 12 1 1 10 12 1 10 12 1 1 100 1 10 12 1 10 12 1 1 10 7 12 1 1 10 12 1 8 1 100 1 10 10 12 1 9 12 1 10 7 12 1 1 10 12 1 7 1 8 1 10 12 1 10 8 1 8 1 10 12 1 1 10 12 1 1 10 12 1 1 10 7 12 1 1 7 1 100 1 10 12 1 1 7 1 7 1 10 7 12 1 1 10 12 1 10 12 1 1 10 12 1 10 12 1 1 10 12 1 1 9 100 12 1 1 1 10 12 1 1 10 12 1 10 12 1 10 12 1 1 10 12 1 8 1 7 1 18 12 1 1 10 12 1 1 10 12 1 10 12 1 10 12 1 8 1 10 12 1 10 12 1 18 12 1 11 100 12 1 1 1 100 1 10 12 1 1 10 12 1 10 11 12 1 1 10 18 10 12 1 1 11 7 12 1 18 12 1 11 12 1 1 10 12 10 12 1 1 10 12 1 1 100 1 8 1 10 10 12 1 8 1 8 1 10 100 12 1 1 10 12 1 100 1 10 10 12 1 8 1 8 1 8 1 10 12 1 10 12 1 1 10 12 1 10 7 12 1 1 1 11 7 12 1 1 100 1 10 11 10 12 1 10 12 1 10 12 1 1 9 7 12 1 1 9 12 1 1 9 12 9 12 1 9 12 1 9 12 1 8 10 12 1 1 10 7 12 1 1 1 10 12 1 1 10 12 1 1 10 12 1 10 10 12 1 11 12 1 1 10 100 12 1 1 1 100 1 10 12 1 10 12 1 10 12 1 1 1 1 1 1 1 1 1 1 1 1 1 1 1 1 1 1 1 1 1 1 1 1 1 1 1 1 100 1 1 1 1 1 1 1 1 1 1 1 1 1 1 1 1 1 1 1 1 1 100 1 1 1 1 1 1 1 1 1 1 100 1 1 1 1 1 1 1 1 1 1 1 1 1 1 1 1 1 1 1 1 1 1 1 1 1 1 1 1 1 1 1 1 1 1 1 1 1 1 1 1 1 100 1 1 1 1 1 1 1 1 1 1 1 1 1 1 1 1 1 1 1 7 1 1 1 1 1 1 1 1 1 1 1 1 1 1 1 1 1 1 1 1 1 1 1 1 1 1 1 1 1 1 1 1 1 1 1 1 1 1 1 1 1 1 1 1 1 1 1 1 1 1 100 1 1 1 1 1 1 1 1 1 1 1 1 1 1 1 1 1 1 1 1 1 1 1 1 1 1 1 1 1 1 1 1 1 1 1 1 1 1 1 1 1 1 1 1 1 1 16 1 15 10 12 16 1 16 15 10 12 16 1 16 1 15 10 12 16 15 10 12 16 15 10 12 16 15 10 100 12 1 1 1 1 1 100 1 100 1 1
staticfield java/lang/ClassLoader nocerts [Ljava/security/cert/Certificate; 0 [Ljava/security/cert/Certificate;
staticfield java/lang/ClassLoader $assertionsDisabled Z 1
ciInstanceKlass java/lang/reflect/Constructor 1 1 439 10 100 12 1 1 1 10 100 12 1 1 9 7 12 1 1 1 10 12 1 1 10 12 1 1 10 100 12 1 1 9 12 1 1 10 7 12 1 1 1 9 12 1 1 9 12 1 1 9 12 1 9 12 1 1 9 12 1 9 12 1 1 9 12 1 1 9 12 1 100 1 8 1 10 12 1 10 12 1 9 12 1 1 10 7 12 1 1 10 7 12 1 1 1 10 12 1 1 10 12 1 1 10 12 1 7 1 100 1 8 1 10 10 12 1 10 12 1 10 12 1 1 10 12 1 1 9 100 12 1 1 1 10 7 12 1 1 10 12 1 1 10 12 1 10 12 1 1 10 7 12 1 1 1 10 100 12 1 1 10 12 1 1 10 12 1 10 7 12 1 1 1 8 1 10 10 12 1 100 1 8 1 10 12 1 10 12 1 1 10 12 1 1 10 12 1 10 12 1 10 12 1 1 10 12 1 1 9 12 1 1 10 12 1 1 10 12 1 1 10 12 1 1 11 7 12 1 1 1 10 12 1 1 10 12 1 10 12 1 10 12 1 8 1 9 12 1 1 10 7 12 1 1 1 10 7 12 1 1 10 12 1 1 10 12 1 1 10 12 1 1 10 12 1 1 10 12 1 9 7 12 1 1 10 12 1 10 12 1 10 12 1 100 1 8 1 10 10 12 1 1 10 12 1 10 10 12 1 1 10 12 1 1 10 100 12 1 1 1 11 100 12 1 1 1 10 12 1 1 9 100 12 1 1 1 10 100 12 1 1 1 10 12 1 1 1 1 1 1 1 1 1 1 1 1 1 1 1 1 1 1 1 1 1 1 1 1 1 1 1 1 1 1 1 1 1 1 1 1 1 1 1 1 1 1 1 1 1 1 1 1 1 1 1 1 100 1 100 1 100 1 100 1 1 1 1 1 1 1 1 1 1 1 1 1 1 1 1 1 1 1 1 1 1 1 1 1 1 1 1 1 1 1 1 1 100 1 1
instanceKlass java/lang/reflect/Executable
instanceKlass java/lang/reflect/Field
ciInstanceKlass java/lang/reflect/AccessibleObject 1 1 402 10 7 12 1 1 1 9 100 12 1 1 1 10 7 12 1 1 1 10 7 12 1 1 10 7 12 1 1 1 10 100 12 1 1 1 10 12 1 1 10 12 1 1 9 12 1 1 7 1 10 7 12 1 1 1 11 12 1 7 1 10 12 1 7 1 100 1 10 12 1 10 12 1 1 10 12 1 1 10 12 1 1 10 12 1 1 7 1 10 7 12 1 1 1 10 12 1 1 11 10 7 12 1 1 1 10 12 1 1 10 12 1 10 12 1 10 12 1 1 10 12 1 8 1 7 1 7 1 10 10 12 1 1 8 1 10 12 1 10 12 1 8 1 8 1 8 1 8 1 8 1 8 1 8 1 8 1 8 1 100 1 10 12 1 10 12 1 9 12 1 1 10 12 1 1 10 12 1 10 7 1 100 1 8 1 10 8 1 10 12 1 8 1 10 12 1 10 12 1 1 10 100 1 8 1 10 11 7 12 1 1 1 10 12 1 1 10 12 1 1 10 12 1 1 9 12 1 1 100 1 10 12 1 7 1 10 12 1 10 12 1 1 10 100 1 10 12 1 10 12 10 12 1 10 12 1 10 12 1 1 10 12 1 9 12 1 10 100 12 1 1 8 1 10 100 12 1 1 1 8 1 10 7 12 1 1 1 9 12 1 7 1 10 7 1 10 10 7 12 1 1 1 7 1 10 10 7 12 1 1 1 7 1 9 12 1 1 1 1 1 1 1 1 1 1 1 1 1 1 1 1 1 1 1 1 1 1 1 1 1 1 1 1 1 1 1 1 1 1 1 1 1 1 1 1 1 1 1 1 1 1 1 1 1 1 1 1 1 1 1 1 1 1 1 1 1 1 1 1 1 1 1 1 1 1 1 1 1 1 1 1 1 1 1 1 1 1 1 1 1 1
staticfield java/lang/reflect/AccessibleObject reflectionFactory Ljdk/internal/reflect/ReflectionFactory; jdk/internal/reflect/ReflectionFactory
instanceKlass java/lang/reflect/Constructor
instanceKlass java/lang/reflect/Method
ciInstanceKlass java/lang/reflect/Executable 1 1 577 10 7 12 1 1 1 10 7 12 1 1 1 10 7 12 1 1 1 11 7 12 1 1 1 10 7 12 1 1 1 10 12 1 1 10 7 12 1 1 1 10 7 12 1 1 1 10 12 1 8 1 10 10 12 1 1 10 12 1 1 10 7 12 1 1 1 18 12 1 1 11 7 12 1 1 1 8 1 8 1 8 1 10 7 12 1 1 1 11 12 1 1 7 1 8 1 8 1 10 12 1 7 1 8 1 10 12 1 8 1 11 100 12 1 1 1 7 1 11 7 12 1 1 1 11 12 1 8 1 18 8 1 10 12 1 10 12 1 1 18 8 1 10 12 1 100 1 10 12 1 10 12 1 11 12 1 10 12 1 1 8 1 8 1 10 12 1 1 10 12 1 1 10 10 12 1 9 100 12 1 1 1 10 100 12 1 1 1 10 12 1 10 12 1 1 10 7 12 1 1 10 12 1 10 12 1 10 12 1 10 12 1 1 10 7 12 1 1 10 12 1 10 12 1 1 9 100 12 1 1 1 10 100 12 1 1 10 12 1 8 1 10 12 1 10 12 1 3 100 1 8 1 10 12 1 10 12 1 10 10 12 1 10 12 1 1 8 1 8 1 8 1 9 12 1 1 9 12 1 10 12 1 100 1 8 1 10 12 1 10 12 1 10 12 1 1 10 12 1 1 10 12 1 10 12 10 12 1 7 1 10 12 1 10 12 1 1 100 1 10 7 12 1 1 1 7 1 10 7 12 1 1 1 10 12 1 1 11 7 12 1 1 10 7 12 1 1 10 100 12 1 1 1 10 12 1 1 9 12 1 10 12 1 1 10 12 1 10 12 1 1 9 100 12 1 1 1 10 100 12 1 1 1 10 12 1 10 12 1 1 9 12 1 10 10 10 10 100 12 1 1 1 10 12 1 9 12 1 10 12 1 1 9 12 1 7 1 7 1 1 1 1 1 1 1 1 1 1 1 1 1 1 1 1 1 1 1 1 1 1 1 1 1 1 1 1 1 1 1 1 1 1 1 1 100 1 1 1 1 1 1 1 1 100 1 1 1 1 1 1 1 1 1 1 1 1 100 1 1 1 1 1 1 1 1 1 1 1 1 1 1 1 1 1 1 1 1 1 1 1 1 1 1 1 1 1 1 1 1 1 1 1 1 1 1 1 1 1 1 1 7 1 1 1 1 1 1 1 1 1 1 1 1 1 1 1 1 1 1 1 1 1 1 7 1 7 1 1 16 15 16 1 16 1 15 10 12 16 15 10 7 12 1 1 1 1 1 1 100 1 1 100 1 100 1 1
ciInstanceKlass java/lang/reflect/Member 1 1 37 100 1 10 12 1 1 100 1 100 1 1 1 1 3 1 3 1 1 1 1 1 1 1 1 1 1 1 1 1 1 1 1 1 1 1 1
instanceKlass jdk/internal/net/http/HttpClientImpl$SelectorManager
instanceKlass java/util/logging/LogManager$Cleaner
instanceKlass com/intellij/rt/execution/application/AppMainV2$1
instanceKlass java/util/concurrent/ForkJoinWorkerThread
instanceKlass jdk/internal/misc/InnocuousThread
instanceKlass java/lang/ref/Finalizer$FinalizerThread
instanceKlass java/lang/ref/Reference$ReferenceHandler
instanceKlass java/lang/BaseVirtualThread
ciInstanceKlass java/lang/Thread 1 1 870 10 7 12 1 1 1 9 12 1 1 10 7 12 1 1 10 12 1 10 100 12 1 1 100 1 8 1 10 12 1 1 9 12 1 9 12 1 1 9 12 1 1 7 1 10 12 1 1 10 12 1 10 7 12 1 1 1 10 12 9 12 1 1 10 12 1 7 1 10 12 1 10 12 1 1 10 12 1 1 10 12 1 10 12 1 1 100 1 8 1 10 9 7 12 1 1 1 10 12 1 1 10 3 8 1 7 1 5 0 10 7 12 1 1 1 9 12 1 10 12 1 1 10 7 12 1 1 1 10 7 12 1 1 1 10 12 1 1 10 12 1 1 9 12 1 1 10 7 1 8 1 10 7 1 10 12 1 9 12 1 1 10 7 12 1 1 1 10 10 12 1 1 9 100 12 1 1 1 10 12 1 1 10 12 1 1 10 7 12 1 1 10 12 1 10 12 1 10 7 12 1 1 9 12 1 10 7 12 1 1 1 10 12 1 1 9 12 1 1 9 12 1 1 10 7 12 1 1 1 9 12 1 1 10 7 12 1 1 10 7 12 1 1 1 10 12 1 10 12 1 10 7 12 1 1 9 12 1 8 1 9 7 12 1 1 9 12 1 1 5 0 100 1 10 100 1 10 100 1 10 7 1 10 8 1 10 12 1 1 10 7 12 1 10 12 1 10 12 1 100 1 8 1 10 10 12 1 10 12 1 1 10 100 12 1 1 1 10 100 12 1 1 1 10 12 1 7 1 9 12 1 1 100 1 10 10 12 1 9 12 1 1 10 12 1 1 10 12 1 1 10 12 1 10 12 1 9 12 1 1 10 10 12 1 1 10 12 1 1 11 7 12 1 1 10 7 12 1 1 9 12 1 9 12 1 1 9 12 1 1 10 100 12 1 1 10 12 1 1 9 100 12 1 1 1 10 100 12 1 1 10 12 1 10 12 1 100 1 10 10 12 9 12 1 1 10 12 1 11 100 12 1 1 10 12 1 10 12 1 10 12 1 9 12 1 10 10 12 1 10 12 1 1 9 12 1 9 12 10 12 1 8 1 10 12 1 10 12 1 10 12 1 10 12 1 10 12 1 1 10 12 1 10 12 1 1 10 12 1 10 12 1 10 12 1 10 12 1 10 12 1 1 9 7 12 1 1 1 8 1 10 9 12 1 10 12 1 7 1 8 1 10 10 12 1 8 1 10 12 1 1 9 12 10 12 8 1 10 10 12 1 10 12 1 8 1 10 12 1 10 8 1 10 100 12 1 1 10 12 1 1 100 1 8 1 10 9 12 1 9 12 1 1 10 12 1 1 10 10 12 1 10 12 1 100 10 7 12 1 1 1 9 12 1 10 12 1 1 10 12 1 1 10 100 12 1 1 1 11 7 12 1 1 1 9 100 12 1 1 1 10 100 12 1 1 1 7 1 10 12 1 100 1 10 12 1 10 12 1 1 10 12 1 1 8 1 9 12 1 10 12 1 10 12 1 1 11 7 12 1 1 1 10 12 1 1 1 1 3 1 3 1 3 1 3 1 1 1 1 1 1 1 1 1 1 1 1 1 1 1 1 1 1 1 1 1 7 1 1 1 1 1 1 1 1 1 1 1 1 1 1 1 1 1 1 1 1 100 1 1 1 1 1 1 1 1 1 1 1 1 1 1 1 1 1 1 7 1 7 1 1 1 1 1 1 1 1 1 1 1 1 1 1 1 1 1 1 1 1 1 1 1 1 1 1 1 1 1 1 1 1 1 1 1 1 1 1 1 1 1 1 1 1 1 1 1 1 1 1 1 1 1 1 1 1 1 1 1 1 1 1 1 1 1 1 1 1 1 1 1 1 1 1 1 100 100 1 1 1 1 1 1 1 1 1 1 1 1 1 1 1 1 1 1 1 1 1 1 1 1 1 1 100 1 100 1 100 1 100 1 100 1 1 100 1 1 1 1 1 1 1 1 1 1 1 1 1 1 1
staticfield java/lang/Thread NEW_THREAD_BINDINGS Ljava/lang/Object; java/lang/Class
staticfield java/lang/Thread EMPTY_STACK_TRACE [Ljava/lang/StackTraceElement; 0 [Ljava/lang/StackTraceElement;
ciInstanceKlass java/lang/Runnable 1 0 11 100 1 100 1 1 1 1 1 1 1
ciInstanceKlass java/net/URL 1 1 771 10 7 12 1 1 1 10 12 1 10 7 12 1 1 9 12 1 1 9 12 1 10 7 12 1 1 1 10 12 1 1 10 12 1 1 9 12 1 1 10 7 12 1 1 1 8 1 10 12 1 1 7 1 10 10 12 1 1 8 1 10 12 1 1 9 12 1 100 1 8 1 10 12 1 10 12 1 8 1 9 12 1 10 12 1 1 9 12 1 10 12 1 10 12 1 9 12 1 9 12 1 8 1 9 12 1 10 12 1 1 8 1 9 12 1 1 10 12 1 1 10 7 12 1 1 1 8 1 10 12 1 7 1 10 12 1 10 12 1 10 12 1 10 12 1 1 10 12 1 1 8 1 10 12 1 1 10 12 1 8 1 9 12 1 8 1 10 12 1 10 7 12 1 1 1 7 1 10 12 1 10 12 1 1 10 7 12 1 1 1 100 1 8 1 10 10 12 1 8 1 10 12 1 1 10 12 1 10 12 1 10 12 1 10 12 1 10 12 1 10 12 1 8 1 10 12 1 8 1 10 10 100 1 10 10 12 1 8 1 10 7 12 1 1 1 10 12 1 9 100 12 1 1 1 10 7 12 1 1 1 9 12 1 1 10 12 1 10 100 12 1 1 1 100 1 100 1 10 12 1 10 12 1 10 12 1 10 12 1 10 12 1 10 12 10 10 12 1 10 12 1 10 12 1 1 8 1 9 100 12 1 1 1 10 100 12 1 1 1 10 12 1 1 9 100 12 1 1 1 10 12 1 1 100 1 10 12 1 10 12 1 10 10 12 1 1 10 12 1 1 10 12 1 10 12 1 10 12 1 10 7 12 1 1 1 10 12 1 1 10 12 1 9 12 1 1 9 12 1 1 7 1 8 1 10 10 12 1 9 12 1 1 10 7 12 1 1 8 1 10 7 12 1 1 8 1 10 12 1 1 10 12 1 8 1 8 1 10 7 12 1 1 1 7 1 10 7 12 1 1 1 10 12 1 10 12 1 7 1 10 9 7 12 1 1 1 10 7 12 1 1 10 12 1 1 10 12 1 8 1 7 1 10 10 7 12 1 1 1 10 12 1 8 9 7 12 1 1 1 10 12 1 1 10 12 1 10 12 1 1 10 7 12 1 1 11 7 12 1 1 10 12 1 10 12 1 9 12 1 10 12 1 1 10 100 12 1 1 10 100 12 1 1 1 8 10 100 12 1 1 100 1 10 8 8 10 12 1 8 8 8 100 1 10 12 1 9 12 1 1 10 12 1 10 12 1 1 10 12 1 10 12 10 12 1 1 10 12 1 1 10 10 10 12 1 10 12 1 10 12 1 10 12 1 10 12 1 10 10 12 1 100 1 8 1 10 10 10 12 1 1 10 12 1 10 12 1 1 8 1 7 1 10 10 7 1 10 12 1 9 7 12 1 1 1 9 12 1 1 7 1 10 10 7 12 1 1 1 7 1 1 1 1 1 5 0 1 1 1 1 1 1 1 1 1 1 1 1 1 1 1 1 1 1 1 1 1 1 1 1 1 1 1 1 1 1 1 1 1 1 1 1 1 1 1 1 1 1 1 1 1 1 1 1 7 1 1 1 1 1 1 1 1 1 1 1 1 1 1 1 1 1 1 1 1 1 1 1 1 1 1 1 1 1 1 1 1 1 1 1 1 1 100 1 1 1 1 1 1 1 1 1 1 1 1 1 1 1 1 1 100 1 1 1 1 1 1 1 1 1 1 1 1 1 1 1 1 1 1 1
staticfield java/net/URL defaultFactory Ljava/net/URLStreamHandlerFactory; java/net/URL$DefaultFactory
staticfield java/net/URL handlers Ljava/util/Hashtable; java/util/Hashtable
staticfield java/net/URL streamHandlerLock Ljava/lang/Object; java/lang/Object
staticfield java/net/URL serialPersistentFields [Ljava/io/ObjectStreamField; 7 [Ljava/io/ObjectStreamField;
ciInstanceKlass java/lang/Module 1 1 1069 10 7 12 1 1 1 9 7 12 1 1 1 10 7 12 1 1 1 9 12 1 9 12 1 1 9 12 1 1 10 12 1 1 10 12 1 10 12 1 1 10 7 12 1 1 1 7 1 10 7 12 1 1 1 10 12 1 1 11 7 12 1 1 1 10 12 1 1 10 7 12 1 1 1 10 12 1 1 10 7 12 1 1 1 9 100 12 1 1 1 10 7 12 1 1 1 10 12 1 8 1 10 7 12 1 1 1 10 7 12 1 1 1 10 7 12 1 1 1 10 12 1 10 12 1 9 12 1 1 10 100 12 1 1 100 1 7 1 10 8 1 10 12 1 1 10 12 1 10 12 10 12 1 10 7 12 1 1 8 1 8 1 10 8 1 8 1 8 1 9 12 1 1 8 1 10 100 12 1 1 1 10 12 1 9 12 1 1 11 12 1 9 7 12 1 1 10 7 12 1 1 1 10 7 12 1 1 1 10 12 1 1 8 1 10 12 1 1 10 12 1 10 12 1 1 9 7 12 1 1 1 10 12 1 1 10 12 1 1 9 12 1 10 12 1 10 12 1 9 12 1 1 11 7 12 1 1 10 12 1 1 9 12 1 9 12 1 10 12 1 10 12 1 100 1 8 1 10 10 12 1 1 10 12 1 8 1 10 12 1 1 8 1 8 1 10 12 1 1 10 12 1 10 12 1 1 18 12 1 1 10 12 1 1 11 12 1 9 12 1 11 12 10 100 12 1 1 100 1 8 1 10 11 12 1 1 10 7 12 1 1 1 10 12 1 10 12 1 1 11 12 1 1 11 7 12 1 1 11 12 1 1 9 12 1 11 12 1 10 12 1 1 10 12 1 1 9 12 1 10 12 10 7 12 1 1 10 7 1 18 12 1 1 11 100 12 1 1 1 18 12 1 11 12 1 1 10 100 12 1 1 1 11 12 1 1 10 7 12 1 1 7 1 11 12 1 7 1 7 1 10 12 1 10 7 12 1 1 1 10 11 7 12 1 8 1 10 10 12 1 1 10 7 12 1 1 10 12 1 10 12 1 7 1 10 12 1 10 11 12 1 1 10 12 10 12 1 1 9 12 1 1 100 1 10 10 12 1 1 11 7 1 10 12 1 1 11 12 1 10 10 12 1 11 10 12 1 1 10 12 1 1 10 12 1 1 10 7 12 1 1 10 12 1 10 12 1 1 10 10 12 1 1 10 12 1 18 12 1 11 12 1 18 12 1 10 12 1 10 12 1 10 12 7 1 10 12 1 10 12 1 10 12 1 9 12 1 7 1 10 10 10 10 12 1 10 12 1 10 12 1 10 12 1 1 10 12 1 1 10 12 1 9 12 1 18 12 1 1 10 7 12 1 1 1 100 1 8 1 10 12 1 1 10 12 1 1 10 7 12 1 1 7 1 10 12 1 1 7 1 8 1 100 1 9 100 12 1 1 1 11 100 12 1 1 10 12 1 1 11 12 1 1 18 12 1 1 11 12 1 1 100 1 10 12 1 10 12 1 1 7 1 7 1 10 12 8 1 10 12 1 1 10 12 1 1 10 7 12 1 1 10 12 1 1 10 12 1 10 12 10 12 1 1 7 1 10 10 12 1 1 10 7 12 1 1 1 100 1 10 12 1 1 10 7 12 1 1 8 1 18 12 1 1 100 1 100 1 9 12 1 1 9 12 1 9 12 1 11 100 12 1 1 1 100 1 11 12 1 1 100 1 10 12 1 8 1 10 12 1 10 12 10 12 1 8 1 10 10 100 12 1 1 7 1 10 10 12 1 10 7 12 1 1 9 12 1 9 12 1 9 12 1 9 12 1 10 12 11 12 1 10 12 1 7 1 1 1 1 1 1 1 1 1 1 1 1 1 1 1 1 1 1 1 100 1 1 1 1 1 1 1 1 1 1 1 1 1 1 1 1 1 1 1 1 1 1 1 1 1 1 1 1 1 1 1 1 1 1 1 1 1 1 1 1 1 1 1 1 1 1 1 1 1 1 1 1 1 1 1 1 1 1 1 1 1 1 1 1 1 1 1 1 1 1 1 1 1 1 1 1 1 1 1 1 1 1 1 1 1 1 1 1 1 1 1 100 100 1 1 1 1 1 1 1 1 1 1 1 1 1 1 1 1 1 1 1 1 1 1 1 1 1 1 1 1 1 100 1 100 1 1 1 1 1 1 1 1 1 1 1 1 1 1 1 1 1 1 1 1 100 1 1 1 1 1 1 1 1 1 1 1 1 1 1 1 1 1 1 1 1 1 1 1 16 15 10 12 16 16 15 10 12 16 16 15 10 16 1 15 10 12 16 1 15 10 12 16 1 16 15 10 12 16 16 1 15 10 12 16 15 10 7 12 1 1 1 15 10 100 12 1 1 1 1 1 1 1 1 1 1 1 1 100 1 100 1 1
staticfield java/lang/Module ALL_UNNAMED_MODULE Ljava/lang/Module; java/lang/Module
staticfield java/lang/Module ALL_UNNAMED_MODULE_SET Ljava/util/Set; java/util/ImmutableCollections$Set12
staticfield java/lang/Module EVERYONE_MODULE Ljava/lang/Module; java/lang/Module
staticfield java/lang/Module EVERYONE_SET Ljava/util/Set; java/util/ImmutableCollections$Set12
staticfield java/lang/Module $assertionsDisabled Z 1
ciInstanceKlass java/lang/StringLatin1 1 1 423 7 1 10 7 12 1 1 1 10 12 1 1 10 7 12 1 1 1 10 7 12 1 1 1 10 12 1 10 12 1 1 7 1 5 0 5 0 10 7 12 1 1 1 10 7 12 1 1 1 10 12 1 1 10 7 12 1 1 1 10 7 12 1 1 1 10 12 1 1 10 12 1 1 10 10 12 1 10 12 1 10 9 7 12 1 1 1 10 12 1 1 10 7 12 1 1 1 10 12 10 12 1 1 10 12 1 1 10 12 1 10 12 1 1 10 12 1 1 10 12 1 10 7 12 1 1 1 10 12 1 10 12 1 9 12 1 1 100 1 10 10 12 1 1 10 7 12 1 1 1 10 12 1 10 12 1 100 1 7 1 8 1 10 12 1 8 1 10 12 1 1 100 1 10 10 12 1 10 7 12 1 1 1 8 1 8 1 8 1 10 12 1 1 10 12 10 100 12 1 1 10 12 1 10 12 1 1 10 12 1 1 10 12 1 1 10 12 1 10 12 10 12 10 12 1 10 12 10 10 12 1 10 12 1 10 12 1 10 100 12 1 1 1 10 100 12 1 1 1 10 12 1 1 10 12 1 1 10 10 7 12 1 1 1 1 1 1 1 1 1 1 1 1 1 1 1 1 1 1 1 1 1 1 1 1 1 1 1 1 1 1 1 1 1 1 1 1 1 1 1 1 1 1 1 1 1 1 1 1 1 1 1 1 1 1 1 1 1 1 1 1 1 1 1 100 1 1 1 1 1 1 1 1 1 1 1 1 1 1 1 1 1 1 1 1 1 1 1 1 1 1 1 1 1 1 1 1 1 1 1 1 1 1 1 1 100 1 1 1 1 1 1 1 1 1 1 1 1 1 1 1 1 1 1 1 1 1 1 1 100 1 1 1 1 1 1 1 1 1 1 1 1 1 1 1 1 1 1 1 1 1 1 1 1 1 1 1 100 1 1 1 1
staticfield java/lang/StringLatin1 $assertionsDisabled Z 1
ciInstanceKlass java/lang/Integer 1 1 442 7 1 7 1 7 1 7 1 10 12 1 1 9 12 1 1 9 12 1 1 10 7 12 1 1 1 10 12 1 1 10 100 12 1 1 1 10 10 12 1 1 10 7 12 1 1 1 10 12 1 10 12 1 1 10 7 12 1 1 1 10 12 1 1 10 12 1 1 10 12 1 10 12 1 10 12 1 1 10 10 12 1 100 1 8 1 10 12 1 8 1 7 1 10 12 1 1 10 12 1 1 8 1 10 12 1 1 8 1 10 12 1 1 10 12 1 1 10 12 1 1 3 3 10 7 12 1 1 1 11 7 1 10 12 1 1 11 10 12 1 1 10 12 1 1 8 1 10 12 1 10 12 1 8 1 7 1 10 12 1 8 1 10 12 1 1 10 12 1 8 1 10 12 1 10 12 1 7 1 9 12 1 1 9 12 1 1 10 12 1 10 7 1 9 12 1 10 12 1 10 12 1 10 12 1 1 10 7 12 1 1 1 100 1 100 1 10 12 1 1 10 12 1 1 8 1 8 1 10 12 1 1 8 1 8 1 8 1 8 1 8 1 8 1 10 12 1 10 12 1 10 12 1 5 0 3 3 3 3 10 12 1 10 12 1 3 10 12 1 10 100 12 1 1 1 10 12 1 1 10 12 1 1 8 1 10 7 12 1 1 1 9 12 1 1 7 1 7 1 7 1 1 1 1 3 1 1 1 3 1 3 1 1 5 0 1 1 1 1 1 1 1 1 1 1 100 1 1 1 1 1 1 1 1 1 1 1 1 1 1 1 1 1 1 1 1 1 1 1 1 1 1 1 1 1 1 1 1 1 1 1 1 1 3 1 1 1 1 1 1 1 1 1 1 1 1 1 1 1 1 7 1 1 1 1 1 1 1 1 1 1 1 1 1 1 1 1 1 1 1 1 1 1 1 1 1 1 1 1 1 1 1 1 1 1 1 1 1 1 1 1 1 1 1 1 1 7 1 1 1 1 1 1 1 1 1 100 1 100 1 1
staticfield java/lang/Integer TYPE Ljava/lang/Class; java/lang/Class
staticfield java/lang/Integer digits [C 36
instanceKlass java/math/BigInteger
instanceKlass java/math/BigDecimal
instanceKlass java/util/concurrent/atomic/Striped64
instanceKlass java/util/concurrent/atomic/AtomicLong
instanceKlass java/util/concurrent/atomic/AtomicInteger
instanceKlass java/lang/Long
instanceKlass java/lang/Integer
instanceKlass java/lang/Short
instanceKlass java/lang/Byte
instanceKlass java/lang/Double
instanceKlass java/lang/Float
ciInstanceKlass java/lang/Number 1 1 37 10 7 12 1 1 1 10 100 12 1 1 1 100 1 1 1 1 5 0 1 1 1 1 1 1 1 1 1 1 1 1 1 1 1 1 1
ciInstanceKlass jdk/internal/util/ArraysSupport 1 1 378 7 1 7 1 8 1 10 12 1 1 10 12 1 1 10 7 12 1 1 9 7 12 1 1 1 9 12 1 1 10 7 12 1 1 1 9 12 1 1 10 7 12 1 1 1 9 12 1 10 12 9 12 1 10 12 1 1 10 12 7 1 10 12 1 1 10 12 1 100 1 10 12 1 1 10 12 100 1 10 12 1 100 1 10 12 1 100 1 7 1 10 8 1 10 12 1 1 10 12 1 10 12 1 1 10 9 12 1 1 11 100 12 1 1 1 9 12 1 9 12 1 10 12 1 1 9 12 1 9 12 1 9 12 1 9 12 1 9 12 1 9 12 1 9 12 1 10 12 1 1 10 7 12 1 1 1 9 12 1 9 12 1 10 12 1 1 10 12 1 9 12 1 10 12 1 10 7 12 1 1 1 9 12 1 9 12 1 10 12 1 10 12 1 10 7 12 1 1 1 3 10 12 1 7 1 8 1 8 1 8 1 10 10 100 12 1 1 1 11 7 12 1 1 1 10 12 1 10 7 12 1 1 1 10 12 1 1 10 12 1 1 9 12 1 10 12 1 9 12 1 9 12 1 9 12 1 9 12 1 9 12 1 9 12 1 9 12 1 7 1 10 7 12 1 1 1 1 1 3 1 3 1 3 1 3 1 3 1 3 1 3 1 3 1 1 1 1 1 1 1 1 1 1 1 1 1 1 1 1 1 1 1 1 1 1 1 1 1 1 1 1 1 1 1 1 1 1 1 1 1 1 1 1 1 1 1 1 1 1 1 1 1 1 1 1 1 1 1 1 1 1 1 1 1 1 1 1 1 1 1 1 1 1 1 1 1 1 1 1 1 1 1 100 1 1 1 1
staticfield jdk/internal/util/ArraysSupport U Ljdk/internal/misc/Unsafe; jdk/internal/misc/Unsafe
staticfield jdk/internal/util/ArraysSupport BIG_ENDIAN Z 0
staticfield jdk/internal/util/ArraysSupport LOG2_ARRAY_BOOLEAN_INDEX_SCALE I 0
staticfield jdk/internal/util/ArraysSupport LOG2_ARRAY_BYTE_INDEX_SCALE I 0
staticfield jdk/internal/util/ArraysSupport LOG2_ARRAY_CHAR_INDEX_SCALE I 1
staticfield jdk/internal/util/ArraysSupport LOG2_ARRAY_SHORT_INDEX_SCALE I 1
staticfield jdk/internal/util/ArraysSupport LOG2_ARRAY_INT_INDEX_SCALE I 2
staticfield jdk/internal/util/ArraysSupport LOG2_ARRAY_LONG_INDEX_SCALE I 3
staticfield jdk/internal/util/ArraysSupport LOG2_ARRAY_FLOAT_INDEX_SCALE I 2
staticfield jdk/internal/util/ArraysSupport LOG2_ARRAY_DOUBLE_INDEX_SCALE I 3
staticfield jdk/internal/util/ArraysSupport LOG2_BYTE_BIT_SIZE I 3
staticfield jdk/internal/util/ArraysSupport JLA Ljdk/internal/access/JavaLangAccess; java/lang/System$2
ciInstanceKlass java/lang/Character 1 1 604 7 1 7 1 100 1 9 12 1 1 8 1 9 12 1 1 7 1 9 12 1 1 10 7 12 1 1 1 10 100 12 1 1 1 10 100 12 1 1 1 10 7 12 1 1 1 9 7 12 1 1 1 10 12 1 10 12 1 1 10 12 1 1 10 7 12 1 1 10 12 1 1 3 3 3 3 3 10 12 1 1 10 12 1 3 11 7 12 1 1 1 11 12 1 1 10 12 1 1 10 12 1 1 100 1 10 10 12 1 3 10 12 1 1 10 12 1 10 12 1 1 100 1 8 1 10 12 1 1 10 12 1 10 12 1 10 12 1 10 100 12 1 1 1 10 12 1 10 12 1 10 12 1 1 10 12 1 10 7 12 1 1 10 10 12 1 10 10 12 1 10 12 1 1 10 12 1 10 10 12 1 10 12 1 10 12 1 10 12 1 10 12 1 10 12 1 10 12 1 10 12 10 10 12 10 10 12 1 10 10 12 1 10 10 12 1 10 10 12 1 10 12 1 10 12 1 10 12 1 10 12 1 10 12 1 10 12 1 10 10 12 1 10 10 12 1 10 10 12 1 1 10 10 12 1 10 5 0 10 12 1 10 12 1 10 10 12 1 10 10 12 1 1 10 10 12 1 10 10 12 1 9 12 1 1 100 1 10 10 12 1 10 12 1 1 3 10 100 12 1 1 1 10 12 1 10 100 12 1 1 7 1 10 10 12 1 1 10 12 1 1 10 12 1 1 8 1 10 12 1 9 100 12 1 1 1 10 12 1 10 10 12 1 10 12 1 1 10 12 1 10 10 12 1 1 10 10 12 1 1 7 1 8 1 10 12 1 1 10 7 12 1 1 1 8 1 10 12 1 1 9 12 1 1 7 1 7 1 7 1 1 1 1 3 1 3 1 3 1 3 1 1 1 1 1 3 1 1 3 1 3 1 3 1 3 1 3 1 3 1 3 1 3 1 3 1 3 1 3 1 3 1 3 1 3 1 3 1 3 1 3 1 3 1 3 1 3 1 3 1 3 1 3 1 3 1 3 1 3 1 3 1 3 1 1 1 1 1 1 1 1 1 1 1 1 1 1 1 1 1 1 1 3 1 1 1 1 1 1 1 3 1 1 3 1 1 1 1 1 3 1 1 5 0 1 1 1 1 1 1 1 1 1 1 1 1 1 1 1 1 1 1 1 1 1 1 1 1 1 1 1 1 1 1 1 1 1 1 1 1 1 1 1 1 1 1 1 1 1 1 1 1 1 1 1 1 1 1 1 1 1 1 1 1 1 1 1 1 1 1 1 1 1 1 1 1 1 1 1 1 1 1 1 1 1 1 1 1 1 1 1 1 1 1 100 1 100 1 1 1 1 1 1
staticfield java/lang/Character TYPE Ljava/lang/Class; java/lang/Class
staticfield java/lang/Character $assertionsDisabled Z 1
ciInstanceKlass java/lang/OutOfMemoryError 1 1 26 10 100 12 1 1 1 10 12 1 100 1 1 1 1 5 0 1 1 1 1 1 1 1 1 1
ciMethod java/lang/StringLatin1 equals ([B[B)Z 728 526 6323 0 -1
ciMethod java/lang/StringLatin1 hashCode ([B)I 236 0 5295 0 624
ciMethod java/lang/StringLatin1 charAt ([BI)C 990 0 327154 0 0
ciInstanceKlass java/lang/StringUTF16 1 1 640 7 1 7 1 10 7 12 1 1 1 100 1 10 7 1 3 7 1 7 1 10 8 1 10 12 1 1 10 12 1 8 1 10 12 1 1 10 12 1 9 12 1 1 10 12 1 1 100 1 8 1 10 12 1 9 12 1 1 9 12 1 10 10 12 1 1 10 12 1 1 10 7 12 1 1 1 10 12 1 10 12 1 1 10 12 1 1 10 12 1 1 10 12 1 1 10 12 1 10 12 1 1 10 12 1 1 10 12 1 1 10 12 1 1 10 12 1 1 10 12 1 10 12 1 1 10 100 12 1 1 1 10 12 1 1 10 100 12 1 1 1 10 12 1 1 10 12 1 10 12 1 1 10 12 1 1 10 12 1 1 10 12 1 10 12 1 100 1 10 12 1 10 10 12 1 10 12 1 1 10 12 1 10 100 12 1 1 1 10 12 1 1 10 12 10 12 1 1 10 12 1 10 12 1 1 10 12 1 10 12 1 10 12 1 10 12 1 100 1 10 12 1 1 10 12 1 3 10 12 1 1 10 12 1 10 12 1 10 12 1 10 12 1 10 12 1 10 12 1 1 9 12 1 10 12 1 10 12 10 12 1 1 10 12 1 10 12 1 10 12 1 10 10 12 10 12 10 10 12 1 1 10 12 1 10 12 1 10 12 1 100 1 8 1 8 1 10 12 1 1 100 1 10 10 7 12 1 1 1 10 100 12 1 1 8 1 8 1 8 1 10 12 1 1 10 12 1 1 10 12 10 100 12 1 1 10 12 1 1 10 12 1 1 10 12 1 10 12 10 12 10 12 1 10 12 10 12 1 10 12 1 10 12 1 10 12 1 10 100 12 1 1 1 10 100 12 1 1 1 10 12 1 1 10 12 1 1 11 7 12 1 1 10 12 1 10 12 1 10 12 1 1 10 12 1 5 0 5 0 10 100 12 1 1 1 10 12 1 10 12 10 12 10 7 12 1 1 1 10 12 1 1 1 1 1 1 1 1 1 1 1 1 1 1 1 1 1 1 1 1 1 1 1 1 1 1 1 1 1 1 100 1 1 1 1 1 1 1 1 1 1 1 1 1 1 1 1 1 1 1 1 1 1 1 1 1 1 1 1 1 1 1 1 1 1 1 1 1 1 1 1 1 1 1 1 1 1 1 1 1 1 1 1 1 1 1 1 1 1 1 1 1 1 1 1 1 1 1 1 1 1 1 1 1 1 1 1 1 1 1 1 1 1 1 1 1 1 1 1 1 1 100 1 1 1 1 1 1 1 1 1 1 1 1 1 1 1 1 1 100 1 1 1 1 1 1 1 1 1 1 1 1 1 1 1 1 1 1 1 1 1 1 1 1 1 1 1 1 1 1 1 1 1 1 1 1 1 1 1 1 1 1 1 1 1 1 1 1 1 1 1 1 1 1 1 1 1 1 1 1 1 100 1 100 1 1 1 1 1
staticfield java/lang/StringUTF16 HI_BYTE_SHIFT I 0
staticfield java/lang/StringUTF16 LO_BYTE_SHIFT I 8
staticfield java/lang/StringUTF16 $assertionsDisabled Z 1
ciMethod java/lang/StringUTF16 checkIndex (I[B)V 0 0 12 0 -1
ciMethod java/lang/StringUTF16 hashCode ([B)I 0 0 1 0 -1
ciMethod java/lang/StringUTF16 compress ([CII)[B 228 0 4980 0 -1
ciMethod java/lang/StringUTF16 compress ([BI[BII)I 0 0 1 0 -1
ciMethod java/lang/StringUTF16 compress ([CI[BII)I 228 18024 1758 0 -1
ciMethod java/lang/StringUTF16 toBytes ([CII)[B 0 0 1 0 -1
ciMethod java/lang/StringUTF16 getChar ([BI)C 512 0 11522 0 -1
ciMethod java/lang/StringUTF16 coderFromArrayLen ([BI)B 192 0 4984 0 -1
ciMethod java/lang/StringUTF16 charAt ([BI)C 0 0 12 0 0
ciInstanceKlass java/lang/Thread$FieldHolder 1 1 48 10 7 12 1 1 1 9 7 12 1 1 1 9 12 1 1 9 12 1 1 9 12 1 1 9 12 1 1 1 1 1 1 1 1 1 1 100 1 100 1 1 1 1 100 1 1 1
ciInstanceKlass java/lang/Thread$Constants 0 0 59 7 1 10 7 12 1 1 1 100 1 10 10 7 12 1 1 1 7 1 8 1 10 12 1 9 7 12 1 1 1 7 1 7 1 10 12 1 10 12 1 9 12 1 1 1 1 1 1 1 1 1 1 1 1 1 1 1 1
ciInstanceKlass java/lang/ThreadGroup 1 1 411 10 7 12 1 1 1 9 7 12 1 1 1 8 1 9 12 1 1 7 1 9 12 1 1 9 12 1 1 10 7 12 1 1 1 10 12 1 1 10 12 1 10 12 1 10 12 1 10 12 1 1 10 12 1 1 10 12 1 10 12 1 1 10 12 1 10 12 1 10 100 12 1 1 1 10 12 1 1 18 12 1 1 11 7 12 1 1 1 10 7 12 1 1 1 10 7 12 1 10 12 1 1 10 12 1 1 10 12 1 1 10 100 12 1 1 1 10 12 1 11 12 1 1 11 7 12 1 1 11 12 1 1 10 12 1 1 10 12 1 10 12 1 11 12 1 11 12 1 1 100 1 10 10 12 1 100 1 10 18 12 1 1 11 7 12 1 1 1 11 12 1 1 9 12 1 1 10 12 1 1 8 1 10 7 12 1 1 1 10 100 12 1 1 1 10 12 1 1 11 12 10 12 1 1 10 12 1 1 11 7 1 9 12 1 7 1 10 8 1 10 12 1 1 10 12 1 1 8 1 10 12 1 10 7 12 1 1 1 10 12 1 1 10 7 1 8 1 10 8 1 10 12 1 10 12 1 8 1 9 12 1 1 9 12 1 10 100 12 1 1 1 100 9 12 1 1 7 1 9 12 1 10 12 10 12 1 1 100 10 12 9 12 1 10 12 1 100 1 10 11 12 1 1 7 1 10 10 12 1 10 12 1 1 1 1 1 1 1 1 1 1 1 1 1 1 1 1 1 1 3 1 1 1 1 1 1 1 1 1 1 1 1 100 1 1 1 1 1 1 1 1 1 1 1 1 1 1 1 1 1 1 1 1 1 1 1 1 1 1 1 1 1 1 1 1 1 1 1 1 1 1 1 1 1 1 1 16 15 10 12 16 16 15 10 12 16 15 10 100 12 1 1 1 1 1 100 1 100 1 1
staticfield java/lang/ThreadGroup $assertionsDisabled Z 1
ciInstanceKlass java/lang/Thread$UncaughtExceptionHandler 1 0 16 100 1 100 1 1 1 1 1 1 1 1 100 1 1 1
ciInstanceKlass java/security/AccessControlContext 1 1 375 9 7 12 1 1 1 9 12 1 1 10 100 12 1 1 1 8 1 10 100 12 1 1 1 10 7 12 1 1 1 9 12 1 9 12 1 1 9 12 1 1 10 7 12 1 1 7 1 10 12 1 11 7 12 1 1 1 11 12 1 11 12 1 11 12 1 1 7 1 11 12 1 1 10 12 1 10 7 12 1 1 1 9 100 12 1 1 1 10 7 12 1 1 1 11 100 12 1 1 1 10 7 1 100 1 8 1 10 12 1 10 12 1 1 7 1 10 7 12 1 1 1 9 12 1 9 12 1 9 12 1 9 12 1 1 9 12 1 1 9 12 1 9 12 1 10 7 12 1 1 1 9 12 1 10 12 1 1 10 12 1 1 8 1 10 12 1 1 10 12 1 1 10 7 12 1 1 1 7 1 10 10 12 1 1 10 7 12 1 1 1 10 8 1 10 7 12 1 1 8 1 10 7 12 1 1 8 1 8 1 10 12 1 8 1 10 12 1 8 1 10 12 1 10 12 1 10 12 1 1 8 1 8 1 100 1 10 12 1 10 12 1 1 100 1 10 12 1 8 1 10 12 1 10 12 1 10 8 1 10 12 1 1 10 12 1 1 10 12 1 1 10 12 1 1 10 12 1 10 12 1 11 10 12 1 10 12 1 1 10 10 10 12 1 1 1 1 1 1 1 1 1 1 1 1 1 1 1 1 1 1 1 1 1 1 1 1 100 1 1 1 1 1 1 1 1 1 1 1 1 1 1 1 1 1 1 1 1 1 1 1 1 1 1 1 1 1 1 1 1 1 1 1 1 1 1 1 1 1 1 1 1 1 1 1 1 1 1 1 1 1 3 1 1
instanceKlass java/lang/ThreadBuilders$BoundVirtualThread
instanceKlass java/lang/VirtualThread
ciInstanceKlass java/lang/BaseVirtualThread 0 0 36 10 100 12 1 1 1 100 1 1 1 1 1 1 1 1 1 1 1 1 1 1 1 1 1 1 1 1 100 1 100 1 1 100 1 1
ciInstanceKlass java/lang/VirtualThread 0 0 910 9 7 12 1 1 1 10 7 12 1 1 1 10 100 12 1 1 1 10 7 12 1 1 1 9 12 1 1 9 12 1 1 100 1 10 12 1 9 12 1 1 18 12 1 1 9 12 1 1 10 12 1 1 100 1 10 12 1 10 12 1 1 10 12 1 1 10 12 1 1 10 12 1 10 7 12 1 10 12 1 10 12 1 10 12 1 10 12 1 11 100 12 1 1 1 100 1 10 12 1 1 10 100 12 1 1 1 10 100 12 1 1 1 10 12 1 100 1 10 10 12 1 10 12 1 1 9 12 1 1 10 12 1 1 9 12 1 1 10 12 1 9 12 1 1 9 12 1 100 1 10 10 12 1 10 100 12 1 1 10 9 10 10 12 1 1 10 12 1 1 10 100 12 1 1 10 100 1 10 9 10 10 12 1 7 1 10 12 1 1 10 12 1 10 12 1 10 12 1 1 9 12 1 10 12 1 10 12 1 9 12 1 1 10 12 1 10 12 1 9 12 1 1 10 12 1 10 12 1 10 12 1 11 100 12 1 1 10 12 1 1 10 12 1 1 10 12 1 1 9 12 1 10 100 1 10 12 1 1 10 12 1 1 10 12 1 10 12 1 10 12 1 10 12 9 12 1 1 10 100 12 1 1 10 12 1 10 12 1 1 10 100 12 1 1 10 12 1 100 1 8 1 10 12 1 10 12 1 1 10 12 1 10 12 1 10 100 12 1 1 10 12 1 10 12 1 1 10 12 1 10 12 1 1 10 7 12 1 1 10 12 1 1 10 12 1 1 100 1 10 10 12 1 7 1 9 12 1 1 10 7 12 1 1 10 9 12 1 1 18 9 100 12 1 1 1 11 100 12 1 1 1 11 100 1 11 12 10 12 1 10 12 1 10 12 1 1 10 12 1 100 1 10 10 12 1 10 12 1 1 10 12 1 1 10 12 1 10 12 1 10 12 1 9 12 1 1 11 100 12 1 1 10 12 9 100 12 1 1 1 9 12 1 10 12 1 1 9 12 1 9 12 1 9 12 1 7 1 10 10 12 1 1 10 12 1 10 12 7 1 7 1 10 8 1 10 12 1 1 10 12 1 10 12 1 10 10 12 1 8 1 10 10 12 1 10 12 1 10 7 12 1 1 8 1 8 1 10 9 100 12 1 1 1 10 12 1 1 10 12 1 10 10 10 12 9 12 1 10 12 1 1 9 12 1 10 12 1 1 9 12 1 10 12 1 1 18 12 1 1 18 12 1 10 7 12 1 1 1 8 1 10 100 12 1 1 1 10 7 12 1 1 1 18 12 1 10 100 12 1 1 1 100 1 10 12 1 8 1 10 12 1 8 1 10 12 1 1 8 1 8 1 10 100 12 1 1 8 1 10 12 1 8 1 8 1 10 100 12 1 1 1 10 12 1 10 12 1 1 10 12 1 18 12 1 1 18 12 1 1 5 0 9 12 1 10 12 1 18 12 1 100 1 10 12 10 7 12 1 1 10 12 1 1 7 1 8 1 10 10 12 1 10 12 1 1 10 12 1 9 12 1 8 10 12 1 1 8 8 9 12 1 8 10 12 1 1 3 1 3 1 3 1 3 1 3 1 3 1 3 1 3 1 3 1 3 1 3 1 3 3 1 3 1 1 1 1 1 1 1 1 1 1 1 1 1 1 7 1 1 1 1 1 1 1 1 1 1 1 1 1 1 7 1 1 1 1 1 1 1 1 1 1 1 7 1 1 1 1 1 1 1 1 1 1 1 1 1 1 1 1 1 1 1 1 1 1 1 1 1 1 1 1 1 1 1 1 1 1 1 1 1 1 1 100 1 1 1 1 1 1 1 1 1 1 1 1 1 1 1 1 1 1 1 1 1 1 1 1 1 1 1 1 1 1 1 1 1 1 1 100 1 1 1 1 1 1 1 1 1 1 1 1 1 1 100 1 1 16 15 10 12 15 16 15 10 12 16 15 10 12 16 16 15 10 12 16 15 10 12 16 15 10 12 16 15 10 12 16 1 15 10 100 12 1 1 1 1 1 1 1 7 1 1 100 1 100 1 1
ciInstanceKlass java/lang/ThreadBuilders$BoundVirtualThread 0 0 132 10 7 12 1 1 1 9 7 12 1 1 1 10 7 12 1 1 1 9 12 1 1 10 12 1 1 10 12 1 1 9 12 1 1 10 7 12 1 1 1 10 12 1 1 7 1 8 1 10 12 1 10 12 1 1 10 12 1 1 10 12 1 1 10 7 12 1 1 1 8 1 10 12 1 8 1 10 12 1 1 10 100 12 1 1 9 100 12 1 1 1 10 12 1 1 10 10 12 1 1 1 1 1 1 1 1 1 1 1 1 1 1 1 1 1 1 1 1 1 1 1 1 1 1 1 1 100 1 1 1 1
ciInstanceKlass jdk/internal/vm/ContinuationScope 0 0 50 10 100 12 1 1 1 10 100 12 1 1 1 100 1 9 100 12 1 1 1 10 12 1 1 10 100 12 1 1 1 10 12 1 1 10 12 1 1 1 1 1 1 1 1 1 1 1 1 1
ciInstanceKlass jdk/internal/vm/StackChunk 0 0 34 10 100 12 1 1 1 9 100 12 1 1 1 9 12 1 1 9 12 1 9 12 1 1 1 1 1 1 1 1 1 1 1 1
ciInstanceKlass java/lang/Float 1 1 279 7 1 7 1 10 100 12 1 1 1 10 100 12 1 1 1 4 7 1 10 12 1 1 10 12 1 1 8 1 8 1 10 7 12 1 1 1 10 12 1 1 10 12 1 1 10 100 1 4 10 7 12 1 1 9 12 1 1 10 12 1 1 10 12 1 10 10 12 1 1 10 12 1 10 12 1 3 3 100 1 4 4 4 3 10 12 1 1 9 12 1 1 100 1 10 3 3 4 4 10 12 1 3 3 3 10 12 1 1 10 12 1 1 10 12 1 10 100 12 1 1 1 10 12 1 1 10 12 1 1 10 7 12 1 1 1 8 1 10 12 1 1 9 12 1 1 7 1 7 1 7 1 1 1 1 4 1 4 1 1 1 4 1 1 3 1 3 1 3 1 3 1 3 1 1 1 1 5 0 1 1 1 1 1 1 1 1 1 1 100 1 1 1 1 1 1 1 1 1 1 1 1 1 3 1 1 1 1 1 1 1 1 1 1 1 1 1 1 1 1 1 1 1 1 1 1 1 1 1 1 1 1 1 1 1 1 1 1 1 1 1 1 1 1 1 1 1 1 1 1 1 1 1 1 1 1 1 1 1 1 1 1 1 1 1 7 1 1 1 1 1 1 1 100 1 100 1 1
staticfield java/lang/Float TYPE Ljava/lang/Class; java/lang/Class
staticfield java/lang/Float $assertionsDisabled Z 1
ciInstanceKlass java/lang/Double 1 1 290 7 1 7 1 10 100 12 1 1 1 10 12 1 1 10 7 1 10 12 1 1 10 100 12 1 1 1 6 0 8 1 10 12 1 1 8 1 10 12 1 1 8 1 6 0 10 12 1 1 100 1 5 0 5 0 8 1 8 1 10 7 12 1 1 1 10 7 12 1 1 1 8 1 10 12 1 1 8 1 8 1 8 1 10 12 1 1 10 12 1 10 12 1 1 10 12 1 10 12 1 10 12 1 1 10 12 1 10 7 1 6 0 10 7 12 1 1 9 12 1 1 10 12 1 10 12 1 10 12 1 10 12 1 10 12 1 5 0 10 12 1 1 10 12 1 10 12 1 10 100 12 1 1 1 10 12 1 1 10 12 1 1 8 1 10 7 12 1 1 1 9 12 1 1 7 1 7 1 7 1 1 1 6 0 1 6 0 1 6 0 1 1 1 6 0 1 1 3 1 3 1 3 1 3 1 3 1 1 1 1 5 0 1 1 1 1 1 1 1 1 1 1 1 1 1 1 1 1 100 1 1 1 1 1 1 1 1 1 1 1 1 3 1 1 1 1 1 1 1 1 1 1 1 1 1 1 1 1 1 1 1 1 1 1 1 1 1 1 1 1 1 1 1 1 1 1 7 1 1 1 1 1 1 1 100 1 100 1 1
staticfield java/lang/Double TYPE Ljava/lang/Class; java/lang/Class
ciInstanceKlass java/lang/Byte 1 1 213 7 1 100 1 10 7 12 1 1 1 9 12 1 1 8 1 9 12 1 1 7 1 10 12 1 1 10 12 1 1 10 100 12 1 1 1 10 100 12 1 1 1 9 100 12 1 1 1 10 12 1 1 100 1 7 1 10 12 1 1 8 1 10 12 1 1 8 1 10 12 1 10 12 1 10 12 1 10 12 1 1 10 12 1 10 12 1 10 12 1 1 10 8 1 8 1 10 7 1 9 12 1 1 10 12 1 1 10 12 1 1 10 12 1 1 10 12 1 5 0 10 12 1 1 8 1 10 7 12 1 1 1 9 12 1 1 7 1 7 1 1 1 3 1 3 1 1 1 1 3 1 3 1 1 5 0 1 1 1 1 1 1 1 1 1 1 1 1 1 1 1 1 1 1 1 1 1 1 1 1 1 1 1 1 1 1 1 1 1 1 1 1 1 1 1 1 1 1 1 1 1 1 1 1 1 1 1 1 1 1 1 1
staticfield java/lang/Byte TYPE Ljava/lang/Class; java/lang/Class
ciInstanceKlass java/lang/Short 1 1 222 7 1 7 1 100 1 10 7 12 1 1 1 10 12 1 1 100 1 7 1 10 12 1 1 8 1 10 12 1 1 8 1 10 12 1 10 12 1 10 12 1 10 12 1 1 10 12 1 1 10 12 1 9 12 1 1 8 1 9 12 1 1 7 1 10 12 1 1 10 12 1 10 100 12 1 1 1 10 100 12 1 1 1 9 100 12 1 1 1 10 12 1 10 12 1 1 10 8 1 8 1 10 7 1 9 12 1 1 10 12 1 1 10 12 1 1 10 12 1 1 10 12 1 3 3 5 0 10 12 1 1 8 1 10 7 12 1 1 1 9 12 1 1 7 1 7 1 1 1 3 1 3 1 1 1 1 3 1 3 1 1 5 0 1 1 1 1 1 1 1 1 1 1 1 1 1 1 1 1 1 1 1 1 1 1 1 1 1 1 1 3 1 1 1 1 1 1 1 1 1 1 1 1 1 1 1 1 1 1 1 1 1 1 1 1 1 1 1 1 1 1
staticfield java/lang/Short TYPE Ljava/lang/Class; java/lang/Class
ciInstanceKlass java/lang/Long 1 1 506 7 1 7 1 7 1 7 1 10 12 1 1 9 12 1 1 9 7 12 1 1 1 10 7 12 1 1 1 10 12 1 1 10 100 12 1 1 1 10 10 12 10 12 1 10 12 1 10 12 1 5 0 5 0 7 1 10 12 1 1 10 12 1 1 10 12 1 10 12 1 10 12 1 10 12 1 1 10 100 12 1 1 10 12 1 10 12 1 1 10 12 1 1 10 12 1 1 10 12 1 1 10 7 12 1 1 1 10 12 1 1 10 12 1 10 12 1 10 12 1 10 12 1 1 10 10 12 1 5 0 100 1 8 1 10 12 1 8 1 7 1 10 12 1 10 12 1 1 8 1 10 12 1 1 8 1 10 12 1 1 10 12 1 1 10 12 1 1 5 0 5 0 10 100 12 1 1 1 11 7 1 10 12 1 1 11 10 12 1 1 10 12 1 1 8 1 5 0 10 12 1 1 10 12 1 1 8 1 8 1 10 12 1 8 1 10 12 1 10 12 1 5 0 5 0 9 7 12 1 1 1 10 12 1 10 12 1 1 8 1 8 1 10 12 1 1 8 1 8 1 8 1 8 1 8 1 8 1 10 12 1 10 12 1 10 7 1 9 12 1 1 10 12 1 10 12 1 1 10 12 1 1 10 7 12 1 1 1 100 1 100 1 10 12 1 1 10 12 1 10 12 1 10 12 1 5 0 5 0 5 0 10 12 1 1 10 12 1 5 0 5 0 10 12 10 12 1 10 100 12 1 1 1 10 12 1 1 10 12 1 1 8 1 10 7 12 1 1 1 9 12 1 1 7 1 7 1 7 1 1 1 1 5 0 1 1 1 1 3 1 3 1 5 0 1 1 1 1 1 1 1 1 1 1 100 1 1 1 1 1 1 1 1 1 1 1 1 1 1 1 1 1 1 1 1 1 1 1 1 1 1 1 1 1 1 1 1 1 1 1 1 1 1 1 1 1 1 1 1 1 3 1 1 1 1 1 1 1 1 1 1 1 1 1 1 1 7 1 1 1 1 1 1 1 1 1 1 1 1 1 1 1 1 1 1 1 1 1 1 1 1 1 1 1 1 1 1 1 1 1 1 1 1 1 1 1 1 1 1 1 7 1 1 1 1 1 1 1 1 1 100 1 100 1 1
staticfield java/lang/Long TYPE Ljava/lang/Class; java/lang/Class
ciInstanceKlass jdk/internal/vm/vector/VectorSupport 0 0 575 100 1 10 100 12 1 1 1 9 12 1 1 10 12 1 1 100 1 10 12 1 11 100 12 1 1 1 11 100 12 1 1 1 11 100 12 1 1 11 100 12 1 1 11 100 12 1 1 1 11 100 12 1 1 11 100 12 1 1 11 100 12 1 1 11 100 12 1 1 11 100 12 1 1 11 100 12 1 1 11 100 12 1 1 1 11 100 12 1 1 11 100 12 1 1 1 11 100 12 1 1 1 11 100 12 1 1 11 100 12 1 1 1 11 100 12 1 1 100 1 10 12 1 1 11 100 12 1 1 11 100 12 1 1 11 100 12 1 1 11 100 12 1 1 11 100 12 1 1 11 100 12 1 1 9 12 1 1 10 100 12 1 1 11 100 12 1 1 10 12 1 1 10 100 12 1 1 1 10 12 1 10 12 1 1 10 12 1 1 1 1 1 3 1 3 1 3 1 3 1 3 1 3 1 3 1 3 1 3 1 3 1 3 1 3 1 3 1 3 1 3 1 3 1 3 1 3 1 3 1 3 1 3 1 3 1 3 1 3 1 3 1 3 1 3 1 3 1 3 1 3 1 3 1 3 1 3 1 3 1 3 1 3 1 3 1 3 1 3 1 3 1 3 1 3 1 3 1 3 1 3 1 3 1 3 1 3 1 3 1 3 1 3 1 3 1 3 1 1 1 1 1 1 1 1 1 1 1 1 1 1 1 1 1 1 1 1 1 1 1 1 1 1 1 1 1 1 1 1 1 1 1 1 1 1 1 1 1 1 1 1 1 1 1 1 1 1 1 1 1 1 1 1 1 1 1 1 1 1 1 1 1 1 1 1 1 1 1 1 1 1 1 1 1 1 1 1 1 1 1 1 1 1 1 1 1 1 1 1 1 1 1 1 1 1 1 1 1 1 1 1 1 1 1 1 1 1 1 1 1 1 1 1 1 1 1 1 1 1 1 1 1 1 1 1 1 1 1 1 1 1 1 1 1 1 1 1 1 1 1 1 1 1 1 1 1 1 1 1 1 1 1 1 1 1 1 1 1 1 1 1 1 1 1 1 1 1 1 1 1 1 1 1 1 1 1 1 1 1 1 1 1 1 1 1 1 1 1 1 1 1 1 1 1 1 1 1 1 1 1 1 1 1 1 1 1 1 1 1 1 1 1 1 1 1 1 1 1 1 1 1 1 1 1 1 1 1 1 1 1 1 1 1 1 100 1 100 1 100 1 100 1 100 1 1 1 1 1 1 1 1 1 1 1 1 1 1 1 1 1 1 1 1 1 1 1 1 1 1 1 1 1 1 1
instanceKlass jdk/internal/vm/vector/VectorSupport$VectorShuffle
instanceKlass jdk/internal/vm/vector/VectorSupport$VectorMask
instanceKlass jdk/internal/vm/vector/VectorSupport$Vector
ciInstanceKlass jdk/internal/vm/vector/VectorSupport$VectorPayload 0 0 32 10 100 12 1 1 1 9 100 12 1 1 1 10 100 12 1 1 1 1 1 1 1 1 1 1 1 1 1 1 1 1
ciInstanceKlass jdk/internal/vm/vector/VectorSupport$Vector 0 0 28 10 100 12 1 1 1 100 1 1 1 1 1 1 1 1 1 1 1 1 1 1 1 100 1 1 1 1
ciInstanceKlass jdk/internal/vm/vector/VectorSupport$VectorMask 0 0 28 10 100 12 1 1 1 100 1 1 1 1 1 1 1 1 1 1 1 1 1 1 1 100 1 1 1 1
ciInstanceKlass jdk/internal/vm/vector/VectorSupport$VectorShuffle 0 0 28 10 100 12 1 1 1 100 1 1 1 1 1 1 1 1 1 1 1 1 1 1 1 100 1 1 1 1
ciInstanceKlass jdk/internal/vm/FillerObject 0 0 16 10 100 12 1 1 1 100 1 1 1 1 1 1 1 1
instanceKlass java/lang/ref/PhantomReference
instanceKlass java/lang/ref/FinalReference
instanceKlass java/lang/ref/WeakReference
instanceKlass java/lang/ref/SoftReference
ciInstanceKlass java/lang/ref/Reference 1 1 190 9 7 12 1 1 1 9 7 12 1 1 10 12 1 1 10 12 1 1 9 12 1 1 10 12 1 1 9 12 1 1 9 12 1 1 7 1 10 12 1 10 7 12 1 1 10 12 1 10 12 1 1 10 12 1 7 1 8 1 10 12 1 1 7 1 10 12 1 1 10 12 1 1 10 12 1 9 12 1 10 12 1 1 10 12 1 10 12 1 9 12 1 7 1 100 1 10 12 9 12 1 9 12 1 100 1 10 10 12 1 10 10 7 12 1 1 7 1 10 10 7 12 1 1 1 1 1 1 1 1 1 1 1 1 1 1 1 1 1 1 1 7 1 1 1 100 1 1 1 1 1 1 1 1 1 1 1 1 1 1 1 1 1 1 1 1 1 1 1 1 1 1 1 1 1 1 1 1 1 1 1 7 1 7 1 7 1 1 1
staticfield java/lang/ref/Reference processPendingLock Ljava/lang/Object; java/lang/Object
staticfield java/lang/ref/Reference $assertionsDisabled Z 1
ciMethod java/lang/ref/Reference get ()Ljava/lang/Object; 0 0 1 0 -1
ciMethod java/lang/ref/Reference <init> (Ljava/lang/Object;Ljava/lang/ref/ReferenceQueue;)V 524 0 10749 0 536
instanceKlass sun/security/util/MemoryCache$SoftCacheEntry
instanceKlass java/util/ResourceBundle$BundleReference
instanceKlass sun/util/locale/provider/LocaleResources$ResourceReference
instanceKlass sun/util/resources/Bundles$BundleReference
instanceKlass sun/util/locale/LocaleObjectCache$CacheEntry
instanceKlass java/lang/invoke/LambdaFormEditor$Transform
ciInstanceKlass java/lang/ref/SoftReference 1 1 47 10 7 12 1 1 1 9 7 12 1 1 1 9 12 1 10 12 1 10 12 1 1 1 1 1 1 1 1 1 1 1 1 1 1 1 1 1 1 1 1 100 1 1 1 1 1
ciMethod java/lang/ref/SoftReference get ()Ljava/lang/Object; 512 0 6403 0 192
ciMethod java/lang/ref/SoftReference <init> (Ljava/lang/Object;)V 710 0 1765 0 -1
ciMethod java/lang/ref/SoftReference <init> (Ljava/lang/Object;Ljava/lang/ref/ReferenceQueue;)V 1004 0 2323 0 0
instanceKlass javax/crypto/JceSecurity$WeakIdentityWrapper
instanceKlass java/util/logging/LogManager$LoggerWeakRef
instanceKlass java/util/logging/Level$KnownLevel
instanceKlass java/util/ResourceBundle$KeyElementReference
instanceKlass java/lang/WeakPairMap$WeakRefPeer
instanceKlass java/lang/ClassValue$Entry
instanceKlass java/lang/ThreadLocal$ThreadLocalMap$Entry
instanceKlass jdk/internal/util/WeakReferenceKey
instanceKlass java/util/WeakHashMap$Entry
ciInstanceKlass java/lang/ref/WeakReference 1 1 31 10 7 12 1 1 1 10 12 1 100 1 1 1 1 1 1 1 1 1 1 1 1 1 1 1 1 1 1 1 1
instanceKlass java/lang/ref/Finalizer
ciInstanceKlass java/lang/ref/FinalReference 1 1 50 10 7 12 1 1 1 10 7 12 1 1 1 10 12 1 1 7 1 8 1 10 12 1 1 1 1 1 1 1 1 1 1 1 1 1 1 1 1 1 1 1 1 1 1 1 1 1 7 1
instanceKlass jdk/internal/ref/PhantomCleanable
instanceKlass jdk/internal/ref/Cleaner
ciInstanceKlass java/lang/ref/PhantomReference 1 1 39 10 100 12 1 1 1 10 7 12 1 1 1 1 1 1 1 1 1 1 1 1 1 1 1 1 1 1 1 1 1 1 1 1 1 1 1 1 1
ciInstanceKlass java/lang/ref/Finalizer 1 1 155 9 7 12 1 1 1 10 7 12 1 1 1 9 12 1 1 9 12 1 1 9 12 1 9 12 1 9 12 1 1 10 12 1 7 1 8 1 10 12 1 10 12 1 1 9 12 1 100 1 10 12 1 7 1 11 100 12 1 1 10 12 1 7 1 10 12 1 100 1 10 12 1 10 7 12 1 1 1 10 100 12 1 1 1 100 1 10 10 12 1 7 1 10 12 1 7 1 10 12 1 1 10 12 1 1 10 12 1 10 7 12 1 1 1 7 1 10 7 1 10 10 12 1 1 1 1 1 1 1 1 1 1 1 1 1 1 1 1 1 1 1 1 1 1 1 1 1 1 1 1 1 1 1 1
staticfield java/lang/ref/Finalizer lock Ljava/lang/Object; java/lang/Object
staticfield java/lang/ref/Finalizer ENABLED Z 1
staticfield java/lang/ref/Finalizer $assertionsDisabled Z 1
instanceKlass org/apache/poi/openxml4j/opc/TargetMode
instanceKlass org/apache/commons/compress/archivers/zip/ZipMethod
instanceKlass org/apache/commons/compress/archivers/zip/ZipArchiveEntry$ExtraFieldParsingMode
instanceKlass org/apache/commons/compress/archivers/zip/ZipArchiveEntry$CommentSource
instanceKlass org/apache/commons/compress/archivers/zip/ZipArchiveEntry$NameSource
instanceKlass org/apache/poi/openxml4j/opc/PackageAccess
instanceKlass org/apache/commons/io/StandardLineSeparator
instanceKlass java/nio/file/FileVisitOption
instanceKlass java/time/format/TextStyle
instanceKlass java/time/format/DateTimeFormatterBuilder$SettingsParser
instanceKlass java/time/format/ResolverStyle
instanceKlass java/time/format/SignStyle
instanceKlass java/time/temporal/JulianFields$Field
instanceKlass java/time/temporal/IsoFields$Unit
instanceKlass java/time/temporal/IsoFields$Field
instanceKlass org/apache/logging/log4j/spi/StandardLevel
instanceKlass org/apache/poi/poifs/filesystem/FileMagic
instanceKlass java/lang/StackStreamFactory$WalkerState
instanceKlass java/lang/StackWalker$ExtendedOption
instanceKlass jdk/internal/net/http/websocket/TransportImpl$ChannelState
instanceKlass jdk/internal/net/http/websocket/WebSocketImpl$State
instanceKlass org/openqa/selenium/Proxy$ProxyType
instanceKlass jdk/internal/net/http/PlainHttpConnection$ConnectState
instanceKlass jdk/internal/net/http/Http1HeaderParser$State
instanceKlass jdk/internal/net/http/Http1Response$State
instanceKlass jdk/internal/net/http/Http1Exchange$State
instanceKlass org/openqa/selenium/remote/http/HttpHeader
instanceKlass java/util/Comparators$NaturalOrderComparator
instanceKlass org/openqa/selenium/remote/Dialect
instanceKlass org/openqa/selenium/logging/profiler/EventType
instanceKlass sun/net/www/protocol/http/HttpURLConnection$TunnelState
instanceKlass sun/util/logging/PlatformLogger$Level
instanceKlass org/openqa/selenium/remote/service/DriverService$StartOrDie
instanceKlass org/openqa/selenium/remote/RemoteWebDriver$When
instanceKlass org/openqa/selenium/remote/ElementLocation$ElementFinder
instanceKlass sun/security/ssl/SignatureScheme$SigAlgParamSpec
instanceKlass sun/security/ssl/SignatureScheme
instanceKlass sun/security/ssl/ClientAuthType
instanceKlass sun/security/ssl/SSLHandshake
instanceKlass java/net/http/HttpClient$Version
instanceKlass sun/security/rsa/RSAUtil$KeyType
instanceKlass sun/security/ssl/NamedGroup
instanceKlass sun/security/ssl/NamedGroup$NamedGroupSpec
instanceKlass sun/security/ssl/CipherSuite$KeyExchange
instanceKlass sun/security/ssl/CipherSuite$MacAlg
instanceKlass sun/security/ssl/CipherSuite$HashAlg
instanceKlass java/lang/StackWalker$Option
instanceKlass sun/security/ssl/CipherType
instanceKlass sun/security/ssl/SSLCipher
instanceKlass sun/security/ssl/CipherSuite
instanceKlass java/security/CryptoPrimitive
instanceKlass sun/security/util/DisabledAlgorithmConstraints$Constraint$Operator
instanceKlass sun/security/ssl/ProtocolVersion
instanceKlass java/lang/invoke/MethodHandleImpl$ArrayAccess
instanceKlass java/net/http/HttpClient$Redirect
instanceKlass org/openqa/selenium/remote/http/HttpMethod
instanceKlass java/math/RoundingMode
instanceKlass org/openqa/selenium/json/JsonInput$Container
instanceKlass org/openqa/selenium/json/JsonType
instanceKlass org/openqa/selenium/json/PropertySetting
instanceKlass java/lang/System$Logger$Level
instanceKlass java/nio/file/AccessMode
instanceKlass org/openqa/selenium/Platform
instanceKlass jdk/internal/logger/BootstrapLogger$LoggingBackend
instanceKlass org/testng/internal/invokers/InvokedMethodListenerMethod
instanceKlass org/testng/internal/TestNGMethodFinder$MethodType
instanceKlass java/util/stream/MatchOps$MatchKind
instanceKlass org/testng/internal/MethodSorting
instanceKlass java/security/DrbgParameters$Capability
instanceKlass sun/security/util/KnownOIDs
instanceKlass org/testng/xml/TestNGContentHandler$Location
instanceKlass java/time/temporal/ChronoUnit
instanceKlass java/time/temporal/ChronoField
instanceKlass com/sun/org/apache/xerces/internal/impl/XMLScanner$NameType
instanceKlass sun/util/locale/provider/LocaleProviderAdapter$Type
instanceKlass jdk/xml/internal/JdkProperty$ImplPropMap
instanceKlass com/sun/org/apache/xerces/internal/util/Status
instanceKlass javax/xml/catalog/GroupEntry$PreferType
instanceKlass javax/xml/catalog/CatalogResolver$NotFoundAction
instanceKlass javax/xml/catalog/BaseEntry$CatalogEntryType
instanceKlass javax/xml/catalog/CatalogFeatures$State
instanceKlass com/sun/org/apache/xerces/internal/utils/XMLSecurityPropertyManager$Property
instanceKlass com/sun/org/apache/xerces/internal/utils/XMLSecurityPropertyManager$State
instanceKlass javax/xml/catalog/CatalogFeatures$Feature
instanceKlass jdk/xml/internal/JdkProperty$State
instanceKlass jdk/xml/internal/XMLSecurityManager$Processor
instanceKlass jdk/xml/internal/XMLSecurityManager$Limit
instanceKlass java/util/Locale$Category
instanceKlass java/util/regex/Pattern$Qtype
instanceKlass java/lang/reflect/ProxyGenerator$PrimitiveTypeInfo
instanceKlass java/lang/annotation/RetentionPolicy
instanceKlass org/testng/xml/XmlSuite$FailurePolicy
instanceKlass org/testng/xml/XmlSuite$ParallelMode
instanceKlass org/slf4j/helpers/Reporter$Level
instanceKlass org/slf4j/helpers/Reporter$TargetChoice
instanceKlass java/net/Proxy$Type
instanceKlass java/net/StandardProtocolFamily
instanceKlass jdk/internal/util/OperatingSystem
instanceKlass java/util/zip/ZipCoder$Comparison
instanceKlass java/nio/file/LinkOption
instanceKlass sun/nio/fs/WindowsPathType
instanceKlass java/nio/file/StandardOpenOption
instanceKlass java/util/stream/Collector$Characteristics
instanceKlass java/util/concurrent/TimeUnit
instanceKlass java/util/stream/StreamShape
instanceKlass java/lang/invoke/MethodHandles$Lookup$ClassOption
instanceKlass java/lang/invoke/VarHandle$AccessType
instanceKlass java/lang/invoke/VarHandle$AccessMode
instanceKlass java/lang/invoke/MethodHandleImpl$Intrinsic
instanceKlass java/lang/invoke/LambdaForm$BasicType
instanceKlass java/lang/invoke/LambdaForm$Kind
instanceKlass sun/invoke/util/Wrapper
instanceKlass java/util/stream/StreamOpFlag$Type
instanceKlass java/util/stream/StreamOpFlag
instanceKlass java/io/File$PathStatus
instanceKlass java/lang/module/ModuleDescriptor$Requires$Modifier
instanceKlass java/lang/reflect/AccessFlag$Location
instanceKlass java/lang/reflect/AccessFlag
instanceKlass java/lang/module/ModuleDescriptor$Modifier
instanceKlass java/util/HexFormat$Case
instanceKlass java/lang/reflect/ClassFileFormatVersion
instanceKlass java/lang/Thread$State
ciInstanceKlass java/lang/Enum 1 1 204 9 7 12 1 1 1 9 12 1 1 10 7 12 1 1 1 9 12 1 10 7 12 1 1 1 100 1 10 10 12 1 1 10 12 1 7 1 10 10 7 12 1 1 10 12 1 1 18 12 1 1 10 100 12 1 1 1 10 12 1 1 11 7 12 1 1 1 100 1 8 1 10 12 1 100 1 7 1 10 8 1 10 12 1 1 10 12 1 1 8 1 10 12 1 10 100 1 8 1 10 10 12 1 1 10 100 12 1 1 1 7 1 7 1 7 1 1 1 1 1 1 1 1 1 1 1 1 1 1 1 1 1 1 1 1 1 1 1 1 1 1 1 1 1 1 1 1 1 1 1 1 1 1 1 1 1 1 1 1 1 1 1 3 1 1 1 1 100 1 7 1 1 100 1 1 1 1 1 1 1 1 1 1 1 16 15 10 12 16 15 10 100 12 1 1 1 1 1 100 1 100 1 1
instanceKlass java/lang/ref/ReferenceQueue$Null
instanceKlass java/lang/ref/NativeReferenceQueue
ciInstanceKlass java/lang/ref/ReferenceQueue 1 1 183 9 7 12 1 1 1 11 7 12 1 1 1 11 12 1 9 7 12 1 1 1 11 12 1 10 7 12 1 1 9 12 1 1 7 1 10 9 12 1 1 10 12 1 1 9 7 12 1 1 1 9 12 1 9 12 1 9 12 1 1 100 1 10 9 12 1 1 9 12 1 7 1 10 100 12 1 1 1 10 12 1 10 12 1 1 10 7 12 1 1 1 10 12 1 5 0 10 10 12 10 12 1 1 10 12 1 10 12 1 1 100 1 8 1 10 12 1 10 12 1 10 12 1 1 10 12 11 100 12 1 1 1 10 7 12 1 1 7 1 10 1 1 1 1 1 1 1 1 1 1 100 1 1 1 1 1 1 1 1 1 1 1 1 1 1 1 7 1 1 1 1 1 1 1 1 1 1 1 1 1 1 1
staticfield java/lang/ref/ReferenceQueue NULL Ljava/lang/ref/ReferenceQueue; java/lang/ref/ReferenceQueue$Null
staticfield java/lang/ref/ReferenceQueue ENQUEUED Ljava/lang/ref/ReferenceQueue; java/lang/ref/ReferenceQueue$Null
staticfield java/lang/ref/ReferenceQueue $assertionsDisabled Z 1
ciInstanceKlass java/lang/reflect/Method 1 1 472 9 7 12 1 1 1 10 7 12 1 1 1 10 7 12 1 1 9 12 1 1 10 12 1 1 10 12 1 1 10 7 12 1 1 10 7 12 1 1 1 9 12 1 1 9 12 1 9 12 1 1 9 12 1 9 12 1 9 12 1 1 9 12 1 9 12 1 1 9 12 1 9 12 1 9 12 1 1 100 1 8 1 10 12 1 10 12 1 9 12 1 1 8 1 10 7 12 1 1 10 7 12 1 1 1 10 12 1 1 10 12 1 1 10 12 1 10 12 1 1 10 12 1 1 9 100 12 1 1 1 10 12 1 1 10 12 10 7 12 1 1 10 12 1 1 10 12 1 10 12 1 10 12 1 10 7 12 1 1 1 10 12 1 1 10 7 1 10 7 12 1 1 1 10 7 12 1 1 10 12 1 1 10 12 1 1 10 12 1 10 7 12 1 1 1 10 12 1 10 8 1 10 12 1 10 12 1 7 1 8 1 8 1 8 1 10 12 1 10 12 1 1 10 12 1 1 10 10 12 1 1 10 12 1 11 7 1 10 12 1 9 12 1 1 10 12 1 1 10 12 1 10 12 1 1 10 12 1 1 11 7 12 1 1 1 11 12 1 9 12 1 1 10 12 1 10 12 1 10 12 1 10 12 1 10 12 1 10 12 1 9 12 1 1 10 7 12 1 1 1 10 7 12 1 1 10 12 1 1 10 7 12 1 1 1 10 7 12 1 1 1 10 7 12 1 1 1 11 7 12 1 1 1 10 7 12 1 1 1 7 1 100 1 100 1 10 12 1 10 12 1 1 10 12 1 100 1 8 1 10 12 1 10 10 12 1 1 10 12 1 1 10 12 1 1 10 12 1 1 8 1 10 12 1 1 1 1 1 1 1 1 1 1 1 1 1 1 1 1 1 1 1 1 1 1 1 1 1 1 1 1 1 1 1 1 1 1 1 1 1 1 1 1 1 1 1 1 1 1 1 1 1 1 1 1 1 100 1 100 1 100 1 1 1 1 1 1 1 1 1 1 1 1 1 1 1 1 1 1 1 1 1 1 1 1 1 1 1 1 1 1
ciInstanceKlass java/lang/reflect/Field 1 1 457 9 7 12 1 1 1 10 12 1 1 10 7 12 1 1 1 10 7 12 1 1 9 12 1 1 10 12 1 1 10 12 1 1 10 7 12 1 1 10 7 12 1 1 1 9 12 1 1 9 12 1 9 12 1 9 12 1 1 9 12 1 1 9 12 1 9 12 1 1 9 12 1 1 100 1 8 1 10 12 1 10 12 1 9 12 1 1 9 12 1 10 12 1 10 7 12 1 1 10 12 1 1 10 12 1 1 10 12 1 10 12 1 1 9 100 12 1 1 1 10 100 12 1 1 1 100 1 10 12 1 1 10 12 1 1 10 12 1 1 10 12 1 10 12 1 10 7 1 10 7 12 1 1 7 1 10 8 1 10 12 1 1 10 12 1 1 8 1 10 12 10 12 1 8 1 8 1 10 11 7 1 9 12 1 10 12 1 1 10 12 1 1 11 7 12 1 1 1 10 12 1 11 12 1 1 11 12 1 1 11 12 1 1 11 12 1 1 11 12 1 1 11 12 1 1 11 12 1 1 11 12 1 1 11 12 1 1 11 12 1 1 11 12 1 1 11 12 1 1 11 12 1 1 11 12 1 1 11 12 1 1 11 12 1 1 11 12 1 1 10 12 1 10 7 12 1 1 10 12 1 10 12 1 10 12 1 9 12 1 1 10 7 12 1 1 1 10 12 1 1 10 12 1 10 7 12 1 1 10 12 1 1 11 7 1 10 12 1 7 1 10 100 12 1 1 1 10 7 12 1 1 1 9 12 1 10 7 12 1 1 1 11 7 12 1 1 1 10 12 1 1 10 12 1 1 9 100 12 1 1 10 100 12 1 1 1 10 12 1 1 7 1 1 1 1 1 1 1 1 1 1 1 1 1 1 1 1 1 1 1 1 1 1 1 1 1 1 1 1 1 1 1 1 1 1 1 1 1 1 1 100 1 1 1 1 1 1 1 1 1 1 1 1 1 1 1 1 1 1 1 1 1 1 1 1 1 1 1 1 1 1 1 1 7 1 1 1 1 1 1 1 1 1 100 1 1
ciInstanceKlass java/lang/reflect/Parameter 0 0 243 10 7 12 1 1 1 9 7 12 1 1 1 9 12 1 1 9 12 1 1 9 12 1 10 12 1 1 10 12 1 1 10 7 12 1 1 1 7 1 10 10 12 1 1 11 7 12 1 1 1 10 12 1 10 100 12 1 1 1 10 12 1 1 10 12 1 10 12 1 8 1 8 1 10 7 12 1 1 1 10 12 1 10 12 9 100 12 1 1 1 10 100 12 1 1 1 10 12 1 8 1 10 12 1 9 12 1 1 10 12 1 1 9 12 1 1 10 12 1 1 10 12 1 1 10 12 1 1 10 12 1 10 10 12 1 10 100 12 1 1 1 10 12 1 1 11 7 12 1 1 10 7 12 1 1 7 1 10 100 12 1 1 1 10 12 1 1 10 12 1 1 10 12 1 1 10 12 1 1 9 12 1 100 1 10 11 12 1 1 11 12 1 1 7 1 1 1 1 1 1 1 1 1 1 1 1 1 1 1 1 1 1 1 1 1 1 1 1 1 1 1 1 1 1 1 1 1 1 1 1 1 1 1 1 1 100 1 1 1 1 1 1
ciInstanceKlass java/lang/reflect/RecordComponent 0 0 196 10 7 12 1 1 1 9 7 12 1 1 1 9 12 1 1 9 12 1 10 12 1 1 10 12 1 1 10 100 12 1 1 1 10 12 1 1 9 12 1 1 10 12 1 1 10 12 1 1 10 12 1 10 100 12 1 1 10 100 12 1 1 9 12 1 1 10 100 12 1 1 1 11 100 12 1 1 1 10 9 100 12 1 1 1 10 100 12 1 1 1 9 12 1 1 10 100 12 1 1 1 10 12 1 1 11 7 12 1 1 10 7 12 1 1 7 1 9 12 1 9 12 1 1 9 12 1 10 100 12 1 1 1 10 12 1 1 10 12 1 1 7 1 10 10 12 1 10 12 1 1 8 1 10 12 1 10 12 1 9 12 1 7 1 1 1 1 1 1 1 1 1 1 1 1 1 1 1 1 1 1 1 1 1 1 7 1 1 1 1 1 1 100 1 1
ciInstanceKlass java/lang/StringBuffer 1 1 483 10 7 12 1 1 1 10 12 1 10 12 1 10 12 1 1 9 7 12 1 1 1 10 12 1 1 10 12 1 10 12 1 1 9 12 1 1 10 12 1 10 12 1 1 10 12 1 1 10 12 1 10 12 1 1 10 12 1 10 12 1 1 10 12 1 1 10 7 12 1 1 1 10 12 1 1 10 12 1 10 12 1 10 12 1 10 12 1 10 12 1 10 12 1 10 12 1 10 12 1 10 12 1 10 12 1 10 12 1 10 12 1 10 12 1 10 12 1 1 10 12 1 10 12 1 1 10 12 1 1 10 10 12 1 1 10 12 1 10 12 1 10 12 1 10 12 1 10 12 1 10 12 1 10 12 10 12 1 10 12 1 10 12 1 10 12 1 1 10 12 1 10 12 1 10 10 12 1 1 10 12 1 10 12 1 10 12 1 10 10 100 12 1 1 1 10 10 12 1 1 9 12 1 1 10 100 12 1 1 10 100 1 8 10 100 12 1 1 1 8 10 12 1 8 1 10 12 1 10 12 1 10 100 12 1 1 1 10 100 12 1 1 1 7 1 10 12 100 1 8 1 10 10 12 1 1 10 12 1 1 10 12 1 10 12 1 10 12 1 1 10 12 1 10 12 1 10 12 1 10 12 1 10 12 1 10 12 10 12 1 10 12 1 10 12 1 10 12 1 10 12 1 10 12 1 10 12 1 10 12 1 10 12 1 10 12 1 10 12 10 12 10 12 1 10 12 1 10 12 1 10 12 10 12 1 10 12 1 10 12 1 10 12 1 10 12 1 10 12 1 10 12 1 10 12 1 10 12 1 10 12 1 10 12 1 7 1 10 12 1 9 7 12 1 1 1 9 7 1 9 12 1 1 7 1 7 1 7 1 7 1 1 1 1 5 0 1 1 1 1 1 1 1 1 1 1 1 1 1 1 1 1 1 1 1 1 1 1 1 1 1 1 1 1 1 1 1 1 1 1 1 1 1 1 1 1 1 1 1 1 1 1 1 1 1 1 1 1 1 1 1 1 1 1 1 1 1 100 1 1 1 1 1 7 1 1 1 1 1 1 1 1 1 1 1 1 1 1 1 1 1 1
staticfield java/lang/StringBuffer serialPersistentFields [Ljava/io/ObjectStreamField; 3 [Ljava/io/ObjectStreamField;
instanceKlass jdk/internal/loader/BuiltinClassLoader
instanceKlass java/net/URLClassLoader
ciInstanceKlass java/security/SecureClassLoader 1 1 102 10 7 12 1 1 1 7 1 10 12 1 9 7 12 1 1 1 10 12 1 10 12 1 10 12 1 1 10 12 1 1 10 12 1 7 1 10 7 1 10 12 1 7 1 10 12 1 11 7 12 1 1 1 7 1 11 12 1 10 12 1 1 1 1 1 1 1 1 1 1 1 1 1 1 1 1 1 1 1 1 1 1 1 1 1 1 1 1 1 1 1 1 1 1 1 1 100 1 1 1 1
ciInstanceKlass java/net/URLClassLoader 0 0 600 10 7 12 1 1 1 100 1 10 12 1 9 7 12 1 1 1 10 7 12 1 1 1 9 12 1 1 100 1 10 12 1 9 12 1 1 10 12 1 10 10 12 1 10 100 12 1 1 1 10 12 1 1 10 7 12 1 1 1 10 100 12 1 1 1 100 1 10 12 1 1 10 12 1 1 10 12 1 1 100 1 100 1 10 7 12 1 1 1 100 1 8 1 10 12 1 10 7 12 1 1 1 10 12 1 1 10 12 1 1 11 100 12 1 1 1 11 7 12 1 1 1 11 12 1 1 7 1 11 12 1 11 7 12 1 1 10 12 1 11 12 1 11 12 1 1 11 10 12 1 1 10 12 1 1 10 12 1 1 100 1 10 12 1 10 12 1 1 7 1 100 1 10 12 1 1 7 1 10 10 12 1 1 10 100 12 1 1 10 12 1 100 1 7 1 10 8 1 10 12 1 1 8 1 10 12 1 1 10 10 12 1 8 1 8 1 10 12 1 1 10 7 12 1 1 1 10 100 12 1 1 1 10 12 1 1 10 12 1 1 10 12 1 1 10 12 1 10 12 1 100 1 100 1 8 1 10 12 1 10 12 1 1 10 12 1 1 7 1 10 12 1 10 100 12 1 1 1 10 12 1 1 10 12 1 1 10 12 1 1 10 12 1 10 100 12 1 1 1 10 12 1 1 8 1 10 12 1 1 11 100 12 1 1 1 9 100 12 1 1 1 10 100 12 1 1 1 9 12 1 9 12 1 9 12 1 9 12 1 9 12 1 9 12 1 10 7 12 1 1 1 8 1 10 12 1 1 100 1 10 10 12 1 10 12 1 1 10 12 1 1 100 1 10 12 1 10 12 1 1 10 12 1 10 12 1 1 100 1 10 100 12 1 1 9 100 12 1 1 1 10 12 1 8 1 100 1 8 1 10 12 1 10 12 1 8 1 10 12 1 10 12 1 9 12 1 1 10 100 12 1 1 10 12 1 10 12 1 10 100 1 8 1 10 100 1 10 12 1 10 100 12 1 100 1 10 12 1 10 12 1 100 1 10 10 7 12 1 1 1 1 1 1 1 1 1 1 1 1 1 1 1 1 1 1 1 1 1 1 1 1 1 1 1 1 1 1 1 1 1 1 1 1 1 7 1 100 1 7 1 7 1 1 1 1 1 1 1 1 1 1 1 1 1 1 1 1 1 1 1 1 1 1 1 1 1 1 1 1 1 1 1 1 1 1 1 1 1 1 1 1 1 1 1 1 1 1 100 1 1 1 1 1 1 1 1 1 1 1 1 1 1 1 1 1 1 1 1 1 1 1 1 1 1 1 1 1 1 1 1 1 1 1 1 1 100 1 1 1
ciInstanceKlass java/util/jar/Manifest 1 1 339 10 7 12 1 1 1 7 1 10 9 7 12 1 1 1 7 1 10 9 12 1 1 9 12 1 1 10 12 1 10 12 1 1 10 12 1 1 10 12 1 1 10 12 1 1 11 7 1 11 12 1 1 10 12 1 1 10 100 12 1 1 1 100 1 7 1 10 8 1 10 12 1 1 10 12 1 1 10 12 1 10 12 1 11 100 1 10 12 1 10 12 1 1 11 12 1 1 10 12 1 11 12 1 1 11 100 12 1 1 1 11 7 12 1 1 11 12 1 1 100 1 10 12 1 8 1 11 12 1 7 1 10 12 1 1 11 12 1 10 12 1 10 12 1 10 7 12 1 1 1 8 1 10 12 1 1 10 9 7 12 1 1 1 10 12 1 1 10 100 12 1 10 12 1 10 12 1 9 100 12 1 1 1 8 1 10 12 1 8 1 8 1 7 1 10 12 1 10 12 1 10 12 1 1 100 1 8 1 10 12 1 1 8 1 10 10 12 1 1 8 1 10 12 1 1 10 7 12 1 1 1 10 12 1 10 11 12 1 1 10 12 1 10 7 12 1 1 1 10 12 1 1 10 12 1 10 12 1 1 11 10 12 1 11 10 12 1 7 1 1 1 1 1 1 1 1 1 1 1 1 1 1 1 1 1 1 1 1 1 1 1 1 1 1 1 1 1 1 1 1 1 1 1 1 1 1 1 1 1 1 1 100 1 1 1 1 1 1 1 1 1 1 1 1 1 1 7 1 1 1 1 1 1 1 1 1 1 1
ciInstanceKlass java/io/ByteArrayInputStream 1 1 135 10 7 12 1 1 1 9 7 12 1 1 1 9 12 1 1 9 12 1 9 12 1 10 100 12 1 1 1 10 7 12 1 1 1 10 7 12 1 1 1 10 100 12 1 1 1 10 12 1 1 10 7 12 1 1 1 7 1 100 1 100 1 3 10 7 1 10 7 12 1 1 1 9 12 1 1 100 1 10 10 7 12 1 1 1 1 1 1 1 1 1 1 1 1 1 1 1 1 1 1 1 1 1 1 1 1 1 1 1 1 1 1 1 1 1 1 1 100 1 100 1 1 1 1 1 1 1 1 1 1 1 1 1 1
staticfield java/io/ByteArrayInputStream $assertionsDisabled Z 1
instanceKlass java/nio/IntBuffer
instanceKlass java/nio/LongBuffer
instanceKlass java/nio/CharBuffer
instanceKlass java/nio/ByteBuffer
ciInstanceKlass java/nio/Buffer 1 1 256 100 1 10 7 12 1 1 1 9 7 12 1 1 1 9 12 1 9 12 1 1 9 12 1 9 12 1 1 10 12 1 1 10 12 1 1 10 12 100 1 7 1 10 8 1 10 12 1 1 10 12 1 8 1 8 1 10 12 1 1 10 12 1 8 1 9 12 1 1 100 1 8 1 10 12 1 8 1 8 1 9 12 10 12 1 8 1 8 1 8 1 10 12 1 8 1 8 1 8 1 100 1 10 100 1 10 100 1 10 9 12 1 1 10 7 12 1 1 1 100 1 10 12 1 1 10 12 1 10 100 12 1 1 10 7 12 1 1 1 10 7 12 1 1 1 9 12 1 1 10 7 12 1 1 1 9 12 1 1 7 1 10 10 12 1 1 7 1 10 10 7 12 1 1 1 1 1 3 1 1 1 1 1 1 1 1 1 1 1 1 1 1 100 1 1 1 1 1 1 1 7 1 1 1 1 1 1 1 1 1 1 1 1 1 1 1 1 1 1 1 1 1 1 1 1 1 1 1 1 1 1 1 1 1 1 1 1 1 1 1 100 1 100 1 100 1 100 1 100 1 100 1 100 1 1
staticfield java/nio/Buffer UNSAFE Ljdk/internal/misc/Unsafe; jdk/internal/misc/Unsafe
staticfield java/nio/Buffer SCOPED_MEMORY_ACCESS Ljdk/internal/misc/ScopedMemoryAccess; jdk/internal/misc/ScopedMemoryAccess
staticfield java/nio/Buffer IOOBE_FORMATTER Ljava/util/function/BiFunction; jdk/internal/util/Preconditions$4
staticfield java/nio/Buffer $assertionsDisabled Z 1
ciInstanceKlass jdk/internal/util/Preconditions 1 1 194 10 7 12 1 1 1 11 7 12 1 1 1 11 100 12 1 1 1 7 1 100 1 10 7 12 1 1 1 10 12 1 8 1 7 1 10 7 12 1 1 1 10 12 1 1 8 1 8 1 10 7 12 1 1 7 1 10 12 1 8 1 10 7 12 1 1 1 8 1 10 12 1 1 10 12 1 1 11 12 1 8 1 8 1 11 12 1 1 8 1 8 1 8 1 10 12 1 1 10 12 1 1 10 12 1 10 12 1 10 12 1 10 12 7 1 10 10 12 1 1 9 12 1 1 7 1 10 9 12 1 7 1 10 9 12 1 1 1 1 1 1 1 1 1 1 1 1 1 1 1 1 1 1 1 1 1 1 1 1 1 1 1 1 1 1 1 1 1 1 1 1 1 1 1 1 1 1 1 1 1 1 1 1 1 1 1 1 1 1 1 1 1 1
staticfield jdk/internal/util/Preconditions SIOOBE_FORMATTER Ljava/util/function/BiFunction; jdk/internal/util/Preconditions$4
staticfield jdk/internal/util/Preconditions AIOOBE_FORMATTER Ljava/util/function/BiFunction; jdk/internal/util/Preconditions$4
staticfield jdk/internal/util/Preconditions IOOBE_FORMATTER Ljava/util/function/BiFunction; jdk/internal/util/Preconditions$4
instanceKlass sun/security/jca/ProviderList$ServiceList
instanceKlass java/util/Collections$CopiesList
instanceKlass java/util/AbstractSequentialList
instanceKlass sun/security/jca/ProviderList$3
instanceKlass java/util/ArrayList$SubList
instanceKlass java/util/Vector
instanceKlass java/util/Collections$SingletonList
instanceKlass java/util/Arrays$ArrayList
instanceKlass java/util/Collections$EmptyList
instanceKlass java/util/ArrayList
ciInstanceKlass java/util/AbstractList 1 1 218 10 7 12 1 1 1 9 7 12 1 1 1 10 12 1 1 10 12 1 1 100 1 10 10 12 1 1 11 100 12 1 1 1 11 12 1 1 11 12 1 10 7 12 1 1 1 10 12 1 11 12 1 11 12 1 11 12 1 10 12 1 1 10 12 1 1 11 7 12 1 1 1 11 7 1 11 7 1 10 12 1 100 1 10 12 1 10 12 1 1 7 1 100 1 10 12 1 100 1 10 100 1 7 1 10 8 1 10 12 1 1 10 12 1 10 12 1 1 10 12 1 8 1 100 1 8 1 8 1 8 1 10 7 1 11 10 10 12 1 11 12 1 10 12 1 1 8 1 8 1 1 1 1 1 1 1 1 1 1 1 1 1 1 1 1 1 1 1 1 1 1 1 1 1 1 1 1 1 1 1 1 1 1 1 1 1 1 1 1 1 1 1 1 1 1 1 1 1 1 1 1 1 1 1 1 1 1 100 1 100 1 1 1 1 1 1 1
ciInstanceKlass java/lang/Iterable 1 1 62 10 7 12 1 1 1 11 7 12 1 1 1 11 7 12 1 1 1 11 12 1 1 11 7 12 1 1 1 10 7 12 1 1 1 100 1 1 1 1 1 1 1 1 1 1 1 1 1 1 1 1 1 1 1 1 1 1 1 1 1 1
ciInstanceKlass java/util/Collection 1 1 115 11 7 12 1 1 1 7 1 11 7 12 1 1 1 10 7 12 1 1 1 11 12 1 1 11 7 12 1 1 1 11 12 1 1 11 7 12 1 1 1 11 12 1 1 10 100 12 1 1 1 11 12 1 10 7 12 1 1 1 100 1 100 1 1 1 1 1 1 1 1 1 1 1 1 1 1 1 1 1 1 1 1 1 1 1 1 1 1 1 1 1 1 1 1 1 1 1 1 1 1 1 1 1 1 1 1 1 1 1 1 1 1 1 1
ciInstanceKlass java/util/SequencedCollection 1 1 109 100 1 10 12 1 1 11 7 12 1 1 1 11 7 12 1 1 1 11 12 1 1 11 12 1 7 1 7 1 1 1 1 1 1 1 1 1 1 1 1 1 1 1 1 1 1 1 1 1 1 1 1 1 1 1 1 1 100 1 8 1 1 12 10 1 1 1 8 1 1 1 8 1 1 1 8 1 1 1 8 1 1 8 1 1 1 8 1 1 8 1 1 1 8 1 1 8 1 1 1 8 1 1 8 1 1 8 1
ciInstanceKlass java/util/List 1 1 251 10 100 12 1 1 1 11 100 12 1 1 1 11 100 12 1 1 1 11 12 1 1 11 100 12 1 1 11 12 1 1 11 12 1 1 10 100 12 1 1 1 7 1 7 1 10 12 1 1 100 1 10 100 12 1 1 1 11 12 1 1 11 12 1 11 12 1 100 1 10 12 1 11 12 1 1 11 12 1 1 11 12 1 10 100 12 1 1 1 9 7 12 1 1 1 7 1 10 12 10 12 1 7 1 10 12 1 1 10 12 1 10 12 1 1 11 12 1 1 100 1 1 1 1 1 1 1 1 1 1 1 1 1 1 1 1 1 1 1 1 1 1 1 1 1 1 1 1 1 1 1 1 1 1 1 1 1 1 1 1 1 1 1 1 100 1 100 1 1 1 1 1 1 1 1 1 1 1 1 1 1 1 1 1 1 1 1 1 1 1 1 1 1 1 1 1 1 1 1 1 1 1 1 1 1 1 1 1 1 1 1 1 1 1 1 1 1 1 1 1 1 1 1 1 1 1 1 1 1 1 1 1 1 1 1 1 1 1 1 1 1 1 1 100 1 1 100 1 1 1
instanceKlass java/util/TreeMap$Values
instanceKlass java/util/concurrent/ConcurrentLinkedDeque
instanceKlass java/util/IdentityHashMap$Values
instanceKlass java/util/LinkedHashMap$LinkedValues
instanceKlass java/util/AbstractQueue
instanceKlass java/util/HashMap$Values
instanceKlass java/util/ArrayDeque
instanceKlass java/util/AbstractSet
instanceKlass java/util/ImmutableCollections$AbstractImmutableCollection
instanceKlass java/util/AbstractList
ciInstanceKlass java/util/AbstractCollection 1 1 160 10 7 12 1 1 1 10 7 12 1 1 1 10 12 1 1 11 7 12 1 1 1 11 12 1 1 10 12 1 1 10 100 12 1 1 1 10 12 1 1 10 12 1 1 10 7 12 1 1 10 7 12 1 1 1 7 1 10 7 12 1 1 1 10 100 12 1 1 1 100 1 10 11 12 1 11 7 1 10 12 1 10 12 1 10 100 12 1 1 1 11 8 1 7 1 10 10 12 1 1 8 1 10 12 1 10 12 1 1 1 1 1 1 1 1 1 1 1 1 1 1 1 1 1 1 1 1 1 1 1 1 1 1 1 1 1 1 1 1 1 1 1 1 1 1 1 1 1 1 1 1 1 1 1 1 1 1 1 1
ciInstanceKlass java/lang/AssertionStatusDirectives 0 0 24 10 100 12 1 1 1 100 1 1 1 1 1 1 1 1 1 1 1 1 1 1 1 1
instanceKlass org/apache/poi/ooxml/POIXMLException
instanceKlass org/apache/poi/openxml4j/exceptions/OpenXML4JRuntimeException
instanceKlass java/lang/IndexOutOfBoundsException
instanceKlass org/apache/logging/log4j/util/InternalException
instanceKlass org/apache/logging/log4j/LoggingException
instanceKlass org/apache/poi/util/RecordFormatException
instanceKlass java/lang/invoke/WrongMethodTypeException
instanceKlass com/qa/opencart/exceptions/ElementException
instanceKlass jdk/internal/net/http/websocket/FailWebSocketException
instanceKlass jdk/internal/net/http/websocket/CheckFailedException
instanceKlass java/util/NoSuchElementException
instanceKlass java/lang/MatchException
instanceKlass java/security/ProviderException
instanceKlass java/time/DateTimeException
instanceKlass java/io/UncheckedIOException
instanceKlass org/openqa/selenium/WebDriverException
instanceKlass com/qa/opencart/exceptions/FrameworkException
instanceKlass org/testng/internal/TestListenerHelper$ListenerInvocationException
instanceKlass java/lang/TypeNotPresentException
instanceKlass org/testng/SkipException
instanceKlass com/sun/org/apache/xerces/internal/xni/XNIException
instanceKlass java/lang/reflect/UndeclaredThrowableException
instanceKlass java/lang/SecurityException
instanceKlass java/lang/UnsupportedOperationException
instanceKlass java/lang/IllegalStateException
instanceKlass com/beust/jcommander/ParameterException
instanceKlass org/testng/TestNGException
instanceKlass java/lang/IllegalArgumentException
instanceKlass java/lang/ArithmeticException
instanceKlass java/lang/NullPointerException
instanceKlass java/lang/IllegalMonitorStateException
instanceKlass java/lang/ArrayStoreException
instanceKlass java/lang/ClassCastException
ciInstanceKlass java/lang/RuntimeException 1 1 40 10 7 12 1 1 1 10 12 1 10 12 1 10 12 1 10 12 1 100 1 1 1 1 5 0 1 1 1 1 1 1 1 1 1 1 1 1 1 1
instanceKlass jdk/internal/net/http/common/DebugLogger$LoggerConfig
instanceKlass jdk/internal/misc/ThreadTracker$ThreadRef
instanceKlass java/lang/reflect/Proxy$ProxyBuilder$ProxyClassContext
instanceKlass java/nio/DirectByteBuffer$Deallocator
instanceKlass jdk/net/UnixDomainPrincipal
instanceKlass java/security/SecureClassLoader$CodeSourceKey
instanceKlass jdk/internal/module/ModuleReferenceImpl$CachedHash
instanceKlass java/util/stream/Collectors$CollectorImpl
instanceKlass jdk/internal/reflect/ReflectionFactory$Config
instanceKlass jdk/internal/foreign/abi/UpcallLinker$CallRegs
instanceKlass jdk/internal/foreign/abi/VMStorage
ciInstanceKlass java/lang/Record 1 1 22 10 7 12 1 1 1 100 1 1 1 1 1 1 1 1 1 1 1 1 1 1
ciInstanceKlass java/lang/invoke/MethodType 1 1 780 7 1 10 7 12 1 1 1 9 12 1 1 9 12 1 1 9 12 1 1 10 7 12 1 1 1 9 7 12 1 1 8 1 10 100 12 1 1 1 9 7 1 9 7 1 10 12 1 1 7 1 10 8 1 10 12 1 1 10 12 1 10 12 1 1 7 1 8 1 10 12 1 100 1 10 10 12 1 10 12 1 1 10 12 1 1 11 7 12 1 1 1 9 12 1 11 12 1 1 7 10 12 1 1 10 12 1 1 7 1 7 1 10 7 12 1 1 1 10 12 1 10 12 1 9 12 1 1 10 7 12 1 1 10 12 1 1 10 7 12 1 1 1 10 7 12 1 1 1 10 12 1 9 12 1 1 10 12 1 1 10 12 1 1 10 12 1 1 10 12 1 1 10 12 1 1 10 12 1 10 12 1 10 12 1 1 10 12 1 8 1 8 1 10 12 1 1 9 12 1 1 100 1 10 10 12 1 1 10 12 1 10 12 1 1 10 12 1 1 10 12 1 10 12 1 10 12 1 8 1 10 12 1 1 10 7 12 1 1 1 10 12 1 10 12 1 1 10 12 1 10 12 1 10 12 1 1 10 12 1 10 12 1 9 12 1 10 12 1 10 10 12 1 1 10 12 1 9 12 1 1 10 12 1 1 11 12 1 1 10 12 1 1 10 12 1 10 12 1 100 1 8 1 8 1 8 1 10 12 1 10 12 1 10 12 1 1 10 10 12 1 11 12 1 1 11 12 1 10 100 12 1 1 1 9 12 1 10 12 1 10 12 1 1 10 12 1 1 10 12 1 10 12 1 10 100 12 1 1 1 10 12 1 1 10 12 1 10 12 1 10 12 1 10 9 12 1 1 7 1 10 12 1 10 12 1 1 9 100 12 1 1 1 10 7 12 1 1 1 10 7 12 1 1 1 10 12 1 1 10 7 12 1 1 1 10 12 1 1 8 1 10 7 12 1 1 1 11 12 1 1 9 12 1 1 10 12 1 1 10 12 1 10 12 1 1 10 12 1 1 10 100 12 1 1 100 1 10 12 1 1 11 100 12 1 1 18 12 1 1 11 12 1 1 18 12 1 11 12 1 100 1 11 100 12 1 1 10 12 1 100 1 10 12 1 10 100 12 1 1 10 12 1 1 9 12 1 1 9 100 12 1 1 1 10 7 12 1 1 1 9 12 1 10 100 12 1 1 10 12 1 100 10 12 1 1 10 12 1 7 1 10 10 12 1 1 7 1 7 1 9 12 1 1 7 1 7 1 7 1 1 1 5 0 1 1 1 1 1 1 1 3 1 3 1 3 1 1 1 1 1 1 1 1 1 1 1 1 1 1 1 1 1 1 1 1 1 1 1 1 1 1 1 1 1 1 1 1 1 1 1 1 1 1 1 1 1 1 1 1 1 1 1 1 1 1 1 1 1 1 1 1 1 1 1 1 1 1 1 1 1 1 1 1 1 1 1 1 1 1 1 1 1 1 1 1 1 1 1 1 1 1 1 1 1 1 1 1 1 1 1 1 1 1 1 1 1 1 1 1 1 1 1 1 1 1 1 1 1 1 1 1 1 1 1 1 1 1 1 1 1 1 1 1 1 1 100 1 100 1 1 1 1 1 1 1 1 1 1 1 1 1 100 1 1 1 7 1 1 1 1 1 1 1 1 1 1 1 1 1 1 1 1 1 1 1 1 1 1 16 15 10 12 16 16 15 10 12 16 15 10 100 12 1 1 1 1 1 7 1 1 7 1 1 100 1 100 1 1
staticfield java/lang/invoke/MethodType internTable Ljdk/internal/util/ReferencedKeySet; jdk/internal/util/ReferencedKeySet
staticfield java/lang/invoke/MethodType NO_PTYPES [Ljava/lang/Class; 0 [Ljava/lang/Class;
staticfield java/lang/invoke/MethodType objectOnlyTypes [Ljava/lang/invoke/MethodType; 20 [Ljava/lang/invoke/MethodType;
staticfield java/lang/invoke/MethodType METHOD_HANDLE_ARRAY [Ljava/lang/Class; 1 [Ljava/lang/Class;
staticfield java/lang/invoke/MethodType serialPersistentFields [Ljava/io/ObjectStreamField; 0 [Ljava/io/ObjectStreamField;
staticfield java/lang/invoke/MethodType $assertionsDisabled Z 1
ciInstanceKlass java/lang/invoke/TypeDescriptor$OfMethod 1 0 43 100 1 100 1 100 1 1 1 1 1 1 1 1 1 1 1 1 1 1 1 1 1 1 1 1 1 1 1 1 1 1 1 1 1 1 1 1 1 1 100 1 1
instanceKlass java/lang/IllegalAccessException
instanceKlass java/lang/InstantiationException
instanceKlass java/lang/reflect/InvocationTargetException
instanceKlass java/lang/NoSuchFieldException
instanceKlass java/lang/NoSuchMethodException
instanceKlass java/lang/ClassNotFoundException
ciInstanceKlass java/lang/ReflectiveOperationException 1 1 34 10 7 12 1 1 1 10 12 1 10 12 1 10 12 1 100 1 1 1 1 5 0 1 1 1 1 1 1 1 1 1 1 1
instanceKlass java/lang/invoke/DelegatingMethodHandle
instanceKlass java/lang/invoke/BoundMethodHandle
instanceKlass java/lang/invoke/DirectMethodHandle
ciInstanceKlass java/lang/invoke/MethodHandle 1 1 736 100 1 9 7 12 1 1 1 10 7 12 1 1 1 10 7 12 1 1 1 7 1 7 1 10 12 1 1 9 12 1 1 10 12 1 10 12 1 1 10 12 1 1 10 100 12 1 1 1 10 12 1 1 10 12 1 1 11 7 12 1 1 1 10 12 1 1 10 12 1 10 12 1 10 12 1 1 9 12 1 1 9 12 1 1 10 7 12 1 1 1 10 12 1 1 10 12 1 10 12 1 100 1 7 1 10 8 1 10 12 1 1 10 12 1 8 1 10 12 1 1 10 12 1 10 7 12 1 1 1 10 12 1 1 10 12 1 1 10 12 1 1 10 7 12 1 1 1 10 12 1 1 10 12 1 1 10 12 1 10 12 1 1 10 7 12 1 1 10 7 12 1 1 10 12 1 10 12 1 10 12 1 1 10 12 1 1 10 12 1 1 10 12 1 1 10 7 12 1 1 1 10 7 12 1 1 1 10 12 1 1 10 12 1 1 10 12 1 1 8 1 10 7 12 1 1 1 8 1 10 12 1 10 12 1 1 10 12 1 1 10 12 1 8 1 10 12 1 1 8 1 10 12 1 8 1 10 7 12 1 1 1 9 12 1 1 100 1 10 9 7 12 1 1 1 9 7 1 8 1 10 12 1 1 10 12 1 10 12 1 1 10 12 1 10 12 1 1 10 12 1 10 12 1 1 10 12 1 10 12 1 1 10 12 1 1 8 1 10 12 1 1 8 1 10 12 1 10 12 1 1 10 12 1 10 12 1 10 12 1 1 9 100 12 1 1 1 10 12 1 1 11 12 1 10 12 1 10 12 1 1 10 100 12 1 1 100 1 11 12 1 10 100 1 11 12 1 7 1 10 12 1 11 12 1 9 100 12 1 1 1 11 12 1 1 11 100 12 1 1 1 10 12 1 1 9 12 1 11 12 1 9 12 1 9 12 1 9 12 1 11 12 1 1 9 12 1 9 12 1 9 12 1 9 12 1 9 12 1 9 12 1 9 12 1 8 1 10 12 1 10 12 1 8 1 10 12 1 10 12 1 10 12 1 1 10 10 10 7 12 1 1 10 12 1 1 100 1 100 1 8 1 8 1 10 10 12 1 1 10 12 1 10 12 1 7 1 10 100 12 1 1 1 10 9 7 12 1 1 1 10 12 1 1 10 12 1 1 8 1 8 1 10 7 12 1 1 9 12 1 9 12 1 1 9 12 1 1 10 12 1 7 1 10 12 1 10 12 1 1 9 12 1 1 9 12 1 1 10 7 12 1 1 1 11 7 12 1 1 9 12 1 10 12 1 1 10 12 1 9 12 1 10 12 1 8 10 12 1 1 8 1 1 1 1 1 1 1 1 7 1 1 1 1 1 1 1 1 1 1 1 1 1 1 1 1 1 1 1 1 1 1 1 1 1 1 1 1 1 1 100 1 1 1 1 1 1 1 1 1 1 1 1 1 1 1 1 1 1 1 1 1 1 1 1 1 1 1 1 1 1 1 1 1 1 1 1 1 1 1 1 1 1 1 1 1 1 1 1 1 1 1 1 1 1 1 1 1 1 1 1 1 1 1 1 1 1 1 1 1 1 1 1 1 1 1 1 1 1 1 1 1 1 1 1 1 1 100 1 1 100 1 7 1 100 1 1 100 1 1 100 1 1 1 1
staticfield java/lang/invoke/MethodHandle FORM_OFFSET J 20
staticfield java/lang/invoke/MethodHandle UPDATE_OFFSET J 13
staticfield java/lang/invoke/MethodHandle $assertionsDisabled Z 1
ciInstanceKlass java/util/concurrent/ConcurrentHashMap 1 1 1210 7 1 7 1 3 10 12 1 1 3 7 1 10 7 12 1 1 1 7 1 10 7 12 1 1 1 100 1 11 12 1 1 11 12 1 11 12 1 1 9 12 1 1 9 12 1 1 9 12 1 10 7 12 1 1 1 7 1 10 12 1 1 10 12 1 1 10 7 12 1 1 1 4 10 12 1 9 12 1 10 12 1 1 100 1 10 5 0 10 12 1 10 12 1 1 5 0 10 12 1 1 10 12 1 9 12 1 1 10 12 1 1 9 12 1 9 12 1 1 10 12 1 1 9 12 1 10 12 1 1 9 12 1 1 10 12 1 1 100 1 10 7 1 10 12 1 10 12 1 1 10 12 1 1 10 12 1 1 10 12 1 10 12 1 1 10 12 1 1 100 1 10 12 1 1 7 1 100 1 8 1 10 12 1 10 12 1 1 10 12 1 1 11 7 12 1 1 10 12 1 1 11 12 1 1 11 7 12 1 1 1 11 7 12 1 1 1 11 12 1 7 1 11 12 1 11 12 1 10 12 1 1 10 12 1 1 9 12 1 1 10 100 12 1 1 1 9 10 12 1 1 9 12 1 10 12 1 1 5 0 9 12 1 1 7 1 10 12 1 9 12 1 1 7 1 10 12 1 9 12 1 7 1 10 7 1 10 10 12 1 1 8 1 10 12 1 10 12 1 1 11 100 1 10 12 1 10 100 12 1 1 1 8 1 10 100 12 1 1 1 8 1 10 12 1 8 1 10 12 1 10 12 1 1 10 100 12 1 1 10 12 1 10 12 1 10 12 1 9 12 1 9 10 12 1 9 12 1 1 11 7 12 1 1 1 11 7 12 1 1 1 100 1 10 12 11 100 12 1 1 10 11 7 12 1 10 12 1 100 1 10 12 1 100 1 10 10 9 7 12 1 1 1 10 12 3 10 7 12 1 1 9 12 1 10 12 1 1 9 12 1 1 9 12 1 10 12 1 1 10 100 12 1 1 9 12 1 9 7 12 1 1 10 12 1 1 10 12 1 3 9 12 1 9 12 1 10 12 1 1 7 1 9 3 9 12 1 7 1 10 12 1 9 12 1 10 12 1 9 12 1 10 12 1 9 12 1 10 100 12 1 1 1 100 10 12 1 7 1 5 0 10 100 12 1 1 100 1 10 12 1 1 10 12 1 10 12 1 100 1 10 12 1 10 100 1 100 1 10 10 12 1 10 100 1 10 12 1 10 100 1 10 12 1 10 7 1 10 12 1 1 100 1 10 12 1 10 10 12 1 100 1 10 12 1 10 10 12 1 100 1 10 12 1 10 100 1 10 12 1 10 100 1 10 12 1 10 100 1 10 12 1 10 100 1 10 12 1 10 100 1 10 12 1 10 100 1 10 12 1 10 100 1 10 12 1 10 100 1 10 10 100 1 10 10 100 1 10 10 100 1 10 12 1 10 100 1 10 12 1 10 100 1 10 12 1 10 100 1 10 12 1 10 100 1 10 12 1 10 100 1 10 10 100 1 10 10 100 1 10 10 100 1 10 12 1 10 100 1 10 12 1 10 100 1 10 12 1 10 100 1 10 12 1 10 100 1 10 12 1 10 10 12 1 10 7 12 1 1 1 10 12 1 7 1 7 1 10 12 1 9 12 1 1 9 12 1 1 10 12 1 1 8 10 12 1 1 8 8 8 8 7 10 12 1 1 10 12 1 100 1 8 1 10 7 1 7 1 7 1 1 1 5 0 1 1 3 1 3 1 1 1 1 3 1 3 1 3 1 1 1 1 1 3 1 3 1 3 1 1 1 1 1 1 1 1 1 1 1 1 1 1 1 1 1 1 1 1 1 1 1 1 1 100 1 1 1 1 1 1 1 1 1 1 1 1 1 1 1 1 1 1 1 1 1 1 1 1 1 1 1 1 1 1 1 1 1 1 1 1 1 1 1 1 1 1 1 1 1 1 1 1 1 1 1 1 1 1 1 1 1 1 1 1 1 1 1 1 1 1 1 1 1 1 1 1 1 1 1 1 1 1 1 1 1 1 1 1 100 1 1 1 1 1 1 1 1 1 1 1 7 1 1 1 1 1 1 1 1 1 1 1 1 1 1 1 1 1 1 1 1 1 1 1 1 1 1 1 1 1 1 1 1 1 1 1 1 1 1 1 1 1 1 1 1 1 1 1 1 1 1 1 1 1 1 1 1 1 1 1 1 1 1 1 1 1 1 1 1 1 1 1 1 1 1 1 1 1 1 1 1 1 1 1 1 1 1 1 1 1 1 1 1 1 1 1 1 1 1 1 1 1 1 1 1 1 1 1 1 1 1 1 1 1 1 1 1 1 1 1 1 1 1 1 1 1 1 1 1 1 1 1 1 1 1 1 1 1 1 1 1 1 1 1 1 1 1 1 1 1 1 1 1 1 1 1 1 1 1 1 1 1 1 1 1 1 1 1 1 1 1 1 1 1 1 1 1 1 1 1 1 1 1 1 1 1 1 1 1 1 1 1 1 1 1 1 1 1 1 1 1 1 1 1 1 1 1 1 1 1 1 1 1 1 1 1 1 1 1 1 1 1 1 1 100 1 100 1 100 1 100 1 100 1 100 1 100 1 100 1 100 1 1 1 1 1 1 1 1 1 1 1 1 1 1 1 1 1 1 1 1 1 1 1 1 1 1 1 1 1 1 1 1 1 1 1 1 1 1 1 1 1 1 1 1 1 1 1 1 1 1 1 1 1 1 1 1 1 1
staticfield java/util/concurrent/ConcurrentHashMap NCPU I 8
staticfield java/util/concurrent/ConcurrentHashMap serialPersistentFields [Ljava/io/ObjectStreamField; 3 [Ljava/io/ObjectStreamField;
staticfield java/util/concurrent/ConcurrentHashMap U Ljdk/internal/misc/Unsafe; jdk/internal/misc/Unsafe
staticfield java/util/concurrent/ConcurrentHashMap SIZECTL J 20
staticfield java/util/concurrent/ConcurrentHashMap TRANSFERINDEX J 32
staticfield java/util/concurrent/ConcurrentHashMap BASECOUNT J 24
staticfield java/util/concurrent/ConcurrentHashMap CELLSBUSY J 36
staticfield java/util/concurrent/ConcurrentHashMap CELLVALUE J 144
staticfield java/util/concurrent/ConcurrentHashMap ABASE I 16
staticfield java/util/concurrent/ConcurrentHashMap ASHIFT I 2
instanceKlass java/util/Collections$SingletonMap
instanceKlass java/util/TreeMap
instanceKlass java/util/concurrent/ConcurrentSkipListMap
instanceKlass java/util/IdentityHashMap
instanceKlass java/util/EnumMap
instanceKlass java/util/WeakHashMap
instanceKlass java/util/Collections$EmptyMap
instanceKlass sun/util/PreHashedMap
instanceKlass java/util/HashMap
instanceKlass java/util/ImmutableCollections$AbstractImmutableMap
instanceKlass java/util/concurrent/ConcurrentHashMap
ciInstanceKlass java/util/AbstractMap 1 1 198 10 7 12 1 1 1 10 7 12 1 1 1 11 7 12 1 1 1 10 11 12 1 1 11 7 12 1 1 1 11 12 1 1 7 1 11 12 1 10 12 1 1 11 12 1 100 1 10 11 12 1 11 7 1 10 12 1 1 11 12 1 9 12 1 1 7 1 10 12 1 9 12 1 1 100 1 10 11 11 12 1 1 11 12 1 7 1 100 1 11 12 1 8 1 7 1 10 10 12 1 1 8 1 10 12 1 10 12 1 1 10 12 1 1 1 1 1 1 1 1 1 1 1 1 1 1 1 1 1 1 1 1 1 1 1 1 1 1 1 1 1 1 1 1 1 1 1 1 1 1 1 1 7 1 1 1 1 1 1 1 7 1 1 1 1 1 1 1 1 1 7 1 1 1 1 1 1 1 1 1 100 1 100 1 100 1 100 1 100 1 1 1 1 1 1 1 1
ciMethod java/util/concurrent/ConcurrentHashMap get (Ljava/lang/Object;)Ljava/lang/Object; 572 0 5475 0 680
ciMethod java/util/concurrent/ConcurrentHashMap putIfAbsent (Ljava/lang/Object;Ljava/lang/Object;)Ljava/lang/Object; 514 0 7463 0 104
ciInstanceKlass java/util/concurrent/ConcurrentMap 1 1 208 11 7 12 1 1 1 10 100 12 1 1 11 12 1 1 11 100 12 1 1 1 11 7 12 1 1 1 11 12 1 1 100 1 11 12 1 11 12 1 100 1 11 100 12 1 1 1 18 12 1 11 12 1 1 11 100 12 1 1 11 12 1 1 11 100 12 1 11 12 1 1 11 12 1 1 7 1 7 1 1 1 1 1 1 1 1 1 1 1 1 1 1 1 1 1 1 1 1 1 1 1 1 1 1 1 1 1 1 1 1 1 1 1 1 1 1 1 1 1 1 1 1 1 1 1 1 1 1 1 1 1 1 1 1 1 1 1 1 16 15 11 12 15 10 100 12 1 1 1 1 1 100 1 100 1 1 1 100 1 8 1 1 12 10 1 1 1 8 1 1 1 8 1 1 8 1 1 1 8 1 1 1 8 1 1 1 8 1 1 1 8 1 1 1 8 1 1 1 8 1 1 1 8 1 1 8 1
ciInstanceKlass jdk/internal/loader/ClassLoaders 1 1 183 10 7 12 1 1 1 10 7 12 1 1 1 10 12 1 1 10 100 12 1 1 1 9 7 12 1 1 1 9 12 1 1 9 12 1 1 7 1 11 100 12 1 1 1 100 1 11 12 1 1 11 12 1 1 10 100 12 1 1 1 10 100 12 1 1 1 100 1 100 1 10 7 12 1 1 1 9 12 1 1 10 12 1 1 7 1 10 12 1 1 10 12 1 7 1 8 1 10 7 12 1 1 1 10 12 1 1 7 1 10 12 1 10 12 1 10 12 1 8 1 10 7 12 1 1 8 1 8 1 10 12 1 7 1 10 12 1 10 12 1 10 12 1 1 1 1 1 1 1 1 1 1 1 1 1 1 1 1 1 1 1 1 7 1 1 1 1 1 1 1 1 1 1 1 1 1 1 1 1 1 1 1
staticfield jdk/internal/loader/ClassLoaders JLA Ljdk/internal/access/JavaLangAccess; java/lang/System$2
staticfield jdk/internal/loader/ClassLoaders BOOT_LOADER Ljdk/internal/loader/ClassLoaders$BootClassLoader; jdk/internal/loader/ClassLoaders$BootClassLoader
staticfield jdk/internal/loader/ClassLoaders PLATFORM_LOADER Ljdk/internal/loader/ClassLoaders$PlatformClassLoader; jdk/internal/loader/ClassLoaders$PlatformClassLoader
staticfield jdk/internal/loader/ClassLoaders APP_LOADER Ljdk/internal/loader/ClassLoaders$AppClassLoader; jdk/internal/loader/ClassLoaders$AppClassLoader
instanceKlass jdk/internal/loader/ClassLoaders$BootClassLoader
instanceKlass jdk/internal/loader/ClassLoaders$PlatformClassLoader
instanceKlass jdk/internal/loader/ClassLoaders$AppClassLoader
ciInstanceKlass jdk/internal/loader/BuiltinClassLoader 1 1 737 9 7 12 1 1 1 10 7 12 1 1 1 10 7 12 1 1 1 9 12 1 1 9 12 1 1 7 1 10 12 1 9 12 1 10 12 1 9 12 1 10 7 12 1 1 1 10 7 12 1 1 1 10 7 12 1 1 1 11 7 12 1 1 1 7 1 7 1 10 10 12 1 1 8 1 10 12 1 10 12 7 1 10 12 1 10 12 1 1 11 7 12 1 1 1 11 7 12 1 1 1 11 12 1 1 7 1 8 1 8 1 10 9 12 1 1 10 7 12 1 1 11 12 1 1 10 12 1 1 10 12 1 1 10 12 1 1 10 7 12 1 1 1 10 12 1 10 7 12 1 1 1 10 12 1 1 11 7 12 1 1 1 10 7 12 1 1 7 1 10 7 12 1 1 1 10 12 1 7 1 8 1 10 12 1 1 10 8 1 10 12 1 1 10 12 1 1 10 12 1 1 11 7 12 1 1 11 12 1 7 1 10 11 12 1 1 11 10 12 1 1 7 1 10 12 1 10 7 12 1 10 12 1 7 1 10 12 1 10 7 12 1 1 1 100 1 10 12 1 1 11 12 1 7 1 100 1 10 12 1 10 12 1 1 100 1 100 1 10 12 1 10 12 1 18 12 1 1 10 12 1 10 12 1 1 18 100 1 10 7 12 1 1 1 7 1 10 10 12 1 1 10 12 1 1 10 12 1 1 10 12 1 9 12 1 1 100 1 10 10 12 1 1 10 12 1 1 10 12 1 10 12 10 12 1 1 10 12 1 1 10 12 1 1 10 12 1 10 12 1 1 18 12 1 7 1 10 12 1 1 10 12 1 10 12 1 1 10 12 1 100 1 10 12 1 7 1 10 12 1 10 7 12 1 1 1 10 12 1 11 12 1 7 1 10 12 1 7 1 100 1 10 12 1 10 12 1 11 12 1 1 10 12 1 1 10 12 1 1 10 12 1 1 10 12 1 1 10 12 1 10 12 1 10 12 1 10 12 1 8 1 10 12 1 1 10 7 12 1 1 10 12 1 100 1 8 1 8 1 10 10 12 1 8 1 8 1 10 7 12 1 1 1 11 7 12 1 1 1 9 7 12 1 1 1 10 7 12 1 1 1 9 12 1 9 12 1 9 12 1 9 12 1 9 12 1 9 12 1 10 7 12 1 1 1 8 1 10 12 1 7 1 10 12 1 1 10 12 1 7 1 10 11 12 1 1 10 12 10 12 1 10 12 1 100 1 10 12 1 10 12 1 10 10 12 1 10 7 12 1 1 8 1 10 7 12 1 1 10 12 1 1 1 1 1 1 1 1 1 1 1 1 1 1 1 1 1 1 1 1 1 1 1 1 1 1 1 1 1 1 1 1 1 1 1 1 1 1 1 1 1 1 1 1 1 1 1 1 1 1 1 1 1 1 1 1 7 1 1 1 1 1 1 1 1 1 1 1 1 1 1 1 1 1 1 7 1 7 1 1 1 1 1 1 1 1 1 1 1 1 1 1 1 1 1 1 1 1 1 1 1 1 1 1 1 1 1 1 1 1 1 1 1 1 1 1 1 1 1 1 1 1 1 1 1 1 1 1 1 100 1 1 16 15 10 12 16 15 10 12 16 15 10 12 16 1 15 10 100 12 1 1 1 1 1 100 1 1 1 1 1 100 1 100 1 1
staticfield jdk/internal/loader/BuiltinClassLoader packageToModule Ljava/util/Map; java/util/concurrent/ConcurrentHashMap
staticfield jdk/internal/loader/BuiltinClassLoader $assertionsDisabled Z 1
ciInstanceKlass jdk/internal/loader/ClassLoaders$AppClassLoader 1 1 119 8 1 10 7 12 1 1 1 10 7 12 1 1 1 10 7 12 1 1 1 10 12 1 1 10 7 12 1 1 1 10 12 1 1 10 12 1 1 7 1 8 1 10 12 10 7 12 1 1 1 10 7 12 1 1 10 12 1 1 10 12 1 1 10 7 12 1 1 1 7 1 10 12 1 1 1 1 1 1 1 1 1 1 1 1 1 1 1 1 1 1 1 1 1 7 1 1 1 1 1 1 1 1 1 1 1 1 1 1 1 1 1 1 1 7 1 1 1
ciInstanceKlass jdk/internal/loader/ClassLoaders$PlatformClassLoader 1 1 42 8 1 10 7 12 1 1 1 10 7 12 1 1 1 7 1 10 12 1 7 1 1 1 1 1 1 1 1 1 1 1 1 1 1 7 1 1 1 100 1 1
ciInstanceKlass java/lang/ArithmeticException 1 1 26 10 100 12 1 1 1 10 12 1 100 1 1 1 1 5 0 1 1 1 1 1 1 1 1 1
ciInstanceKlass java/lang/ArrayStoreException 1 1 26 10 100 12 1 1 1 10 12 1 100 1 1 1 1 5 0 1 1 1 1 1 1 1 1 1
ciInstanceKlass java/lang/ClassCastException 1 1 26 10 100 12 1 1 1 10 12 1 100 1 1 1 1 5 0 1 1 1 1 1 1 1 1 1
ciInstanceKlass java/lang/ClassNotFoundException 1 1 96 7 1 10 7 12 1 1 1 10 12 1 10 12 1 1 10 100 12 1 1 1 8 1 10 100 12 1 1 1 10 7 12 1 1 10 100 12 1 1 1 10 100 12 1 1 1 10 12 1 1 7 1 10 12 1 9 12 1 1 1 1 1 5 0 1 1 1 1 1 1 1 1 1 1 1 1 1 1 1 1 1 1 100 1 1 1 1 1 1 1 1 1 1 1 1
staticfield java/lang/ClassNotFoundException serialPersistentFields [Ljava/io/ObjectStreamField; 1 [Ljava/io/ObjectStreamField;
ciInstanceKlass java/lang/IllegalMonitorStateException 1 1 26 10 100 12 1 1 1 10 12 1 100 1 1 1 1 5 0 1 1 1 1 1 1 1 1 1
ciInstanceKlass java/lang/BootstrapMethodError 0 0 45 10 100 12 1 1 1 10 12 1 10 12 1 10 100 12 1 1 1 10 100 12 1 1 1 1 1 1 5 0 1 1 1 1 1 1 1 1 1 1 1 100 1 1 1
instanceKlass java/lang/ExceptionInInitializerError
instanceKlass java/lang/IncompatibleClassChangeError
instanceKlass java/lang/BootstrapMethodError
instanceKlass java/lang/NoClassDefFoundError
ciInstanceKlass java/lang/LinkageError 1 1 31 10 7 12 1 1 1 10 12 1 10 12 1 100 1 1 1 1 5 0 1 1 1 1 1 1 1 1 1 1 1
ciInstanceKlass java/lang/NullPointerException 1 1 52 10 100 12 1 1 1 10 12 1 9 100 12 1 1 1 10 12 1 1 9 12 1 1 10 12 1 1 10 12 1 1 1 1 5 0 1 1 1 1 1 1 1 1 100 1 100 1 100 1 1 1
ciInstanceKlass java/lang/NoClassDefFoundError 1 1 26 10 7 12 1 1 1 10 12 1 100 1 1 1 1 5 0 1 1 1 1 1 1 1 1 1
ciInstanceKlass java/lang/StackOverflowError 1 1 26 10 100 12 1 1 1 10 12 1 100 1 1 1 1 5 0 1 1 1 1 1 1 1 1 1
ciInstanceKlass java/lang/StackTraceElement 1 1 235 10 7 12 1 1 1 10 7 12 1 1 9 12 1 1 9 12 1 1 9 12 1 9 12 1 8 1 10 100 12 1 1 1 7 1 9 12 1 8 1 9 12 1 9 12 1 9 12 1 1 10 12 1 1 10 12 1 8 1 10 7 12 1 1 1 7 1 10 12 1 10 12 1 1 10 12 1 10 12 1 1 10 12 1 10 12 1 10 10 12 1 8 1 10 12 1 10 12 1 1 10 12 1 1 10 12 1 10 12 1 10 12 1 9 12 1 1 10 7 12 1 1 1 10 12 1 1 7 1 10 12 1 1 10 7 12 1 1 10 7 12 1 1 1 10 7 12 1 1 10 7 12 1 1 10 10 12 1 1 10 12 1 1 10 12 1 1 10 12 1 7 1 1 1 1 1 1 1 3 1 3 1 1 5 0 1 1 1 1 1 1 1 1 1 1 1 1 1 1 1 1 1 1 1 1 1 1 1 1 1 1 1 1 1 7 1 7 1 1 1 1 1 1 1 100 1 1 1 1 1 1 1 1 1
instanceKlass java/util/concurrent/locks/AbstractQueuedSynchronizer
ciInstanceKlass java/util/concurrent/locks/AbstractOwnableSynchronizer 1 1 32 10 7 12 1 1 1 9 7 12 1 1 1 100 1 1 1 1 5 0 1 1 1 1 1 1 1 1 1 1 1 1
ciInstanceKlass jdk/internal/vm/Continuation 0 0 549 9 100 12 1 1 1 9 12 1 9 12 1 100 1 7 1 10 12 1 1 8 1 10 12 1 1 10 12 1 10 12 1 1 10 12 1 9 7 12 1 1 1 11 100 12 1 1 1 10 7 1 9 12 1 1 9 12 1 1 10 8 1 10 12 1 9 12 1 1 10 11 12 1 1 100 1 10 100 12 1 1 1 10 12 1 1 10 12 1 10 12 1 1 11 12 1 1 9 12 1 1 10 12 1 1 18 12 1 1 10 7 12 1 1 1 100 1 10 12 1 11 100 12 1 1 1 10 12 1 9 12 1 10 12 1 1 100 1 8 1 10 12 1 10 12 1 1 9 12 1 1 11 12 1 1 9 12 1 1 8 1 10 11 12 1 1 11 12 1 1 10 12 1 1 10 12 1 1 9 12 1 10 12 1 10 10 12 1 8 1 10 12 1 8 1 8 1 10 7 12 1 1 1 10 7 12 1 1 1 10 12 1 9 12 1 11 12 1 7 1 10 12 1 10 12 1 1 9 12 1 1 7 1 10 12 1 1 9 12 1 1 10 12 1 10 12 1 11 7 12 1 1 10 7 1 10 12 1 8 1 9 12 1 10 12 1 1 9 12 1 1 10 7 12 1 1 8 1 8 1 8 1 8 1 10 12 1 1 10 12 1 10 12 1 10 12 1 10 12 1 1 10 12 1 1 8 1 10 12 1 1 9 12 1 1 10 12 1 1 9 12 1 8 1 10 7 12 1 1 1 10 12 1 8 1 100 1 8 1 10 9 12 1 1 8 1 10 7 12 1 1 10 100 12 1 1 8 1 8 1 10 12 10 100 12 1 1 1 10 7 1 10 7 12 1 1 1 18 11 100 12 1 1 1 18 12 1 11 12 1 1 7 1 10 7 12 1 1 10 12 1 1 8 10 12 1 1 10 100 12 1 1 1 10 100 12 1 1 10 12 1 8 1 10 12 1 7 1 7 1 10 12 1 1 1 1 1 1 1 1 1 1 1 1 1 1 1 1 1 1 1 1 1 1 1 1 1 1 1 1 1 1 1 1 1 1 1 1 1 1 1 1 1 1 1 1 1 1 1 1 1 1 1 1 1 1 1 1 1 1 1 1 1 1 1 1 1 1 1 1 1 1 1 1 1 1 1 100 1 1 16 1 15 10 12 16 15 11 7 12 1 1 1 16 1 16 1 15 10 12 16 15 10 100 12 1 1 1 1 1 1 1 1 100 1 100 1 1
ciInstanceKlass jdk/internal/misc/UnsafeConstants 1 1 34 10 100 12 1 1 1 9 7 12 1 1 1 9 12 1 9 12 1 1 9 12 1 9 12 1 1 1 1 1 1 1 1 1
staticfield jdk/internal/misc/UnsafeConstants ADDRESS_SIZE0 I 8
staticfield jdk/internal/misc/UnsafeConstants PAGE_SIZE I 4096
staticfield jdk/internal/misc/UnsafeConstants BIG_ENDIAN Z 0
staticfield jdk/internal/misc/UnsafeConstants UNALIGNED_ACCESS Z 1
staticfield jdk/internal/misc/UnsafeConstants DATA_CACHE_LINE_FLUSH_SIZE I 0
ciInstanceKlass java/lang/Void 1 1 31 10 7 12 1 1 1 8 1 10 7 12 1 1 1 9 7 12 1 1 1 1 1 1 1 1 1 1 1 1 1
staticfield java/lang/Void TYPE Ljava/lang/Class; java/lang/Class
ciInstanceKlass java/lang/invoke/LambdaForm 1 1 1060 7 1 100 1 10 7 12 1 1 1 9 12 1 1 9 12 1 9 12 1 9 12 1 1 9 12 1 1 9 12 1 1 9 12 1 1 9 12 1 1 9 12 1 10 7 12 1 1 9 12 1 10 12 1 1 100 1 10 10 12 1 1 10 12 1 10 12 1 10 12 1 1 10 12 1 9 12 1 9 12 1 10 12 1 1 10 7 12 1 1 1 10 12 1 1 9 100 12 1 1 1 10 12 1 1 9 7 12 1 1 10 12 1 10 12 1 1 10 12 1 1 10 12 1 1 7 1 10 7 12 1 1 1 10 12 1 1 10 12 1 10 12 1 1 9 12 1 1 9 12 1 9 12 1 1 10 12 1 9 12 1 10 100 12 1 1 1 10 12 1 1 7 1 10 12 1 9 12 1 1 10 7 12 1 1 1 10 12 1 10 12 1 7 1 10 12 1 10 12 1 10 12 1 1 10 12 1 1 10 12 1 10 12 1 10 12 1 10 12 1 1 8 1 10 12 1 10 12 1 10 10 12 1 8 1 8 1 9 12 1 9 12 1 1 10 12 1 1 10 12 1 9 12 1 10 12 1 1 10 7 12 1 1 1 10 12 1 1 10 12 1 10 12 1 10 100 12 1 1 1 9 12 1 10 12 1 8 1 8 1 8 1 8 1 8 1 8 1 8 1 8 1 10 12 1 9 12 1 7 1 10 12 1 1 9 12 1 10 12 1 10 12 1 1 10 12 10 12 1 10 12 1 1 10 12 1 1 10 10 12 1 1 10 12 1 1 7 1 8 1 10 12 1 1 10 12 1 10 12 1 1 10 8 1 10 12 1 1 8 1 8 1 8 1 10 12 1 10 12 1 10 12 1 1 100 1 10 12 1 1 10 12 1 1 10 7 12 1 1 1 10 12 1 1 9 12 1 1 8 1 10 100 12 1 1 1 10 7 12 1 1 10 12 10 12 1 1 10 12 1 1 9 12 1 8 10 12 1 1 100 1 10 12 1 1 10 12 1 9 7 12 1 1 9 7 12 1 1 1 8 1 10 100 12 1 1 10 12 1 1 7 1 7 1 10 10 12 1 1 10 12 1 1 8 1 8 1 7 1 8 1 10 12 10 12 1 10 12 1 10 12 1 1 8 1 8 1 10 12 1 10 12 1 1 8 1 8 1 8 1 7 1 8 1 7 1 8 1 7 1 8 1 10 12 1 8 1 9 10 7 12 1 1 1 10 12 1 9 12 1 1 10 12 1 10 10 12 1 10 12 1 10 12 1 10 12 1 1 10 12 1 10 12 1 1 10 12 1 1 10 12 1 1 10 12 1 1 8 1 100 10 12 1 10 12 1 9 12 1 1 10 7 12 1 1 8 1 8 1 7 1 8 1 8 1 8 1 8 1 8 1 8 1 8 1 8 1 10 12 1 1 10 12 1 1 10 12 1 10 12 1 10 12 1 10 12 1 8 1 8 1 8 1 10 12 1 8 1 10 12 1 8 1 8 1 8 1 8 1 8 1 10 12 1 10 12 1 10 12 1 1 10 7 12 1 1 1 10 12 1 10 12 1 10 12 1 10 12 1 10 12 1 10 12 1 10 12 1 9 12 1 1 8 1 10 12 1 1 9 12 1 1 10 12 1 1 9 12 1 9 12 1 1 9 12 1 9 12 1 1 7 1 10 7 12 1 1 1 9 12 1 10 12 1 10 12 1 8 1 10 12 1 9 12 1 1 7 1 10 7 12 1 1 1 8 1 100 1 10 12 1 9 12 1 9 12 1 10 12 1 10 12 1 10 7 12 1 1 1 10 12 1 9 7 12 1 1 10 12 1 1 10 12 1 10 12 1 10 12 1 9 12 10 12 1 10 10 12 1 9 12 1 9 9 12 1 7 9 12 1 1 10 12 1 1 9 12 1 10 12 1 10 7 1 9 1 1 1 1 3 1 3 1 1 3 1 3 1 1 1 1 1 1 1 1 1 1 1 1 1 1 1 1 1 1 1 1 1 1 1 1 1 1 1 1 1 1 1 1 1 1 1 1 1 1 1 1 1 1 1 1 1 1 1 1 1 1 1 100 1 1 1 1 1 1 1 1 1 1 1 1 1 1 1 1 1 1 1 1 1 1 1 1 1 1 1 1 1 1 1 1 1 1 1 1 1 1 1 1 1 1 1 1 1 1 1 1 1 1 1 1 1 1 1 1 1 1 1 1 1 1 1 100 1 1 1 1 1 1 1 1 1 1 1 1 1 1 1 1 1 1 1 1 1 1 1 1 1 1 1 1 1 1 1 1 1 1 7 1 1 1 1 1 1 1 1 1 1 1 1 1 1 1 1 1 1 1 1 1 1 100 1 1 1 100 1 1 7 1 1 1 1 1 1 1 1 1 1 1
staticfield java/lang/invoke/LambdaForm DEFAULT_CUSTOMIZED Ljava/lang/invoke/MethodHandle; null
staticfield java/lang/invoke/LambdaForm DEFAULT_KIND Ljava/lang/invoke/LambdaForm$Kind; java/lang/invoke/LambdaForm$Kind
staticfield java/lang/invoke/LambdaForm COMPILE_THRESHOLD I 0
staticfield java/lang/invoke/LambdaForm INTERNED_ARGUMENTS [[Ljava/lang/invoke/LambdaForm$Name; 5 [[Ljava/lang/invoke/LambdaForm$Name;
staticfield java/lang/invoke/LambdaForm IMPL_NAMES Ljava/lang/invoke/MemberName$Factory; java/lang/invoke/MemberName$Factory
staticfield java/lang/invoke/LambdaForm LF_identity [Ljava/lang/invoke/LambdaForm; 6 [Ljava/lang/invoke/LambdaForm;
staticfield java/lang/invoke/LambdaForm LF_zero [Ljava/lang/invoke/LambdaForm; 6 [Ljava/lang/invoke/LambdaForm;
staticfield java/lang/invoke/LambdaForm NF_identity [Ljava/lang/invoke/LambdaForm$NamedFunction; 6 [Ljava/lang/invoke/LambdaForm$NamedFunction;
staticfield java/lang/invoke/LambdaForm NF_zero [Ljava/lang/invoke/LambdaForm$NamedFunction; 6 [Ljava/lang/invoke/LambdaForm$NamedFunction;
staticfield java/lang/invoke/LambdaForm createFormsLock Ljava/lang/Object; java/lang/Object
staticfield java/lang/invoke/LambdaForm DEBUG_NAME_COUNTERS Ljava/util/HashMap; null
staticfield java/lang/invoke/LambdaForm DEBUG_NAMES Ljava/util/HashMap; null
staticfield java/lang/invoke/LambdaForm TRACE_INTERPRETER Z 0
staticfield java/lang/invoke/LambdaForm $assertionsDisabled Z 1
ciInstanceKlass java/lang/invoke/MemberName 1 1 729 7 1 7 1 100 1 9 12 1 1 10 7 12 1 1 1 9 12 1 1 10 12 1 1 10 12 1 1 10 12 1 1 10 12 1 10 12 1 1 10 7 12 1 1 1 10 12 1 9 7 12 1 1 10 12 1 7 1 7 1 10 12 1 8 1 10 12 1 1 10 12 1 10 12 1 1 10 12 1 9 12 1 1 8 1 10 100 12 1 1 1 7 1 10 10 12 1 1 7 1 7 1 10 12 1 9 12 1 1 100 1 8 1 10 12 1 10 12 1 10 12 1 10 12 1 10 12 1 1 10 12 1 10 12 1 10 12 1 1 8 1 8 1 10 12 1 8 1 9 12 1 1 3 10 12 1 10 12 1 10 12 1 10 10 7 12 1 1 1 10 12 1 10 12 1 10 12 1 10 12 1 7 1 8 10 12 1 1 10 12 1 1 8 1 9 7 1 8 9 7 1 10 12 1 1 10 12 1 10 12 1 8 1 10 12 1 1 10 12 1 10 12 1 10 12 1 10 12 1 1 7 1 10 12 1 1 10 12 1 8 1 10 12 1 10 12 1 8 1 10 12 1 1 10 12 1 1 7 1 10 12 1 1 10 12 8 1 8 1 7 1 10 12 1 10 100 12 1 1 1 100 1 10 12 10 12 1 10 12 1 10 12 1 10 12 1 10 10 12 1 10 12 1 10 12 1 3 10 12 1 3 10 12 1 3 3 3 3 3 3 10 12 1 3 9 12 1 10 12 1 1 3 10 12 1 10 10 7 12 1 1 1 10 12 1 1 10 7 12 1 1 10 10 12 1 10 12 1 1 10 12 1 10 10 12 1 1 10 12 1 10 12 1 10 12 1 7 1 10 10 10 12 100 1 10 10 10 12 1 1 10 12 1 1 10 10 12 1 8 10 7 1 10 12 1 10 7 1 10 12 1 10 12 1 10 12 1 10 10 12 1 10 12 1 1 10 12 1 1 10 12 1 10 12 1 10 12 1 100 1 10 12 1 1 100 1 8 1 10 7 1 10 12 1 10 12 10 12 1 1 10 12 1 10 12 1 8 1 8 1 8 1 8 1 10 12 1 10 12 1 10 7 12 1 1 1 8 1 8 1 10 12 1 8 1 10 10 10 12 1 10 12 1 8 1 8 1 10 10 12 1 8 1 10 100 12 1 1 1 8 1 100 1 10 12 1 10 12 1 1 10 12 1 8 1 8 1 8 1 8 1 100 1 10 8 1 8 1 8 1 8 1 10 12 1 100 1 100 1 100 1 10 100 1 10 7 1 10 7 12 1 1 1 9 7 12 1 1 1 7 1 7 1 1 1 1 1 1 1 3 1 3 1 3 1 3 1 3 1 3 1 1 1 1 1 1 1 1 3 1 3 1 1 1 1 1 1 1 1 1 1 1 1 1 1 1 1 1 1 1 1 1 1 1 1 1 1 1 1 1 1 1 1 1 1 1 1 1 1 1 1 1 1 1 1 1 1 1 1 1 1 1 1 1 1 1 1 1 1 1 1 1 1 1 1 1 1 1 1 1 1 1 1 1 1 1 1 1 1 1 1 1 1 1 1 1 1 1 1 1 1 1 1 1 1 1 1 1 1 1 1 7 1 1 1 1 1 1 1 1 1 1 1 1 1 1 1 1
staticfield java/lang/invoke/MemberName $assertionsDisabled Z 1
instanceKlass java/lang/invoke/VarHandleBytes$FieldInstanceReadOnly
instanceKlass java/lang/invoke/LazyInitializingVarHandle
instanceKlass java/lang/invoke/VarHandleReferences$FieldStaticReadOnly
instanceKlass java/lang/invoke/VarHandleLongs$FieldInstanceReadOnly
instanceKlass java/lang/invoke/VarHandleBooleans$FieldInstanceReadOnly
instanceKlass java/lang/invoke/VarHandleByteArrayAsDoubles$ByteArrayViewVarHandle
instanceKlass java/lang/invoke/VarHandleByteArrayAsLongs$ByteArrayViewVarHandle
instanceKlass java/lang/invoke/VarHandleByteArrayAsFloats$ByteArrayViewVarHandle
instanceKlass java/lang/invoke/VarHandleByteArrayAsInts$ByteArrayViewVarHandle
instanceKlass java/lang/invoke/VarHandleByteArrayAsChars$ByteArrayViewVarHandle
instanceKlass java/lang/invoke/VarHandleByteArrayAsShorts$ByteArrayViewVarHandle
instanceKlass java/lang/invoke/VarHandleReferences$FieldInstanceReadOnly
instanceKlass java/lang/invoke/VarHandleInts$FieldInstanceReadOnly
ciInstanceKlass java/lang/invoke/VarHandle 1 1 474 10 7 12 1 1 1 10 7 12 1 1 9 12 1 1 9 12 1 1 10 12 1 1 8 1 10 12 1 1 10 7 12 1 1 1 10 12 1 1 10 7 12 1 1 1 9 100 12 1 1 1 10 12 1 1 10 7 12 1 1 1 10 12 1 1 9 12 1 10 12 1 9 12 1 1 10 100 12 1 1 10 12 1 9 100 12 1 1 1 9 12 1 1 10 12 1 1 100 1 7 1 10 8 1 10 12 1 1 10 12 1 8 1 10 12 1 10 12 1 9 12 1 1 9 12 1 10 12 1 10 12 1 1 10 12 1 10 10 100 12 1 1 1 10 12 1 1 10 12 1 1 10 7 12 1 1 1 10 100 12 1 1 1 10 100 12 1 1 1 9 12 1 1 9 10 12 1 10 12 1 1 10 12 1 1 10 12 1 10 7 12 1 1 1 9 12 1 1 10 12 1 1 9 12 1 10 12 1 10 12 1 10 7 12 1 1 100 1 10 9 7 12 1 1 1 9 12 1 1 10 7 12 1 1 1 10 12 1 10 12 1 10 12 1 10 12 1 10 12 1 10 12 1 1 8 10 12 1 1 7 1 10 12 1 1 7 1 1 1 1 1 1 1 1 1 1 1 1 1 1 1 1 1 1 1 1 1 1 1 1 1 1 1 1 1 1 1 1 1 1 1 1 1 1 1 1 1 1 1 1 1 1 1 1 1 1 1 1 1 1 1 1 1 1 1 1 1 1 1 1 1 100 1 1 1 1 1 1 1 1 100 1 1 1 1 1 1 1 1 1 1 1 1 100 1 100 1 1 100 1 100 1 100 1 100 1 100 1 100 1 100 1 100 1 100 1 100 1 100 1 100 1 100 1 100 1 100 1 100 1 100 1 100 1 100 1 100 1 100 1 100 1 100 1 100 1 100 1 100 1 100 1 100 1 100 1 100 1 100 1 100 1 100 1 100 1 100 1 100 1 1 1 1 1 1 100 1 1 1 100 1 1 100 1 100 1 100 1 100 1 100 1 100 1 1 1 1 100 1 100 1 100 1 100 1 100 1 100 1 100 1 100 1
staticfield java/lang/invoke/VarHandle VFORM_OFFSET J 16
staticfield java/lang/invoke/VarHandle $assertionsDisabled Z 1
instanceKlass jdk/internal/reflect/DirectMethodHandleAccessor
ciInstanceKlass jdk/internal/reflect/MethodAccessorImpl 1 1 38 10 7 12 1 1 1 10 100 12 1 1 1 100 1 1 1 1 1 1 1 100 1 100 1 1 1 1 1 1 1 1 1 1 1 1 1 1
ciInstanceKlass jdk/internal/reflect/MethodAccessor 1 0 17 100 1 100 1 1 1 1 100 1 100 1 1 1 1 1 1
instanceKlass jdk/internal/reflect/FieldAccessorImpl
instanceKlass jdk/internal/reflect/ConstructorAccessorImpl
instanceKlass jdk/internal/reflect/MethodAccessorImpl
ciInstanceKlass jdk/internal/reflect/MagicAccessorImpl 1 1 16 10 7 12 1 1 1 100 1 1 1 1 1 1 1 1
ciInstanceKlass jdk/internal/reflect/DelegatingClassLoader 0 0 18 10 100 12 1 1 1 100 1 1 1 1 1 1 1 1 1 1
ciInstanceKlass jdk/internal/reflect/CallerSensitive 0 0 17 100 1 100 1 100 1 1 1 1 1 1 1 1 1 1 1
ciInstanceKlass jdk/internal/reflect/DirectConstructorHandleAccessor$NativeAccessor 1 1 44 10 7 12 1 1 1 9 7 12 1 1 1 10 12 1 1 1 1 1 1 1 1 1 1 1 1 1 1 1 1 1 100 1 100 1 1 1 1 1 100 1 1 1
ciInstanceKlass jdk/internal/reflect/ConstructorAccessor 1 0 16 100 1 100 1 1 1 1 100 1 100 1 100 1 1 1
instanceKlass jdk/internal/reflect/DirectConstructorHandleAccessor
instanceKlass jdk/internal/reflect/SerializationConstructorAccessorImpl
instanceKlass jdk/internal/reflect/DirectConstructorHandleAccessor$NativeAccessor
ciInstanceKlass jdk/internal/reflect/ConstructorAccessorImpl 1 1 27 10 7 12 1 1 1 100 1 100 1 1 1 1 1 1 1 1 1 100 1 100 1 100 1 1 1
ciInstanceKlass jdk/internal/reflect/SerializationConstructorAccessorImpl 0 0 16 10 100 12 1 1 1 100 1 1 1 1 1 1 1 1
ciInstanceKlass jdk/internal/reflect/ConstantPool 1 1 142 10 7 12 1 1 1 9 7 12 1 1 1 10 12 1 1 10 12 1 1 10 12 1 10 12 1 1 10 12 1 1 10 12 1 10 12 1 1 10 12 1 10 12 1 1 10 12 1 10 12 1 10 12 1 10 12 1 1 10 12 1 1 10 12 1 1 10 12 1 1 10 12 1 10 12 1 1 10 100 12 1 1 1 8 11 7 12 1 1 1 10 7 12 1 1 1 1 1 1 1 1 1 1 1 1 1 1 1 1 1 1 1 1 1 1 1 1 1 1 1 1 1 1 1 1 1 1 1 1 1 1 1 1 1 1 1 1 1 1 1 1
instanceKlass java/lang/invoke/VolatileCallSite
instanceKlass java/lang/invoke/MutableCallSite
instanceKlass java/lang/invoke/ConstantCallSite
ciInstanceKlass java/lang/invoke/CallSite 1 1 308 10 7 12 1 1 1 10 7 12 1 1 1 9 7 12 1 1 1 10 12 1 1 9 12 1 1 10 7 12 1 1 1 10 12 1 7 1 10 12 1 1 10 12 1 1 9 100 12 1 1 1 10 7 12 1 1 10 12 1 1 100 1 7 1 10 10 7 12 1 1 1 10 12 1 1 8 1 10 12 1 10 12 1 1 10 12 1 10 12 1 1 10 12 1 1 10 10 100 12 1 1 10 12 1 1 9 12 1 9 100 12 1 1 1 8 1 10 7 12 1 1 1 10 12 1 1 7 1 10 12 1 1 9 12 1 8 1 100 1 10 12 1 10 12 1 100 1 8 1 10 10 12 1 10 12 1 1 100 1 10 12 1 1 10 12 1 10 12 1 10 12 1 1 10 12 1 1 9 12 1 1 8 10 12 1 1 9 12 1 1 100 1 10 10 12 1 10 7 12 1 1 1 10 12 1 1 10 12 1 1 10 12 1 10 7 12 1 1 1 7 1 8 1 10 10 12 10 12 1 1 7 1 7 1 7 1 8 1 10 12 1 10 7 12 1 1 1 1 1 1 1 1 1 1 1 1 1 1 1 1 1 1 1 1 1 1 1 1 1 1 1 1 1 1 1 1 1 1 1 1 1 1 1 1 1 1 1 1 1 1 1 1 1 1 1 1 1 1 1 1 7 1 7 1 1 1 1
staticfield java/lang/invoke/CallSite $assertionsDisabled Z 1
ciInstanceKlass java/lang/invoke/ConstantCallSite 1 1 65 10 7 12 1 1 1 9 7 12 1 1 1 9 12 1 1 10 7 12 1 1 1 10 12 1 100 1 10 12 9 12 1 1 100 1 10 10 12 1 1 10 12 1 1 1 1 1 1 1 1 1 1 1 1 1 100 1 1 1 1 1 1 1 1
staticfield java/lang/invoke/ConstantCallSite UNSAFE Ljdk/internal/misc/Unsafe; jdk/internal/misc/Unsafe
instanceKlass java/lang/invoke/DirectMethodHandle$Special
instanceKlass java/lang/invoke/DirectMethodHandle$Interface
instanceKlass java/lang/invoke/DirectMethodHandle$Constructor
instanceKlass java/lang/invoke/DirectMethodHandle$Accessor
ciInstanceKlass java/lang/invoke/DirectMethodHandle 1 1 923 7 1 7 1 100 1 7 1 7 1 10 7 12 1 1 1 10 7 12 1 1 1 7 1 10 12 1 10 12 1 1 10 7 12 1 1 10 12 1 1 10 12 1 10 12 1 7 1 10 12 1 1 10 12 1 1 10 12 1 10 12 1 1 10 7 12 1 1 1 10 12 1 9 12 1 1 100 1 10 9 12 1 1 9 12 1 10 12 1 10 12 1 10 12 1 1 10 12 1 10 12 1 10 12 1 10 7 12 1 1 1 10 12 1 10 12 1 1 8 1 10 12 1 1 7 1 10 12 1 7 1 10 10 12 1 10 12 1 10 12 1 10 7 12 1 1 1 10 12 1 1 100 1 10 12 1 10 12 1 7 1 10 12 1 10 12 1 1 10 12 1 1 10 12 8 10 7 12 1 1 1 10 12 1 10 12 1 10 12 1 1 10 12 1 9 7 12 1 1 1 7 1 10 12 1 10 7 12 1 1 1 10 12 1 10 12 1 1 9 12 1 1 7 1 10 8 1 10 12 1 1 10 12 1 1 8 1 10 12 1 10 12 1 10 10 12 1 10 12 1 10 12 1 10 12 1 10 12 1 1 10 12 1 10 12 1 1 10 12 1 10 12 1 1 10 10 7 12 1 1 1 10 12 1 10 12 1 1 10 12 1 10 12 1 1 8 1 9 7 12 1 1 1 8 1 9 12 1 9 12 1 8 1 9 12 1 9 12 1 8 1 9 12 1 9 12 1 8 1 10 12 1 10 12 1 1 9 12 1 1 7 1 10 12 1 1 7 1 10 7 12 1 1 1 10 12 1 1 10 12 1 10 12 1 1 7 1 10 12 1 1 10 12 1 10 12 1 1 7 1 10 12 1 1 10 12 1 10 7 12 1 1 1 10 12 1 10 12 1 1 10 12 1 9 12 1 1 10 7 1 9 12 9 12 1 10 7 12 1 1 1 10 12 1 7 1 7 1 7 1 9 12 1 1 10 7 12 1 1 1 10 12 10 12 1 7 1 10 12 1 10 12 1 1 8 1 9 12 1 9 12 1 10 12 1 1 9 12 1 1 10 7 12 1 1 1 9 12 1 1 9 12 1 1 10 12 1 10 12 1 10 12 1 10 12 1 1 10 12 1 9 12 1 10 12 1 10 12 1 10 12 1 10 12 1 1 10 12 1 1 9 12 1 1 10 12 1 1 9 7 12 1 1 1 9 12 1 9 12 1 9 12 1 9 12 1 9 12 1 9 12 1 9 12 1 9 12 1 9 12 1 9 12 1 9 12 1 9 12 1 9 12 1 9 12 1 9 12 1 9 12 1 9 12 1 9 12 1 9 12 1 9 12 1 9 12 1 9 12 1 9 12 1 9 12 1 9 12 1 9 12 1 9 12 1 9 12 1 9 12 1 9 12 1 9 12 1 9 12 1 9 12 1 9 12 1 9 12 1 9 12 1 8 1 9 12 1 1 9 12 1 1 10 12 1 10 12 1 1 9 7 1 10 12 1 9 12 1 1 10 12 10 12 1 10 12 1 10 12 1 10 12 1 10 8 1 8 1 8 1 8 1 10 12 1 1 9 12 1 1 10 12 1 10 100 12 1 1 1 8 9 12 1 1 10 12 1 1 8 1 8 8 9 12 1 8 1 8 8 8 8 8 1 8 10 12 1 7 1 10 12 1 8 1 8 1 10 12 1 10 12 1 10 12 1 10 12 1 1 7 1 1 1 1 3 1 3 1 3 1 3 1 3 1 3 1 3 1 3 1 3 1 3 1 1 1 1 1 1 1 1 1 1 3 1 3 1 1 1 1 3 1 1 1 1 1 1 1 1 1 1 1 1 1 1 1 1 1 1 1 1 1 1 1 1 1 1 1 1 1 1 1 1 1 1 1 1 1 1 1 1 1 1 1 1 1 1 1 1 1 1 1 1 1 1 1 1 1 1 100 1 1 1 1 1 1 1 1 1 100 1 1 1 1 1 1 1 1 1 1 1 1 1 1 1 1 1 1 1 1 1 1 1 1 1 1 1 1 1 1 1 1 1 1 1 1 1 1 1 1 1 1 1 1 1 1 1 1 1 1 1 1
staticfield java/lang/invoke/DirectMethodHandle IMPL_NAMES Ljava/lang/invoke/MemberName$Factory; java/lang/invoke/MemberName$Factory
staticfield java/lang/invoke/DirectMethodHandle FT_UNCHECKED_REF I 8
staticfield java/lang/invoke/DirectMethodHandle ACCESSOR_FORMS [Ljava/lang/invoke/LambdaForm; 132 [Ljava/lang/invoke/LambdaForm;
staticfield java/lang/invoke/DirectMethodHandle ALL_WRAPPERS [Lsun/invoke/util/Wrapper; 10 [Lsun/invoke/util/Wrapper;
staticfield java/lang/invoke/DirectMethodHandle NFS [Ljava/lang/invoke/LambdaForm$NamedFunction; 12 [Ljava/lang/invoke/LambdaForm$NamedFunction;
staticfield java/lang/invoke/DirectMethodHandle OBJ_OBJ_TYPE Ljava/lang/invoke/MethodType; java/lang/invoke/MethodType
staticfield java/lang/invoke/DirectMethodHandle LONG_OBJ_TYPE Ljava/lang/invoke/MethodType; java/lang/invoke/MethodType
staticfield java/lang/invoke/DirectMethodHandle $assertionsDisabled Z 1
ciInstanceKlass java/lang/invoke/MutableCallSite 0 0 63 10 100 12 1 1 1 10 12 1 9 100 12 1 1 1 10 12 1 10 12 1 1 9 12 1 1 10 100 12 1 1 1 10 100 12 1 1 1 10 12 1 1 1 1 1 1 1 1 1 1 1 1 1 1 1 1 1 1 100 1 1 1
ciInstanceKlass java/lang/invoke/VolatileCallSite 0 0 37 10 100 12 1 1 1 10 12 1 10 100 12 1 1 1 10 12 1 10 12 1 1 1 1 1 1 1 1 1 1 1 1 1 1 1 1
ciInstanceKlass java/lang/invoke/ResolvedMethodName 1 1 25 10 100 12 1 1 1 9 7 12 1 1 1 1 1 1 1 1 1 1 1 1 1 1 1
ciInstanceKlass java/lang/invoke/MethodHandleNatives 1 1 694 100 1 10 7 12 1 1 1 9 7 12 1 1 1 10 12 1 1 100 1 10 10 12 1 1 10 12 1 10 12 1 8 1 8 1 8 1 8 1 8 1 8 1 8 1 8 1 8 1 8 1 10 12 1 1 7 1 10 7 12 1 1 1 10 7 12 1 1 1 7 1 10 10 12 1 1 8 1 10 12 1 8 1 10 12 1 1 8 1 10 12 1 1 9 7 12 1 1 1 8 1 10 100 12 1 1 1 7 1 10 12 100 1 100 1 8 1 7 1 10 10 12 1 7 1 9 7 12 1 1 10 12 1 1 10 12 1 10 7 12 1 1 1 10 12 1 1 9 12 1 8 1 10 12 1 1 10 12 1 8 1 10 12 1 1 7 1 10 12 1 10 7 12 1 1 1 10 12 1 10 12 1 1 10 12 1 1 8 1 10 12 1 1 8 1 10 12 1 8 1 8 1 8 1 7 1 10 12 1 8 1 10 7 12 1 1 1 10 12 1 1 10 7 12 1 1 10 10 12 1 1 10 12 1 10 100 12 1 1 1 100 1 8 1 10 100 12 1 1 1 7 1 8 1 10 12 1 8 1 8 1 8 1 8 1 8 1 10 12 1 1 10 12 1 1 10 12 1 10 12 1 1 10 12 1 1 7 1 10 12 1 7 1 7 1 10 12 1 10 12 1 8 1 8 1 10 10 12 1 1 10 12 1 1 8 1 10 7 12 1 1 8 1 8 1 10 12 1 1 10 7 12 1 1 1 100 1 10 12 1 1 7 1 9 12 1 1 10 7 12 1 1 1 10 10 12 1 9 12 1 10 12 1 9 12 1 9 12 1 10 12 1 1 10 12 1 10 12 1 1 7 1 7 1 10 12 1 1 10 12 1 10 12 1 1 10 7 12 1 1 1 10 12 1 8 1 10 12 1 10 12 1 10 12 1 1 10 12 1 10 7 12 1 1 1 10 12 1 1 100 1 8 1 10 9 7 12 1 1 1 10 12 1 1 10 12 1 1 7 1 10 12 1 1 10 12 1 1 100 1 100 1 10 10 100 1 100 1 10 100 1 10 10 12 1 1 10 7 1 10 12 1 10 12 1 1 10 12 1 1 10 12 1 1 10 12 1 10 12 1 1 10 8 1 10 12 1 10 12 1 10 12 1 10 12 1 10 12 1 1 10 12 1 10 12 1 10 12 1 10 10 7 12 1 1 10 12 1 1 1 1 1 1 1 1 1 1 1 1 1 7 1 1 1 1 1 1 1 1 1 1 1 1 1 1 1 1 1 1 1 1 1 1 1 1 1 1 1 1 1 1 1 1 1 1 1 1 1 1 1 1 1 1 1 1 1 1 1 1 1 1 1 1 1 1 1 1 1 1 1 1 1 1 1 1 1 100 1 1 1 1 1 1 1 1 1 1 1 1 1 1 1 1 1 1 1 1 1 1 1 1 1 1 1 1 1 1 1 1 1 1 1 100 1 1 1 1 1 1 1 1 1 1 1 1 1 1 1 1 1 1 1 1 1 1 1 1 1 1 1 1 7 1 1 1 1 1 1 1 100 1 1 1
staticfield java/lang/invoke/MethodHandleNatives $assertionsDisabled Z 1
ciInstanceKlass java/lang/invoke/MethodHandleNatives$CallSiteContext 1 1 49 10 7 12 1 1 1 7 1 10 10 7 12 1 1 1 10 7 12 1 1 1 10 7 12 1 1 1 100 1 1 1 1 1 1 1 1 1 1 1 1 1 1 1 1 1 100 1 1
ciInstanceKlass jdk/internal/foreign/abi/NativeEntryPoint 0 0 199 10 7 12 1 1 1 9 7 12 1 1 1 9 12 1 1 100 1 8 1 10 12 1 10 12 1 1 100 1 10 100 12 1 1 1 10 12 1 9 12 1 1 18 12 1 1 10 100 12 1 1 1 10 7 12 1 1 1 9 7 12 1 1 1 7 1 10 8 1 10 12 1 1 10 12 1 10 12 1 1 8 1 10 12 1 1 7 1 8 1 10 12 1 10 12 1 1 7 1 8 1 10 10 12 1 9 12 1 1 18 12 1 1 10 100 12 1 1 1 10 12 1 1 10 12 1 10 100 12 1 1 1 10 1 1 1 1 1 1 1 1 1 1 1 1 1 1 1 1 1 1 1 1 1 1 1 1 1 1 1 1 1 1 1 1 1 1 1 1 1 16 1 15 10 12 16 1 16 15 10 12 15 10 100 12 1 1 1 1 1 100 1 1 100 1 100 1 1
ciInstanceKlass jdk/internal/foreign/abi/ABIDescriptor 0 0 55 10 100 12 1 1 1 9 100 12 1 1 1 9 12 1 1 9 12 1 9 12 1 9 12 1 1 9 12 1 9 12 1 1 9 12 1 9 12 1 9 12 1 9 12 1 1 1 1 1 1 1 1 1 1
ciInstanceKlass jdk/internal/foreign/abi/VMStorage 0 0 91 10 7 12 1 1 1 9 7 12 1 1 1 9 12 1 1 9 12 1 1 9 12 1 1 7 1 10 8 1 10 12 1 1 10 12 1 10 12 1 1 10 12 1 18 12 1 18 12 1 1 18 12 1 1 1 1 1 1 1 1 1 1 1 1 1 1 1 1 1 1 1 8 1 15 15 15 15 15 10 100 12 1 1 1 1 100 1 100 1 1
ciInstanceKlass jdk/internal/foreign/abi/UpcallLinker$CallRegs 0 0 66 10 7 12 1 1 1 9 7 12 1 1 1 9 12 1 18 12 1 1 18 12 1 1 18 12 1 1 1 1 1 1 1 1 1 1 1 1 1 1 1 1 1 1 100 1 1 1 8 1 15 15 15 10 100 12 1 1 1 1 1 100 1 100 1 1
instanceKlass java/lang/StackFrameInfo
ciInstanceKlass java/lang/ClassFrameInfo 1 1 126 10 7 12 1 1 1 9 7 12 1 1 1 7 1 3 9 12 1 1 9 12 1 1 7 1 9 12 1 1 3 11 100 12 1 1 1 11 12 1 10 12 1 1 10 12 1 1 10 12 1 100 1 10 10 12 1 1 8 1 8 1 10 12 7 1 10 10 12 1 1 8 1 10 12 1 8 1 10 12 8 1 10 12 1 10 7 12 1 1 1 7 1 1 1 1 1 1 1 1 1 1 1 1 1 1 1 1 1 1 1 1 1 1 1 1 1 1 1 7 1 1 1 1 1 1
staticfield java/lang/ClassFrameInfo JLIA Ljdk/internal/access/JavaLangInvokeAccess; java/lang/invoke/MethodHandleImpl$1
ciInstanceKlass java/lang/StackWalker$StackFrame 1 1 41 100 1 10 12 1 1 100 1 100 1 1 1 1 1 1 1 1 1 1 1 1 1 1 1 1 1 1 1 1 1 1 1 1 1 1 1 100 1 1 1
ciInstanceKlass java/lang/StackWalker 1 1 259 9 7 12 1 1 1 10 7 12 1 1 1 7 1 10 7 12 1 1 1 10 12 1 1 11 7 12 1 1 1 10 12 1 1 10 12 1 1 10 12 1 1 100 1 8 1 10 12 1 10 12 1 10 12 1 10 7 12 1 1 9 12 1 1 9 12 1 1 9 12 1 1 9 12 1 1 10 12 1 1 9 12 1 1 9 12 1 1 9 12 1 1 10 7 12 1 1 1 11 12 1 1 100 1 8 1 10 10 7 12 1 1 9 12 1 1 10 12 1 1 10 7 12 1 1 1 10 7 12 1 1 1 18 12 1 1 100 1 8 1 10 8 1 10 12 1 1 10 100 12 1 1 1 10 12 1 1 10 12 1 9 7 12 1 1 11 100 12 1 1 1 10 12 1 1 1 1 1 1 1 1 1 1 1 1 1 1 1 1 1 1 1 1 1 1 1 1 1 1 1 1 1 1 1 1 1 1 1 1 1 1 1 1 1 1 1 1 1 1 1 1 1 1 1 1 1 1 1 1 1 1 7 1 1 16 15 10 12 16 1 15 10 100 12 1 1 1 1 1 1 1 1 1 100 1 100 1 1
staticfield java/lang/StackWalker DEFAULT_EMPTY_OPTION Ljava/util/EnumSet; java/util/RegularEnumSet
staticfield java/lang/StackWalker DEFAULT_WALKER Ljava/lang/StackWalker; java/lang/StackWalker
instanceKlass java/lang/LiveStackFrameInfo
ciInstanceKlass java/lang/StackFrameInfo 1 1 150 10 7 12 1 1 1 9 7 12 1 1 1 9 12 1 1 11 7 12 1 1 1 10 12 1 1 10 7 12 1 1 1 9 12 1 1 10 12 1 1 9 12 1 1 100 1 10 12 10 12 1 9 12 1 100 1 100 1 10 12 1 1 11 12 1 1 10 12 1 10 12 1 10 12 1 1 9 12 1 1 10 12 1 1 10 100 12 1 1 10 12 1 1 9 12 1 10 100 12 1 1 1 9 12 1 1 10 100 1 10 12 1 9 12 1 1 10 12 1 1 10 12 1 1 1 1 1 1 1 1 1 1 1 1 1 1 1 1 100 1 100 1 1 1 1 1 1 1 1
staticfield java/lang/StackFrameInfo $assertionsDisabled Z 1
ciInstanceKlass java/lang/LiveStackFrameInfo 0 0 97 10 7 12 1 1 1 9 7 12 1 1 1 9 12 1 9 12 1 9 12 1 9 12 1 1 7 1 10 12 1 1 10 12 1 8 1 10 12 1 1 8 1 8 1 8 1 10 100 1 10 12 1 100 1 10 12 1 7 1 7 1 1 1 3 1 3 1 1 1 1 1 1 1 1 1 1 1 1 1 1 1 1 1 1 1 1 1 1 1 1 1 1 1 100 1 1
ciInstanceKlass java/lang/LiveStackFrame 0 0 135 100 1 10 100 12 1 1 1 11 7 12 1 1 1 11 12 1 10 7 12 1 1 1 100 1 8 1 10 12 1 1 10 7 12 1 1 1 9 100 12 1 1 1 10 7 12 1 1 1 10 7 12 1 1 1 11 12 1 10 12 1 7 1 7 1 1 1 1 1 1 1 1 1 1 1 1 1 1 1 1 1 1 1 1 1 1 1 1 1 1 1 1 100 1 1 1 1 1 1 1 100 1 8 1 1 12 10 1 1 1 8 1 1 1 8 1 1 1 8 1 1 1 8 1 1 8 1 1 1 8 1 1 8 1
instanceKlass java/lang/StackStreamFactory$StackFrameTraverser
ciInstanceKlass java/lang/StackStreamFactory$AbstractStackWalker 1 1 364 7 1 7 1 3 10 7 12 1 1 1 10 7 12 1 1 10 7 12 1 1 1 9 12 1 1 9 12 1 1 9 12 1 1 9 12 1 9 12 1 10 7 12 1 1 1 10 12 1 1 10 7 12 1 1 9 12 1 1 9 12 1 1 10 12 1 1 9 12 1 1 10 7 12 1 1 1 10 12 1 1 9 12 1 1 9 7 12 1 1 1 7 1 10 8 1 10 12 1 1 10 12 1 8 1 10 12 1 1 10 100 12 1 1 1 100 1 8 1 10 12 1 8 1 10 12 10 7 12 1 1 9 12 1 1 8 1 5 0 8 1 8 1 9 12 1 1 10 12 1 1 18 12 1 1 10 7 12 1 1 1 10 12 1 1 10 12 1 10 12 1 9 7 12 1 1 1 10 12 1 1 9 12 1 10 12 1 10 12 1 10 12 1 10 12 1 10 12 1 10 12 1 1 8 1 10 12 1 10 12 1 10 12 1 10 12 1 1 8 1 10 12 1 1 10 12 1 1 10 12 1 1 10 12 1 10 12 1 10 12 1 9 12 1 8 1 10 12 1 8 1 10 12 1 10 12 1 1 10 12 1 10 12 1 10 12 1 1 10 12 1 10 12 1 10 12 1 10 12 1 10 12 1 10 12 1 1 10 12 1 10 12 1 10 12 1 10 12 1 8 1 1 1 1 1 1 1 1 1 1 1 1 1 7 1 1 1 1 1 1 7 1 1 1 1 7 1 1 1 1 1 1 1 1 1 1 1 1 1 1 1 1 1 1 16 15 15 10 100 12 1 1 1 1 1 1 1 1 100 1 100 1 1
ciInstanceKlass jdk/internal/module/Modules 1 1 507 10 7 12 1 1 1 9 7 12 1 1 1 11 7 12 1 1 1 11 12 1 1 11 12 1 1 11 12 1 1 11 12 1 11 12 1 11 12 1 11 12 1 11 12 1 11 12 1 1 10 7 12 1 1 1 10 100 12 1 1 1 18 12 1 1 10 7 12 1 1 1 7 1 10 7 12 1 1 1 10 100 12 1 1 1 10 100 12 1 1 10 12 1 1 11 12 1 9 12 1 1 11 7 12 1 1 1 10 12 1 1 10 10 12 1 10 9 12 1 1 10 100 12 1 1 10 12 1 1 10 100 12 1 1 100 1 11 100 12 1 1 1 10 100 12 1 1 1 11 100 12 1 1 10 12 1 1 10 100 12 1 1 10 100 12 1 1 1 10 12 1 1 10 12 1 1 11 12 1 1 18 12 1 1 11 100 12 1 1 10 100 12 1 1 1 11 100 12 1 1 1 7 1 11 12 1 1 11 7 12 1 1 1 11 12 1 1 10 12 1 1 10 100 12 1 1 18 12 1 1 11 12 1 1 18 12 1 1 11 12 1 1 10 12 1 18 18 10 12 1 1 9 12 1 1 11 7 12 1 1 1 100 1 10 11 12 1 11 12 1 1 11 12 1 1 10 100 1 10 12 1 1 10 100 12 1 1 10 12 1 1 11 12 10 12 1 1 7 1 10 18 12 1 10 12 1 1 7 1 8 1 10 12 1 10 100 12 1 1 18 12 1 11 11 12 10 12 1 10 10 100 1 18 12 1 10 10 10 7 12 1 1 10 7 12 1 1 1 10 12 1 1 1 1 1 1 1 1 1 1 1 1 1 1 1 1 1 1 1 1 1 1 1 1 1 1 1 1 1 1 1 1 1 100 1 1 1 1 1 1 1 1 1 1 1 1 1 1 1 1 1 1 1 1 1 1 1 1 1 1 1 1 1 1 1 1 1 1 1 7 1 1 1 1 1 1 1 1 1 1 1 1 1 1 1 1 1 1 1 1 1 1 1 16 15 10 12 1 16 16 15 10 12 1 16 1 16 1 15 10 12 1 16 1 16 1 15 10 12 16 1 15 10 16 1 15 10 12 16 1 15 10 12 16 15 10 12 16 15 10 12 15 10 100 12 1 1 1 1 1 1 100 1 100 1 1
staticfield jdk/internal/module/Modules JLA Ljdk/internal/access/JavaLangAccess; java/lang/System$2
staticfield jdk/internal/module/Modules JLMA Ljdk/internal/access/JavaLangModuleAccess; java/lang/module/ModuleDescriptor$1
staticfield jdk/internal/module/Modules $assertionsDisabled Z 1
ciInstanceKlass java/util/ArrayList 1 1 509 10 7 12 1 1 1 7 1 9 7 12 1 1 1 9 12 1 100 1 7 1 10 8 1 10 12 1 1 10 12 1 10 12 1 1 10 12 1 9 12 1 11 7 12 1 1 1 9 12 1 1 11 12 1 1 7 10 7 12 1 1 1 9 12 1 10 12 1 10 12 1 1 10 7 12 1 1 1 10 7 12 1 1 1 10 12 1 1 10 12 1 1 10 12 1 1 10 12 1 10 12 1 1 100 1 7 1 10 12 1 10 10 7 12 1 1 1 10 7 12 1 1 10 12 1 100 1 10 10 12 10 12 1 1 10 12 1 1 10 12 1 10 12 10 12 1 1 7 1 10 12 1 1 10 12 1 1 10 12 1 100 1 10 11 12 1 1 11 7 12 1 1 1 11 12 1 10 12 1 10 12 1 10 12 1 1 100 1 10 12 1 1 10 10 12 1 1 10 12 1 8 1 8 1 8 1 8 1 10 12 1 1 10 12 1 1 11 12 1 7 1 10 100 12 1 1 10 12 1 10 12 1 1 10 100 12 1 1 10 12 1 10 100 12 1 1 1 11 100 12 1 1 1 10 12 1 100 1 8 1 10 7 1 10 12 1 7 1 10 12 1 10 12 1 1 7 1 10 12 1 10 12 1 1 11 7 12 1 1 7 1 10 12 1 10 12 1 1 11 100 12 1 1 10 12 1 1 10 12 1 1 10 12 1 1 10 12 1 1 11 100 12 1 1 10 12 1 1 7 1 7 1 7 1 1 1 1 5 0 1 3 1 1 1 1 1 1 1 1 1 1 1 1 1 1 1 1 1 1 1 1 1 1 1 1 1 1 1 1 1 1 1 1 1 1 1 1 1 1 1 1 1 1 1 1 1 1 1 1 1 1 1 1 1 1 1 1 1 1 1 1 1 1 1 1 1 1 1 1 1 1 1 1 1 1 1 1 1 1 1 1 1 1 1 1 1 1 1 1 1 1 1 1 1 1 1 1 1 1 1 1 1 1 1 1 7 1 1 1 1 7 1 1 1 1 1 1 1 1 1 1 1 1 1 1 1 1 1 1 1 1 1 1 1 1 1 1 1 1 1 100 1 1 1 1 1 1 1 1 1 1 1 1 1 1 1 1 1 1 100 1 100 1 1 1 1 1 1
staticfield java/util/ArrayList EMPTY_ELEMENTDATA [Ljava/lang/Object; 0 [Ljava/lang/Object;
staticfield java/util/ArrayList DEFAULTCAPACITY_EMPTY_ELEMENTDATA [Ljava/lang/Object; 0 [Ljava/lang/Object;
ciInstanceKlass java/util/RandomAccess 1 0 7 100 1 100 1 1 1
ciInstanceKlass java/lang/annotation/Annotation 1 0 17 100 1 100 1 1 1 1 1 1 1 1 1 1 1 1 1
ciInstanceKlass java/util/function/BiFunction 1 1 65 10 100 12 1 1 1 18 12 1 1 11 7 12 1 1 11 100 12 1 7 1 1 1 1 1 1 1 1 1 1 1 1 1 1 1 1 1 1 1 1 1 1 1 1 1 1 1 16 15 11 12 15 10 100 12 1 1 1 1 100 1 100 1 1
instanceKlass java/util/concurrent/ConcurrentHashMap$ForwardingNode
instanceKlass java/util/concurrent/ConcurrentHashMap$ReservationNode
ciInstanceKlass java/util/concurrent/ConcurrentHashMap$Node 1 1 97 10 7 12 1 1 1 9 7 12 1 1 1 9 12 1 1 9 12 1 10 12 1 9 12 1 1 10 12 1 1 10 100 12 1 1 1 100 1 10 100 1 11 12 1 1 11 12 1 10 12 1 1 1 1 1 1 1 1 1 1 1 1 1 1 1 1 1 1 1 1 1 1 1 1 1 1 1 1 1 1 1 1 1 1 1 1 1 1 1 100 1 1 1 100 1 1
ciMethod java/util/concurrent/ConcurrentHashMap$Node find (ILjava/lang/Object;)Ljava/util/concurrent/ConcurrentHashMap$Node; 0 0 1 0 -1
ciMethod java/util/concurrent/ConcurrentHashMap$Node <init> (ILjava/lang/Object;Ljava/lang/Object;)V 1024 0 7067 0 -1
ciInstanceKlass java/util/concurrent/ConcurrentHashMap$ReservationNode 1 1 34 100 1 10 7 12 1 1 1 100 1 1 1 1 1 1 1 1 1 1 1 1 1 1 1 1 1 1 1 1 1 1 1 1
instanceKlass jdk/internal/loader/NativeLibraries$CountedLock
instanceKlass java/util/concurrent/ConcurrentHashMap$Segment
ciInstanceKlass java/util/concurrent/locks/ReentrantLock 1 1 177 10 7 12 1 1 1 7 1 10 9 7 12 1 1 1 100 1 10 10 7 12 1 1 10 12 1 10 12 1 1 10 100 12 1 1 1 10 12 1 1 10 12 1 1 10 12 1 1 10 12 1 1 10 12 1 10 12 1 10 12 1 1 10 12 1 10 12 1 1 10 12 1 10 12 1 1 100 1 10 100 1 100 1 8 1 10 12 1 10 12 1 1 10 12 1 1 10 12 1 1 7 1 10 10 12 1 1 10 12 1 1 8 1 8 1 10 7 12 1 1 8 1 10 7 1 7 1 1 1 1 5 0 1 1 1 1 1 1 1 1 1 1 100 1 1 1 1 1 1 1 1 1 1 1 1 1 1 1 1 1 1 1 1 1 7 1 1 1 1 1 1 1 1 100 1 1
ciMethod java/util/concurrent/locks/ReentrantLock lock ()V 46 0 8521 0 -1
ciMethod java/util/concurrent/locks/ReentrantLock unlock ()V 38 0 8442 0 -1
ciInstanceKlass java/util/concurrent/ConcurrentHashMap$ForwardingNode 1 1 71 100 1 10 7 12 1 1 1 9 7 12 1 1 1 10 12 1 1 9 12 1 1 9 12 1 1 10 100 12 1 1 1 10 12 1 1 9 12 1 1 1 1 1 1 1 1 1 1 1 1 1 1 1 1 1 1 1 1 1 1 1 100 1 1 1 1 1 1 1 1
ciInstanceKlass java/lang/ref/ReferenceQueue$Null 1 1 29 10 7 12 1 1 1 100 1 1 1 1 1 1 1 1 1 1 1 1 1 1 1 1 1 1 1 1 1
ciMethod java/lang/ref/ReferenceQueue poll ()Ljava/lang/ref/Reference; 512 0 5427 0 112
ciInstanceKlass jdk/internal/util/Preconditions$4 1 1 61 9 7 12 1 1 1 10 7 12 1 1 1 10 100 12 1 1 1 11 100 12 1 1 1 100 1 100 1 100 1 10 12 1 100 1 1 1 1 1 1 1 1 1 1 1 1 1 1 1 1 1 1 1 1 1 12 1 1 1 1
instanceKlass java/util/Locale$Cache
instanceKlass sun/util/locale/BaseLocale$Cache
instanceKlass java/util/ResourceBundle$Control$CandidateListCache
ciInstanceKlass sun/util/locale/LocaleObjectCache 1 1 104 4 10 7 12 1 1 1 10 7 12 1 1 7 1 10 9 12 1 1 7 1 10 9 12 1 1 10 12 1 11 7 12 1 1 1 7 1 10 12 1 10 12 1 10 12 1 10 12 1 11 12 1 1 11 12 1 10 12 1 1 10 12 1 11 12 1 1 1 1 1 1 1 1 1 1 1 1 1 1 1 1 1 1 1 1 1 1 1 1 1 1 1 1 1 1 1 1 1 1 1 1 1 1
ciMethod sun/util/locale/LocaleObjectCache get (Ljava/lang/Object;)Ljava/lang/Object; 792 0 2935 0 0
ciMethod sun/util/locale/LocaleObjectCache createObject (Ljava/lang/Object;)Ljava/lang/Object; 0 0 1 0 -1
ciMethod sun/util/locale/LocaleObjectCache normalizeKey (Ljava/lang/Object;)Ljava/lang/Object; 1024 0 1098 0 -1
ciMethod sun/util/locale/LocaleObjectCache cleanStaleEntries ()V 792 0 4229 0 0
ciInstanceKlass sun/util/locale/BaseLocale 1 1 263 10 7 12 1 1 1 10 7 12 1 1 1 10 7 12 1 1 1 9 7 12 1 1 1 10 12 1 9 12 1 10 12 1 9 12 1 9 12 1 8 1 10 12 1 10 12 1 1 9 12 1 1 10 12 1 10 12 1 1 10 12 1 10 12 1 7 1 10 9 7 12 1 1 1 10 12 1 1 10 12 1 1 8 1 8 1 8 1 8 1 8 1 8 1 9 12 1 1 100 1 8 1 10 12 1 7 1 10 8 1 10 12 1 1 10 12 1 10 12 1 1 8 1 8 1 8 1 10 9 12 1 1 10 7 12 1 1 1 8 1 10 12 1 1 8 1 8 1 8 1 8 1 8 1 8 1 8 1 8 1 8 1 8 1 8 1 8 1 8 1 8 1 8 1 8 1 10 7 12 1 1 8 1 10 12 1 1 1 1 1 1 1 3 1 3 1 3 1 3 1 3 1 3 1 3 1 3 1 3 1 3 1 3 1 3 1 3 1 3 1 3 3 1 3 1 3 1 3 1 3 1 8 1 1 1 1 1 1 1 1 1 1 1 1 1 100 1 1 1 1 1 1 1 1 1 1 1 1 1 1 1 1
staticfield sun/util/locale/BaseLocale OLD_ISO_CODES Z 0
ciMethod sun/util/locale/BaseLocale <init> (Ljava/lang/String;Ljava/lang/String;Ljava/lang/String;Ljava/lang/String;Z)V 604 0 2875 0 0
ciMethod sun/util/locale/BaseLocale getInstance (Ljava/lang/String;Ljava/lang/String;Ljava/lang/String;Ljava/lang/String;)Lsun/util/locale/BaseLocale; 466 6238 1461 0 -1
ciMethod sun/util/locale/BaseLocale getLanguage ()Ljava/lang/String; 258 0 129 0 0
ciMethod sun/util/locale/BaseLocale getVariant ()Ljava/lang/String; 976 0 488 0 0
ciMethod sun/util/locale/BaseLocale convertOldISOCodes (Ljava/lang/String;)Ljava/lang/String; 462 0 1463 0 0
ciMethod sun/util/locale/BaseLocale getScript ()Ljava/lang/String; 740 0 370 0 0
ciMethod sun/util/locale/BaseLocale getRegion ()Ljava/lang/String; 916 0 458 0 0
ciInstanceKlass java/util/Locale$Cache 1 1 55 10 7 12 1 1 1 7 1 7 1 10 12 1 100 1 9 12 1 1 9 12 1 1 10 7 12 1 1 1 10 9 12 1 1 1 1 1 1 1 1 1 1 1 1 1 1 1 1 1 1 1 1 1 1
staticfield java/util/Locale$Cache LOCALECACHE Ljava/util/Locale$Cache; java/util/Locale$Cache
ciInstanceKlass sun/util/locale/LocaleUtils 1 1 117 10 100 12 1 1 1 10 7 12 1 1 1 10 12 1 1 10 7 12 1 1 1 10 12 1 1 10 12 1 1 10 12 1 1 10 12 1 10 12 1 10 12 1 10 12 1 10 12 1 10 12 1 10 12 1 1 11 100 1 11 100 1 11 7 1 1 1 1 1 1 1 1 1 1 1 1 1 1 1 1 1 1 1 1 1 1 1 1 1 100 1 1 1 1 1 1 1 1 1 1 1 1 1 1 1 1 1 1 1 1 1 1 1 1 1 1
ciMethod sun/util/locale/LocaleUtils toLower (C)C 1024 0 16873 0 0
ciMethod sun/util/locale/LocaleUtils toUpper (C)C 0 0 1 0 -1
ciMethod sun/util/locale/LocaleUtils toLowerString (Ljava/lang/String;)Ljava/lang/String; 878 4096 3943 0 1952
ciMethod sun/util/locale/LocaleUtils caseIgnoreMatch (Ljava/lang/String;Ljava/lang/String;)Z 92 70 3213 0 0
ciMethod sun/util/locale/LocaleUtils isUpper (C)Z 774 0 29221 0 0
ciMethod sun/util/locale/LocaleUtils isLower (C)Z 1024 0 4522 0 0
ciMethod sun/util/locale/LocaleUtils toTitleString (Ljava/lang/String;)Ljava/lang/String; 284 270 1096 0 -1
ciMethod sun/util/locale/LocaleUtils toUpperString (Ljava/lang/String;)Ljava/lang/String; 588 972 2576 0 0
ciInstanceKlass sun/util/locale/LocaleObjectCache$CacheEntry 1 1 40 10 7 12 1 1 1 9 7 12 1 1 1 1 1 1 1 1 1 1 1 1 1 1 1 1 1 1 1 1 1 1 1 1 1 1 100 1 1 1
ciMethod sun/util/locale/LocaleObjectCache$CacheEntry getKey ()Ljava/lang/Object; 0 0 1 0 -1
ciMethod sun/util/locale/LocaleObjectCache$CacheEntry <init> (Ljava/lang/Object;Ljava/lang/Object;Ljava/lang/ref/ReferenceQueue;)V 752 0 2194 0 0
ciInstanceKlass jdk/internal/util/StrongReferenceKey 1 1 82 10 7 12 1 1 1 9 7 12 1 1 1 7 1 11 12 1 1 10 10 7 12 1 1 1 10 12 1 1 7 1 10 10 12 1 1 10 7 12 1 1 1 10 12 1 1 8 1 10 7 12 1 1 1 10 12 1 10 12 1 1 1 1 1 1 1 1 1 1 1 1 1 1 1 1 1 1 1 1 1 1
ciInstanceKlass jdk/internal/util/WeakReferenceKey 1 1 92 10 7 12 1 1 1 10 7 12 1 1 1 9 7 12 1 1 1 10 12 1 1 7 1 11 12 1 1 10 10 12 1 1 7 1 10 12 10 7 12 1 1 1 10 7 12 1 1 1 10 12 1 1 8 1 10 7 12 1 1 10 12 1 10 12 1 1 1 1 1 1 1 1 1 1 1 1 1 1 1 1 1 1 1 1 1 1 1 1 1 1
ciInstanceKlass sun/util/locale/BaseLocale$Key 1 1 130 10 7 12 1 1 1 7 1 10 12 1 9 7 12 1 1 1 7 1 10 12 1 9 12 1 1 9 12 1 1 10 12 1 1 9 12 1 1 10 12 1 1 10 7 12 1 1 1 10 12 1 1 10 7 12 1 1 1 10 12 1 10 12 1 10 12 1 10 12 1 1 10 12 1 1 10 12 1 1 10 12 1 1 9 12 1 100 1 10 10 10 7 12 1 1 1 1 1 1 1 1 1 1 1 1 1 1 1 1 1 1 1 1 1 1 1 1 1 1 1 1 1 1 1 1 1 1 1 1
staticfield sun/util/locale/BaseLocale$Key $assertionsDisabled Z 1
ciMethod sun/util/locale/BaseLocale$Key equals (Ljava/lang/Object;)Z 546 0 1063 0 0
ciMethod sun/util/locale/BaseLocale$Key hashCode ()I 610 0 305 0 0
ciMethod sun/util/locale/BaseLocale$Key <init> (Ljava/lang/String;Ljava/lang/String;Ljava/lang/String;Ljava/lang/String;Z)V 800 0 2550 0 0
ciMethod sun/util/locale/BaseLocale$Key hashCode (Lsun/util/locale/BaseLocale;)I 804 4096 2860 0 0
ciMethod sun/util/locale/BaseLocale$Key normalize (Lsun/util/locale/BaseLocale$Key;)Lsun/util/locale/BaseLocale$Key; 1024 0 2192 0 0
ciMethod sun/util/locale/BaseLocale$Key getBaseLocale ()Lsun/util/locale/BaseLocale; 1024 0 3222 0 0
ciInstanceKlass sun/util/locale/BaseLocale$Cache 1 1 50 10 7 12 1 1 1 10 7 12 1 1 1 10 12 1 1 10 7 12 1 1 10 12 1 1 10 9 12 1 1 1 1 1 1 1 1 1 1 1 1 1 1 1 1 7 1 1 1 1
staticfield sun/util/locale/BaseLocale$Cache CACHE Lsun/util/locale/BaseLocale$Cache; sun/util/locale/BaseLocale$Cache
ciMethod sun/util/locale/BaseLocale$Cache createObject (Ljava/lang/Object;)Ljava/lang/Object; 1024 0 1096 0 0
ciMethod sun/util/locale/BaseLocale$Cache normalizeKey (Ljava/lang/Object;)Ljava/lang/Object; 1024 0 1096 0 0
ciMethod sun/util/locale/BaseLocale$Cache createObject (Lsun/util/locale/BaseLocale$Key;)Lsun/util/locale/BaseLocale; 1024 0 1096 0 0
ciMethod sun/util/locale/BaseLocale$Cache normalizeKey (Lsun/util/locale/BaseLocale$Key;)Lsun/util/locale/BaseLocale$Key; 1024 0 1096 0 0
ciMethod java/util/concurrent/ConcurrentMap remove (Ljava/lang/Object;Ljava/lang/Object;)Z 0 0 1 0 -1
ciMethod java/util/concurrent/ConcurrentMap get (Ljava/lang/Object;)Ljava/lang/Object; 0 0 1 0 -1
ciMethod java/util/concurrent/ConcurrentMap put (Ljava/lang/Object;Ljava/lang/Object;)Ljava/lang/Object; 0 0 1 0 -1
ciMethod java/util/concurrent/ConcurrentMap putIfAbsent (Ljava/lang/Object;Ljava/lang/Object;)Ljava/lang/Object; 0 0 1 0 -1
ciMethod java/util/concurrent/ConcurrentHashMap addCount (JI)V 520 0 5407 0 -1
ciMethod java/util/concurrent/ConcurrentHashMap treeifyBin ([Ljava/util/concurrent/ConcurrentHashMap$Node;I)V 0 0 1 0 -1
ciMethod java/util/concurrent/ConcurrentHashMap helpTransfer ([Ljava/util/concurrent/ConcurrentHashMap$Node;Ljava/util/concurrent/ConcurrentHashMap$Node;)[Ljava/util/concurrent/ConcurrentHashMap$Node; 0 0 1 0 -1
ciMethod java/util/concurrent/ConcurrentHashMap casTabAt ([Ljava/util/concurrent/ConcurrentHashMap$Node;ILjava/util/concurrent/ConcurrentHashMap$Node;Ljava/util/concurrent/ConcurrentHashMap$Node;)Z 520 0 1331 0 -1
ciMethod java/util/concurrent/ConcurrentHashMap initTable ()[Ljava/util/concurrent/ConcurrentHashMap$Node; 22 0 224 0 -1
ciMethod java/util/concurrent/ConcurrentHashMap putVal (Ljava/lang/Object;Ljava/lang/Object;Z)Ljava/lang/Object; 632 20 5546 0 -1
ciMethod java/util/concurrent/ConcurrentHashMap tabAt ([Ljava/util/concurrent/ConcurrentHashMap$Node;I)Ljava/util/concurrent/ConcurrentHashMap$Node; 586 0 5417 0 96
ciMethod java/util/concurrent/ConcurrentHashMap spread (I)I 800 0 13208 0 96
ciMethod jdk/internal/util/Preconditions checkIndex (IILjava/util/function/BiFunction;)I 1024 0 5459 0 -1
ciMethod java/lang/ref/ReferenceQueue headIsNull ()Z 548 0 16468 0 0
ciMethod java/lang/ref/ReferenceQueue poll0 ()Ljava/lang/ref/Reference; 4 0 1890 0 -1
ciMethod jdk/internal/util/ArraysSupport vectorizedHashCode (Ljava/lang/Object;IIII)I 568 0 6539 0 -1
ciMethod jdk/internal/misc/Unsafe getReferenceAcquire (Ljava/lang/Object;J)Ljava/lang/Object; 652 0 5418 0 -1
ciMethod java/lang/String intern ()Ljava/lang/String; 514 0 257 0 -1
ciMethod java/lang/String isLatin1 ()Z 886 0 375829 0 88
ciMethod java/lang/String coder ()B 744 0 275014 0 88
ciMethod java/lang/String checkIndex (II)V 1022 0 332815 0 0
ciMethod java/lang/String <init> ([C)V 518 0 3251 0 0
ciMethod java/lang/String <init> ([CIILjava/lang/Void;)V 512 0 4898 0 0
ciMethod java/lang/Object <init> ()V 1024 0 208845 0 136
instanceKlass java/nio/channels/ClosedSelectorException
instanceKlass java/nio/channels/CancelledKeyException
instanceKlass java/util/concurrent/CancellationException
ciInstanceKlass java/lang/IllegalStateException 1 1 35 10 7 12 1 1 1 10 12 1 10 12 1 10 12 1 100 1 1 1 1 5 0 1 1 1 1 1 1 1 1 1 1 1 1
ciInstanceKlass java/lang/AssertionError 0 0 79 10 100 12 1 1 1 10 12 1 10 100 12 1 1 1 10 100 1 100 1 10 12 1 1 10 12 1 10 12 1 10 12 1 10 12 1 10 12 1 10 12 1 10 12 1 1 1 1 5 0 1 1 1 1 1 1 1 1 1 1 100 1 1 1 1 1 1 1 1 1 1 1 1 1 1 1 1 1
ciMethodData java/lang/Object <init> ()V 2 208441 orig 80 1 0 0 0 0 0 0 0 0 0 0 0 0 0 0 0 0 0 0 0 0 0 0 0 0 0 0 0 0 0 0 0 0 0 0 0 0 0 0 0 0 0 0 0 0 0 0 0 0 0 0 0 0 0 0 0 0 0 0 0 0 0 0 0 0 0 0 0 0 0 0 0 0 0 0 0 0 0 0 0 data 4 0x0 0x9 0x1 0x0 oops 0 methods 0
ciMethodData java/lang/String isLatin1 ()Z 2 375572 orig 80 1 0 0 0 1 0 0 0 0 0 0 0 0 0 0 0 0 0 0 0 0 0 0 0 0 0 0 0 0 0 0 0 0 0 0 0 0 0 0 2 0 0 0 0 0 0 0 0 0 0 0 0 0 0 0 0 0 0 0 0 0 0 0 0 0 0 0 0 0 0 0 0 0 0 0 0 0 0 0 0 data 18 0x30007 0x0 0x58 0x5bb11 0x80000006000a0007 0x8 0x38 0x5bb12 0xe0003 0x5bb14 0x18 0x0 0x0 0x0 0x0 0x9 0x1 0x0 oops 0 methods 0
ciMethodData java/lang/String hashCode ()I 2 6689 orig 80 0 0 0 0 0 0 0 0 0 0 0 0 0 0 0 0 0 0 0 0 0 0 0 0 0 0 0 0 0 0 0 0 0 0 0 0 0 0 0 0 0 0 0 0 0 0 0 0 0 0 0 0 0 0 0 0 0 0 0 0 0 0 0 0 0 0 0 0 0 0 0 0 0 0 0 0 0 0 0 0 data 41 0x60007 0x14eb 0x100 0x536 0xd0007 0x3 0xe0 0x533 0x110005 0x533 0x0 0x0 0x0 0x0 0x140007 0x0 0x48 0x533 0x1b0002 0x533 0x1e0003 0x533 0x28 0x250002 0x0 0x2a0007 0x532 0x38 0x1 0x320003 0x1 0x18 0x0 0x0 0x0 0x0 0x0 0x0 0x9 0x1 0xe oops 0 methods 0
ciMethodData java/lang/StringLatin1 hashCode ([B)I 2 5177 orig 80 0 0 0 0 0 0 0 0 0 0 0 0 86 1 0 0 0 0 0 0 0 0 0 0 0 0 0 0 0 0 0 0 0 0 0 0 0 0 0 0 0 0 0 0 0 0 0 0 0 0 0 0 0 0 0 0 0 0 0 0 0 0 0 0 0 0 0 0 0 0 0 0 0 0 0 0 0 0 0 0 data 25 0x20008 0x6 0x1434 0x70 0x1 0x40 0x4 0x58 0x1d0003 0x1 0x40 0x270003 0x4 0x28 0x300002 0x1434 0x0 0x0 0x0 0x0 0x0 0x0 0x9 0x1 0xffffffffffffffff oops 0 methods 0
ciMethodData java/lang/String equals (Ljava/lang/Object;)Z 2 6792 orig 80 0 0 0 0 0 0 0 0 0 0 0 0 0 0 0 0 0 0 0 0 0 0 0 0 0 0 0 0 0 0 0 0 0 0 0 0 0 0 0 0 0 0 0 0 0 0 0 0 0 0 0 0 0 0 0 0 0 0 0 0 0 0 0 0 0 0 0 0 0 0 0 0 0 0 0 0 0 0 0 0 data 47 0x20007 0x1748 0x20 0x340 0x80104 0x0 0x156d19789c8 0x1747 0x0 0x0 0xb0007 0x1 0xd8 0x1747 0xf0004 0x0 0x156d19789c8 0x1747 0x0 0x0 0x160007 0x0 0x40 0x1747 0x210007 0x0 0x68 0x1747 0x2c0002 0x1747 0x2f0007 0x169a 0x38 0xad 0x330003 0xad 0x18 0x0 0x0 0x0 0x0 0x0 0x0 0x9 0x2 0x0 0x0 oops 2 6 java/lang/String 16 java/lang/String methods 0
ciMethodData java/lang/String coder ()B 2 274911 orig 80 0 0 0 0 0 0 0 0 0 0 0 0 0 0 0 0 0 0 0 0 0 0 0 0 0 0 0 0 0 0 0 0 0 0 0 0 0 0 0 0 0 0 0 0 0 0 0 0 0 0 0 0 0 0 0 0 0 0 0 0 0 0 0 0 0 0 0 0 0 0 0 0 0 0 0 0 0 0 0 0 data 14 0x30007 0x0 0x38 0x431dd 0xa0003 0x431dd 0x18 0x0 0x0 0x0 0x0 0x9 0x1 0x0 oops 0 methods 0
ciMethodData java/lang/String length ()I 2 194304 orig 80 0 0 0 0 0 0 0 0 0 0 0 0 0 0 0 0 0 0 0 0 0 0 0 0 0 0 0 0 0 0 0 0 0 0 0 0 0 0 0 0 0 0 0 0 0 0 0 0 0 0 0 0 0 0 0 0 0 0 0 0 0 0 0 0 0 0 0 0 0 0 0 0 0 0 0 0 0 0 0 0 data 15 0x60005 0x2f6fb 0x0 0x0 0x0 0x0 0x0 0x0 0x0 0x0 0x0 0x0 0x9 0x1 0x0 oops 0 methods 0
ciMethodData java/lang/String charAt (I)C 2 326742 orig 80 1 0 0 0 0 0 0 0 0 0 0 0 0 0 0 0 0 0 0 0 0 0 0 0 0 0 0 0 0 0 0 0 0 0 0 0 0 0 0 0 0 0 0 0 0 0 0 0 0 0 0 0 0 0 0 0 0 0 0 0 0 0 0 0 0 0 0 0 0 0 0 0 0 0 0 0 0 0 0 0 data 24 0x10005 0x4fc59 0x0 0x0 0x0 0x0 0x40007 0x7 0x30 0x4fc5a 0xc0002 0x4fc5c 0x150002 0x7 0x0 0x0 0x0 0x0 0x0 0x0 0x9 0x2 0x0 0x0 oops 0 methods 0
ciMethodData java/lang/StringLatin1 charAt ([BI)C 2 327036 orig 80 0 0 0 0 0 0 0 0 0 0 0 0 86 1 0 0 0 0 0 0 0 0 0 0 0 0 0 0 0 0 0 0 0 0 0 0 0 0 0 0 0 0 0 0 0 0 0 0 0 0 0 0 0 0 0 0 0 0 0 0 0 0 0 0 0 0 0 0 0 0 0 0 0 0 0 0 0 0 0 0 data 12 0x30002 0x4fd7d 0x0 0x0 0x0 0x0 0x0 0x0 0x9 0x2 0x0 0x0 oops 0 methods 0
ciMethodData java/lang/String checkIndex (II)V 2 332444 orig 80 0 0 0 0 0 0 0 0 0 0 0 0 86 1 0 0 0 0 0 0 0 0 0 0 0 0 0 0 0 0 0 0 0 0 0 0 0 0 0 0 0 0 0 0 0 0 0 0 0 0 0 0 0 0 0 0 0 0 0 0 0 0 0 0 0 0 0 0 0 0 0 0 0 0 0 0 0 0 0 0 data 12 0x50002 0x5129c 0x0 0x0 0x0 0x0 0x0 0x0 0x9 0x2 0x0 0x0 oops 0 methods 0
ciMethodData java/lang/String isEmpty ()Z 2 36265 orig 80 0 0 0 0 0 0 0 0 0 0 0 0 0 0 0 0 0 0 0 0 0 0 0 0 0 0 0 0 0 0 0 0 0 0 0 0 0 0 0 0 0 0 0 0 0 0 0 0 0 0 0 0 0 0 0 0 0 0 0 0 0 0 0 0 0 0 0 0 0 0 0 0 0 0 0 0 0 0 0 0 data 14 0x50007 0x7178 0x38 0x1c31 0x90003 0x1c31 0x18 0x0 0x0 0x0 0x0 0x9 0x1 0x0 oops 0 methods 0
ciMethodData java/util/concurrent/ConcurrentHashMap tabAt ([Ljava/util/concurrent/ConcurrentHashMap$Node;I)Ljava/util/concurrent/ConcurrentHashMap$Node; 2 5124 orig 80 0 0 0 0 0 0 0 0 0 0 0 0 0 0 0 0 0 0 0 0 0 0 0 0 0 0 0 0 0 0 0 0 0 0 0 0 0 0 0 0 0 0 0 0 0 0 0 0 0 0 0 0 0 0 0 0 0 0 0 0 0 0 0 0 0 0 0 0 0 0 0 0 0 0 0 0 0 0 0 0 data 25 0xf000b 0x1405 0x0 0x0 0x0 0x0 0x2 0x1 0x157175253e0 0x120104 0x0 0x15717525330 0x936 0x156d19f92f0 0x1b0 0x0 0x0 0x0 0x0 0x0 0x0 0x9 0x2 0x0 0x0 oops 3 8 [Ljava/util/concurrent/ConcurrentHashMap$Node; 11 java/util/concurrent/ConcurrentHashMap$Node 13 java/util/concurrent/ConcurrentHashMap$ForwardingNode methods 0
ciMethodData java/util/concurrent/ConcurrentHashMap spread (I)I 2 12808 orig 80 0 0 0 0 0 0 0 0 0 0 0 0 0 0 0 0 0 0 0 0 0 0 0 0 0 0 0 0 0 0 0 0 0 0 0 0 0 0 0 0 0 0 0 0 0 0 0 0 0 0 0 0 0 0 0 0 0 0 0 0 0 0 0 0 0 0 0 0 0 0 0 0 0 0 0 0 0 0 0 0 data 5 0x0 0x0 0x9 0x1 0x0 oops 0 methods 0
ciMethodData java/util/concurrent/ConcurrentHashMap putIfAbsent (Ljava/lang/Object;Ljava/lang/Object;)Ljava/lang/Object; 2 7206 orig 80 0 0 0 0 0 0 0 0 0 0 0 0 0 0 0 0 0 0 0 0 0 0 0 0 0 0 0 0 0 0 0 0 0 0 0 0 0 0 0 0 0 0 0 0 0 0 0 0 0 0 0 0 0 0 0 0 0 0 0 0 0 0 0 0 0 0 0 0 0 0 0 0 0 0 0 0 0 0 0 0 data 17 0x40005 0x1c26 0x0 0x0 0x0 0x0 0x0 0x0 0x0 0x0 0x0 0x0 0x9 0x3 0x0 0x0 0x0 oops 0 methods 0
ciMethodData java/util/concurrent/ConcurrentHashMap putVal (Ljava/lang/Object;Ljava/lang/Object;Z)Ljava/lang/Object; 2 5230 orig 80 0 0 0 0 0 0 0 0 0 0 0 0 86 1 0 0 0 0 0 0 0 0 0 0 0 0 0 0 0 0 0 0 0 0 0 0 0 0 0 0 0 0 0 0 0 0 0 0 0 0 0 0 0 0 0 0 0 0 0 0 0 0 0 0 0 0 0 0 0 0 0 0 0 0 0 0 0 0 0 0 data 241 0x10007 0x0 0x40 0x146e 0x50007 0x146e 0x30 0x0 0xc0002 0x0 0x110005 0x10d 0x1571836f8f8 0x370 0x156d19789c8 0xff1 0x140002 0x146e 0x240007 0x4b 0x40 0x146e 0x2d0007 0x146e 0x68 0x0 0x310005 0x4b 0x0 0x0 0x0 0x0 0x360003 0x4b 0x5b8 0x450002 0x146e 0x4b0007 0x767 0x78 0xd07 0x5b0002 0xd07 0x5e0002 0xd07 0x610007 0x0 0x550 0xd07 0x640003 0xd07 0x548 0x700007 0x767 0x68 0x0 0x780005 0x0 0x0 0x0 0x0 0x0 0x7d0003 0x0 0x4c8 0x810007 0x2a7 0xf0 0x4c0 0x880007 0x3cd 0xd0 0xf3 0x940007 0x1 0x90 0xf2 0x990007 0x0 0x90 0xf2 0x9f0005 0x0 0x156d19789c8 0xf0 0x1571836f8f8 0x2 0xa20007 0x0 0x40 0xf2 0xad0007 0x0 0x20 0xf3 0xc00002 0x674 0xc50007 0x0 0x308 0x674 0xca0007 0x0 0x180 0x674 0xdb0007 0x830 0xe8 0x1b 0xe70007 0x0 0x90 0x1b 0xec0007 0x0 0xa8 0x1b 0xf20005 0x0 0x156d19789c8 0x1b 0x0 0x0 0xf50007 0x0 0x58 0x1b 0x1000007 0x1a 0x98 0x1 0x1090003 0x1 0x78 0x1180007 0x1d7 0x48 0x659 0x1250002 0x659 0x12b0003 0x659 0x30 0x1310003 0x1d7 0xfffffffffffffed0 0x1340003 0x674 0x180 0x1390004 0x0 0x0 0x0 0x0 0x0 0x13c0007 0x0 0xd8 0x0 0x1440004 0x0 0x0 0x0 0x0 0x0 0x14b0005 0x0 0x0 0x0 0x0 0x0 0x1510007 0x0 0x40 0x0 0x15c0007 0x0 0x20 0x0 0x1650003 0x0 0x78 0x16a0004 0x0 0x0 0x0 0x0 0x0 0x16d0007 0x0 0x30 0x0 0x1760002 0x0 0x17d0003 0x674 0x18 0x18a0007 0x0 0x90 0x674 0x1910007 0x674 0x50 0x0 0x1990005 0x0 0x0 0x0 0x0 0x0 0x19e0007 0x659 0x38 0x1b 0x1a40003 0x4b 0xfffffffffffff9d8 0x1ab0005 0x135f 0x0 0x0 0x0 0x0 0x0 0x0 0x0 0x0 0x0 0x0 0x0 0x0 0x0 0x9 0x4 0x0 0x0 0x0 0x0 0x1800001 0x1800001 oops 5 12 jdk/internal/util/WeakReferenceKey 14 java/lang/String 83 java/lang/String 85 jdk/internal/util/WeakReferenceKey 119 java/lang/String methods 0
ciMethodData java/lang/ref/ReferenceQueue headIsNull ()Z 2 16194 orig 80 0 0 0 0 0 0 0 0 0 0 0 0 0 0 0 0 0 0 0 0 0 0 0 0 0 0 0 0 0 0 0 0 0 0 0 0 0 0 0 2 0 0 0 0 0 0 0 0 0 0 0 0 0 0 0 0 0 0 0 0 0 0 0 0 0 0 0 0 0 0 0 0 0 0 0 0 0 0 0 0 data 16 0x8000000600040007 0x186 0x38 0x3dbe 0x80003 0x3dbe 0x18 0x0 0x0 0x0 0x0 0x0 0x0 0x9 0x1 0x0 oops 0 methods 0
ciMethodData java/util/concurrent/ConcurrentHashMap get (Ljava/lang/Object;)Ljava/lang/Object; 2 5189 orig 80 0 0 0 0 0 0 0 0 0 0 0 0 0 0 0 0 0 0 0 0 0 0 0 0 0 0 0 0 0 0 0 0 0 0 0 0 0 0 0 0 0 0 0 0 0 0 0 0 0 0 0 0 0 0 0 0 0 0 0 0 0 0 0 0 0 0 0 0 0 0 0 0 0 0 0 0 0 0 0 0 data 97 0x10005 0xb35 0x15717527570 0x887 0x156d197aef8 0x8a 0x40002 0x1445 0xf0007 0x51 0x278 0x13f4 0x170007 0x0 0x258 0x13f4 0x220002 0x13f3 0x270007 0x5cf 0x228 0xe24 0x330007 0x496 0xb0 0x98f 0x3e0007 0x344 0x90 0x64b 0x430007 0x0 0xf8 0x64b 0x490005 0x75 0x15717527570 0x397 0x156d19789c8 0x23f 0x4c0007 0x2 0xa8 0x649 0x560007 0x496 0x88 0x0 0x5d0005 0x0 0x0 0x0 0x0 0x0 0x630007 0x0 0x38 0x0 0x6b0003 0x0 0x18 0x760007 0x32e 0xd0 0x321 0x7f0007 0x1b8 0xffffffffffffffe0 0x16a 0x8a0007 0x93 0x90 0xd8 0x8f0007 0x0 0xffffffffffffffa0 0xd8 0x950005 0x1 0x15717527570 0xa5 0x156d19789c8 0x32 0x980007 0x0 0xffffffffffffff50 0xd8 0x0 0x0 0x0 0x0 0x0 0x0 0x9 0x2 0x0 0x0 oops 6 2 jdk/internal/util/StrongReferenceKey 4 java/lang/invoke/MemberName 36 jdk/internal/util/StrongReferenceKey 38 java/lang/String 79 jdk/internal/util/StrongReferenceKey 81 java/lang/String methods 0
ciMethodData java/lang/StringUTF16 charAt ([BI)C 1 13 orig 80 0 0 0 0 0 0 0 0 0 0 0 0 86 1 0 0 0 0 0 0 0 0 0 0 0 0 0 0 0 0 0 0 0 0 0 0 0 0 0 0 0 0 0 0 0 0 0 0 0 0 0 0 0 0 0 0 0 0 0 0 0 0 0 0 0 0 0 0 0 0 0 0 0 0 0 0 0 0 0 0 data 14 0x20002 0xd 0x70002 0x7 0x0 0x0 0x0 0x0 0x0 0x0 0x9 0x2 0x0 0x0 oops 0 methods 0
ciMethodData java/lang/ref/Reference <init> (Ljava/lang/Object;Ljava/lang/ref/ReferenceQueue;)V 2 10487 orig 80 0 0 0 0 0 0 0 0 0 0 0 0 0 0 0 0 0 0 0 0 0 0 0 0 0 0 0 0 0 0 0 0 0 0 0 0 0 0 0 0 0 0 0 0 0 0 0 0 0 0 0 0 0 0 0 0 0 0 0 0 0 0 0 0 0 0 0 0 0 0 0 0 0 0 0 0 0 0 0 0 data 20 0x10002 0x28f7 0xb0007 0x1ba6 0x38 0xd51 0x110003 0xd51 0x18 0x0 0x0 0x0 0x0 0x0 0x0 0x9 0x3 0x6 0x0 0x0 oops 0 methods 0
ciMethodData java/lang/StringUTF16 coderFromArrayLen ([BI)B 2 4888 orig 80 0 0 0 0 0 0 0 0 0 0 0 0 86 1 0 0 0 0 0 0 0 0 0 0 0 0 0 0 0 0 0 0 0 0 0 0 0 0 0 0 0 0 0 0 0 0 0 0 0 0 0 0 0 0 0 0 0 0 0 0 0 0 0 0 0 0 0 0 0 0 0 0 0 0 0 0 0 0 0 0 data 7 0x0 0x0 0x0 0x9 0x2 0x0 0x0 oops 0 methods 0
ciMethodData java/lang/StringUTF16 compress ([CII)[B 2 4866 orig 80 0 0 0 0 0 0 0 0 0 0 0 0 86 1 0 0 0 0 0 0 0 0 0 0 0 0 0 0 0 0 0 0 0 0 0 0 0 0 0 0 0 0 0 0 0 0 0 0 0 0 0 0 0 0 0 0 0 0 0 0 0 0 0 0 0 0 0 0 0 0 0 0 0 0 0 0 0 0 0 0 data 31 0x90002 0x1302 0x110007 0x1302 0x90 0x0 0x170002 0x0 0x200002 0x0 0x260007 0x0 0x50 0x0 0x2f0002 0x0 0x330007 0x0 0x20 0x0 0x0 0x0 0x0 0x0 0x0 0x0 0x9 0x3 0x0 0x0 0x0 oops 0 methods 0
ciMethodData java/lang/ref/ReferenceQueue poll ()Ljava/lang/ref/Reference; 2 5171 orig 80 0 0 0 0 0 0 0 0 0 0 0 0 0 0 0 0 0 0 0 0 0 0 0 0 0 0 0 0 0 0 0 0 0 0 0 0 0 0 0 0 0 0 0 0 0 0 0 0 0 0 0 0 0 0 0 0 0 0 0 0 0 0 0 0 0 0 0 0 0 0 0 0 0 0 0 0 0 0 0 0 data 44 0x10005 0x1433 0x0 0x0 0x0 0x0 0x40007 0x0 0x20 0x1433 0xd0005 0x0 0x0 0x0 0x0 0x0 0x110005 0x0 0x0 0x0 0x0 0x0 0x190005 0x0 0x0 0x0 0x0 0x0 0x230005 0x0 0x0 0x0 0x0 0x0 0x0 0x0 0x0 0x0 0x0 0x0 0x9 0x1 0x0 0x1e0001 oops 0 methods 0
ciMethodData java/lang/String <init> ([CIILjava/lang/Void;)V 2 4642 orig 80 0 0 0 0 0 0 0 0 0 0 0 0 0 0 0 0 0 0 0 0 0 0 0 0 0 0 0 0 0 0 0 0 0 0 0 0 0 0 0 0 0 0 0 0 0 0 0 0 0 0 0 0 0 0 0 0 0 0 0 0 0 0 0 0 0 0 0 0 0 0 0 0 0 0 0 0 0 0 0 0 data 29 0x10002 0x1222 0x50007 0x120a 0x20 0x18 0x1e0007 0x0 0x40 0x120a 0x240002 0x120a 0x2d0002 0x120a 0x430002 0x0 0x0 0x0 0x0 0x0 0x0 0x0 0x9 0x5 0xc 0x0 0x0 0x0 0x0 oops 0 methods 0
ciMethodData java/lang/String <init> ([C)V 2 2992 orig 80 0 0 0 0 0 0 0 0 0 0 0 0 86 1 0 0 0 0 0 0 0 0 0 0 0 0 0 0 0 0 0 0 0 0 0 0 0 0 0 0 0 0 0 0 0 0 0 0 0 0 0 0 0 0 0 0 0 0 0 0 0 0 0 0 0 0 0 0 0 0 0 0 0 0 0 0 0 0 0 0 data 9 0x60002 0xbb0 0x0 0x0 0x0 0x9 0x2 0x0 0x0 oops 0 methods 0
ciMethodData java/lang/ref/SoftReference get ()Ljava/lang/Object; 2 6147 orig 80 0 0 0 0 0 0 0 0 0 0 0 0 0 0 0 0 0 0 0 0 0 0 0 0 0 0 0 0 0 0 0 0 0 0 0 0 0 0 0 0 0 0 0 0 0 0 0 0 0 0 0 0 0 0 0 0 0 0 0 0 0 0 0 0 0 0 0 0 0 0 0 0 0 0 0 0 0 0 0 0 data 19 0x10002 0x1803 0x60007 0x4 0x40 0x17ff 0x110007 0x1778 0x20 0x87 0x0 0x0 0x0 0x0 0x0 0x0 0x9 0x1 0x0 oops 0 methods 0
ciMethod java/lang/AssertionError <init> ()V 0 0 1 0 -1
ciMethodData sun/util/locale/LocaleUtils isUpper (C)Z 2 29091 orig 80 0 0 0 0 0 0 0 0 0 0 0 0 0 0 0 0 0 0 0 0 0 0 0 0 0 0 0 0 0 0 0 0 0 0 0 0 0 0 0 0 0 0 0 0 0 0 0 0 0 0 0 0 0 0 0 0 0 0 0 0 0 0 0 0 0 0 0 0 0 0 0 0 0 0 0 0 0 0 0 0 data 15 0x30007 0x607 0x58 0x6b9c 0x90007 0x4bc6 0x38 0x1fd6 0xd0003 0x1fd6 0x18 0x0 0x9 0x1 0x0 oops 0 methods 0
ciMethodData sun/util/locale/LocaleUtils toLower (C)C 2 16753 orig 80 0 0 0 0 0 0 0 0 0 0 0 0 0 0 0 0 0 0 0 0 0 0 0 0 0 0 0 0 0 0 0 0 0 0 0 0 0 0 0 0 0 0 0 0 0 0 0 0 0 0 0 0 0 0 0 0 0 0 0 0 0 0 0 0 0 0 0 0 0 0 0 0 0 0 0 0 0 0 0 0 data 18 0x10002 0x4172 0x40007 0x263b 0x38 0x1b37 0xc0003 0x1b37 0x18 0x0 0x0 0x0 0x0 0x0 0x0 0x9 0x1 0x0 oops 0 methods 0
ciMethodData sun/util/locale/LocaleUtils toLowerString (Ljava/lang/String;)Ljava/lang/String; 2 3504 orig 80 0 0 0 0 0 0 0 0 0 0 0 0 0 0 0 0 0 0 0 0 0 0 0 0 0 0 0 0 0 0 0 0 0 0 0 0 0 0 0 0 0 0 0 0 0 0 0 0 0 0 0 0 0 0 0 0 0 0 0 0 0 0 0 0 0 0 0 0 0 0 0 0 0 0 0 0 0 0 0 0 data 65 0x10005 0xdb0 0x0 0x0 0x0 0x0 0x90007 0x9e9 0xb0 0x2725 0xe0005 0x2725 0x0 0x0 0x0 0x0 0x110002 0x2725 0x140007 0x235e 0x38 0x3c7 0x170003 0x3c7 0x30 0x1d0003 0x235e 0xffffffffffffff68 0x220007 0x3c7 0x20 0x9e9 0x310007 0x3c8 0xb0 0x1a71 0x370005 0x1a71 0x0 0x0 0x0 0x0 0x420007 0xe1e 0x38 0xc53 0x470003 0xc53 0x28 0x4c0002 0xe1e 0x530003 0x1a71 0xffffffffffffff68 0x5b0002 0x3c8 0x0 0x0 0x0 0x0 0x0 0x0 0x9 0x1 0x0 oops 0 methods 0
ciMethodData sun/util/locale/LocaleUtils isLower (C)Z 2 4024 orig 80 0 0 0 0 0 0 0 0 0 0 0 0 0 0 0 0 0 0 0 0 0 0 0 0 0 0 0 0 0 0 0 0 0 0 0 0 0 0 0 0 0 0 0 0 0 0 0 0 0 0 0 0 0 0 0 0 0 0 0 0 0 0 0 0 0 0 0 0 0 0 0 0 0 0 0 0 0 0 0 0 data 15 0x30007 0xfb9 0x58 0x0 0x90007 0x0 0x38 0x0 0xd0003 0x0 0x18 0x0 0x9 0x1 0x0 oops 0 methods 0
ciMethodData sun/util/locale/BaseLocale <init> (Ljava/lang/String;Ljava/lang/String;Ljava/lang/String;Ljava/lang/String;Z)V 2 2589 orig 80 0 0 0 0 0 0 0 0 0 0 0 0 0 0 0 0 0 0 0 0 0 0 0 0 0 0 0 0 0 0 0 0 0 0 0 0 0 0 0 0 0 0 0 0 0 0 0 0 0 0 0 0 0 0 0 0 0 0 0 0 0 0 0 0 0 0 0 0 0 0 0 0 0 0 0 0 0 0 0 0 data 53 0x10002 0xa1d 0x60007 0x662 0x128 0x3bb 0xb0002 0x3bb 0xe0005 0x3bb 0x0 0x0 0x0 0x0 0x160002 0x3bb 0x190005 0x3bb 0x0 0x0 0x0 0x0 0x210002 0x3bb 0x240005 0x3bb 0x0 0x0 0x0 0x0 0x2d0005 0x3bb 0x0 0x0 0x0 0x0 0x330003 0x3bb 0x18 0x0 0x0 0x0 0x0 0x0 0x0 0x9 0x6 0x1c 0x0 0x0 0x0 0x0 0x0 oops 0 methods 0
ciMethodData sun/util/locale/LocaleUtils toUpperString (Ljava/lang/String;)Ljava/lang/String; 2 2541 orig 80 0 0 0 0 0 0 0 0 0 0 0 0 87 1 0 0 0 0 0 0 0 0 0 0 0 0 0 0 0 0 0 0 0 0 0 0 0 0 0 0 0 0 0 0 0 0 0 0 0 0 0 0 0 0 0 0 0 0 0 0 0 0 0 0 0 0 0 0 0 0 0 0 0 0 0 0 0 0 0 0 data 65 0x10005 0x9ed 0x0 0x0 0x0 0x0 0x90007 0x9ed 0xb0 0xe81 0xe0005 0xe81 0x0 0x0 0x0 0x0 0x110002 0xe81 0x140007 0xe81 0x38 0x0 0x170003 0x0 0x30 0x1d0003 0xe81 0xffffffffffffff68 0x220007 0x0 0x20 0x9ed 0x310007 0x0 0xb0 0x0 0x370005 0x0 0x0 0x0 0x0 0x0 0x420007 0x0 0x38 0x0 0x470003 0x0 0x28 0x4c0002 0x0 0x530003 0x0 0xffffffffffffff68 0x5b0002 0x0 0x0 0x0 0x0 0x0 0x0 0x0 0x9 0x1 0x0 oops 0 methods 0
ciMethodData sun/util/locale/LocaleObjectCache cleanStaleEntries ()V 2 3850 orig 80 0 0 0 0 0 0 0 0 0 0 0 0 0 0 0 0 0 0 0 0 0 0 0 0 0 0 0 0 0 0 0 0 0 0 0 0 0 0 0 0 0 0 0 0 0 0 0 0 0 0 0 0 0 0 0 0 0 0 0 0 0 0 0 0 0 0 0 0 0 0 0 0 0 0 0 0 0 0 0 0 data 40 0x40005 0x0 0x157185762e0 0xf09 0x0 0x0 0x70104 0x0 0x0 0x0 0x0 0x0 0xc0007 0xf09 0x98 0x0 0x140005 0x0 0x0 0x0 0x0 0x0 0x180005 0x0 0x0 0x0 0x0 0x0 0x1e0003 0x0 0xffffffffffffff20 0x0 0x0 0x0 0x0 0x0 0x0 0x9 0x1 0x0 oops 1 2 java/lang/ref/ReferenceQueue methods 0
ciMethodData sun/util/locale/LocaleObjectCache get (Ljava/lang/Object;)Ljava/lang/Object; 2 3835 orig 80 0 0 0 0 0 0 0 0 0 0 0 0 0 0 0 0 0 0 0 0 0 0 0 0 0 0 0 0 0 0 0 0 0 0 0 0 0 0 0 0 0 0 0 0 0 0 0 0 0 0 0 0 0 0 0 0 0 0 0 0 0 0 0 0 0 0 0 0 0 0 0 0 0 0 0 0 0 0 0 0 data 99 0x30005 0xefb 0x0 0x0 0x0 0x0 0xb0005 0x0 0x156d197c1c8 0xefb 0x0 0x0 0x100104 0x0 0x15718575358 0x7e1 0x0 0x0 0x150007 0x71a 0x50 0x7e1 0x190005 0x0 0x15718575358 0x7e1 0x0 0x0 0x1e0007 0x7e1 0x1e8 0x71a 0x230005 0x0 0x15717244cd0 0x38d 0x15718578440 0x38d 0x290005 0x0 0x15717244cd0 0x38d 0x15718578440 0x38d 0x2f0007 0x0 0x40 0x71a 0x340007 0x71a 0x20 0x0 0x440002 0x71a 0x500005 0x0 0x156d197c1c8 0x71a 0x0 0x0 0x550104 0x0 0x0 0x0 0x0 0x0 0x5a0007 0x0 0x38 0x71a 0x600003 0x71a 0x98 0x640005 0x0 0x0 0x0 0x0 0x0 0x690007 0x0 0x50 0x0 0x730005 0x0 0x0 0x0 0x0 0x0 0x0 0x0 0x0 0x0 0x0 0x0 0x9 0x2 0x0 0x0 oops 8 8 java/util/concurrent/ConcurrentHashMap 14 sun/util/locale/LocaleObjectCache$CacheEntry 24 sun/util/locale/LocaleObjectCache$CacheEntry 34 sun/util/locale/BaseLocale$Cache 36 java/util/Locale$Cache 40 sun/util/locale/BaseLocale$Cache 42 java/util/Locale$Cache 56 java/util/concurrent/ConcurrentHashMap methods 0
ciMethodData sun/util/locale/LocaleObjectCache$CacheEntry <init> (Ljava/lang/Object;Ljava/lang/Object;Ljava/lang/ref/ReferenceQueue;)V 2 1818 orig 80 0 0 0 0 0 0 0 0 0 0 0 0 87 1 0 0 0 0 0 0 0 0 0 0 0 0 0 0 0 0 0 0 0 0 0 0 0 0 0 0 0 0 0 0 0 0 0 0 0 0 0 0 0 0 0 0 0 0 0 0 0 0 0 0 0 0 0 0 0 0 0 0 0 0 0 0 0 0 0 0 data 12 0x30002 0x71a 0x0 0x0 0x0 0x0 0x9 0x4 0x3e 0x0 0x0 0x0 oops 0 methods 0
ciMethodData java/lang/ref/SoftReference <init> (Ljava/lang/Object;Ljava/lang/ref/ReferenceQueue;)V 2 1821 orig 80 0 0 0 0 0 0 0 0 0 0 0 0 87 1 0 0 0 0 0 0 0 0 0 0 0 0 0 0 0 0 0 0 0 0 0 0 0 0 0 0 0 0 0 0 0 0 0 0 0 0 0 0 0 0 0 0 0 0 0 0 0 0 0 0 0 0 0 0 0 0 0 0 0 0 0 0 0 0 0 0 data 11 0x30002 0x71d 0x0 0x0 0x0 0x0 0x9 0x3 0x36 0x0 0x0 oops 0 methods 0
ciMethodData sun/util/locale/BaseLocale$Key <init> (Ljava/lang/String;Ljava/lang/String;Ljava/lang/String;Ljava/lang/String;Z)V 2 2466 orig 80 0 0 0 0 0 0 0 0 0 0 0 0 0 0 0 0 0 0 0 0 0 0 0 0 0 0 0 0 0 0 0 0 0 0 0 0 0 0 0 0 0 0 0 0 0 0 0 0 0 0 0 0 0 0 0 0 0 0 0 0 0 0 0 0 0 0 0 0 0 0 0 0 0 0 0 0 0 0 0 0 data 33 0x10002 0x9a1 0xf0002 0x9a1 0x1e0007 0x620 0x48 0x381 0x280002 0x381 0x330003 0x381 0x18 0x450005 0x9a1 0x0 0x0 0x0 0x0 0x0 0x0 0x0 0x0 0x0 0x0 0x9 0x6 0xffffffffffffffff 0x0 0x0 0x0 0x0 0x0 oops 0 methods 0
ciMethodData sun/util/locale/BaseLocale$Key hashCode (Lsun/util/locale/BaseLocale;)I 2 2499 orig 80 0 0 0 0 0 0 0 0 0 0 0 0 0 0 0 0 0 0 0 0 0 0 0 0 0 0 0 0 0 0 0 0 0 0 0 0 0 0 0 0 0 0 0 0 0 0 0 0 0 0 0 0 0 0 0 0 0 0 0 0 0 0 0 0 0 0 0 0 0 0 0 0 0 0 0 0 0 0 0 0 data 116 0x30005 0x9c2 0x0 0x0 0x0 0x0 0x80005 0x9c2 0x0 0x0 0x0 0x0 0x140007 0x9c3 0x78 0x166d 0x1e0005 0x166d 0x0 0x0 0x0 0x0 0x210002 0x166d 0x290003 0x166d 0xffffffffffffffa0 0x2d0005 0x9c3 0x0 0x0 0x0 0x0 0x340005 0x9c3 0x0 0x0 0x0 0x0 0x400007 0x9c3 0x78 0xad0 0x4b0005 0xad0 0x0 0x0 0x0 0x0 0x4e0002 0xad0 0x560003 0xad0 0xffffffffffffffa0 0x5a0005 0x9c3 0x0 0x0 0x0 0x0 0x610005 0x9c3 0x0 0x0 0x0 0x0 0x6d0007 0x9c3 0x78 0xe6c 0x780005 0xe6c 0x0 0x0 0x0 0x0 0x7b0002 0xe6c 0x830003 0xe6c 0xffffffffffffffa0 0x870005 0x9c3 0x0 0x0 0x0 0x0 0x8e0005 0x9c3 0x0 0x0 0x0 0x0 0x9a0007 0x9c3 0x68 0x30 0xa50005 0x30 0x0 0x0 0x0 0x0 0xad0003 0x30 0xffffffffffffffb0 0x0 0x0 0x0 0x0 0x0 0x0 0x9 0x2 0x0 0x0 oops 0 methods 0
ciMethodData sun/util/locale/BaseLocale getInstance (Ljava/lang/String;Ljava/lang/String;Ljava/lang/String;Ljava/lang/String;)Lsun/util/locale/BaseLocale; 2 1232 orig 80 0 0 0 0 0 0 0 0 0 0 0 0 0 0 0 0 0 0 0 0 0 0 0 0 0 0 0 0 0 0 0 0 0 0 0 0 0 0 0 0 0 0 0 0 0 0 0 0 0 0 0 0 0 0 0 0 0 0 0 0 0 0 0 0 0 0 0 0 0 0 0 0 0 0 0 0 0 0 0 0 data 117 0x10007 0x4cf 0x20 0x0 0x80007 0x4cf 0x20 0x0 0xf0007 0x4cf 0x20 0x0 0x160007 0x4cf 0x20 0x0 0x1d0002 0x4cf 0x220002 0x4cf 0x270005 0x4cf 0x0 0x0 0x0 0x0 0x2a0007 0x157 0x1a8 0x378 0x2e0005 0x378 0x0 0x0 0x0 0x0 0x310007 0x4 0x158 0x374 0x450007 0x360 0x138 0x40eb 0x510005 0x40eb 0x0 0x0 0x0 0x0 0x550005 0x40eb 0x0 0x0 0x0 0x0 0x580007 0x3e12 0xa0 0x2d9 0x5d0005 0x2d9 0x0 0x0 0x0 0x0 0x610005 0x2d9 0x0 0x0 0x0 0x0 0x640007 0x2c5 0x20 0x14 0x6d0003 0x40d7 0xfffffffffffffee0 0x710005 0x4bb 0x0 0x0 0x0 0x0 0x740007 0x0 0x30 0x4bb 0x780002 0x4bb 0x850002 0x4bb 0x8f0005 0x0 0x15717244cd0 0x4bb 0x0 0x0 0x920004 0x0 0x15717244650 0x4bb 0x0 0x0 0x0 0x0 0x0 0x0 0x0 0x0 0x9 0x4 0x0 0x0 0x0 0x0 oops 2 95 sun/util/locale/BaseLocale$Cache 101 sun/util/locale/BaseLocale methods 0
ciMethodData sun/util/locale/BaseLocale convertOldISOCodes (Ljava/lang/String;)Ljava/lang/String; 2 1492 orig 80 0 0 0 0 0 0 0 0 0 0 0 0 87 1 0 0 0 0 0 0 0 0 0 0 0 0 0 0 0 0 0 0 0 0 0 0 0 0 0 0 0 0 0 0 0 0 0 0 0 0 0 0 0 0 0 0 0 0 0 0 0 0 0 0 0 0 0 0 0 0 0 0 0 0 0 0 0 0 0 0 data 152 0x50005 0x5d4 0x0 0x0 0x0 0x0 0x80008 0xe 0x5c7 0x2d8 0x4 0x80 0x5 0x150 0x0 0x1b8 0x0 0xe8 0x0 0x288 0x4 0x220 0x470005 0x4 0x0 0x0 0x0 0x0 0x4a0007 0x0 0x228 0x4 0x4f0003 0x4 0x208 0x550005 0x0 0x0 0x0 0x0 0x0 0x580007 0x0 0x1c0 0x0 0x5d0003 0x0 0x1a0 0x630005 0x5 0x0 0x0 0x0 0x0 0x660007 0x0 0x158 0x5 0x6b0003 0x5 0x138 0x710005 0x0 0x0 0x0 0x0 0x0 0x740007 0x0 0xf0 0x0 0x790003 0x0 0xd0 0x7f0005 0x4 0x0 0x0 0x0 0x0 0x820007 0x0 0x88 0x4 0x870003 0x4 0x68 0x8d0005 0x0 0x0 0x0 0x0 0x0 0x900007 0x0 0x20 0x0 0x960008 0xe 0x5c7 0x170 0x4 0x80 0x0 0x80 0x5 0xd0 0x0 0xd0 0x4 0x120 0x0 0x120 0xbf0007 0x4 0x38 0x0 0xc40003 0x0 0xd0 0xc90003 0x4 0xb8 0xcf0007 0x5 0x38 0x0 0xd40003 0x0 0x80 0xd90003 0x5 0x68 0xdf0007 0x4 0x38 0x0 0xe40003 0x0 0x30 0xe90003 0x4 0x18 0x0 0x0 0x0 0x0 0x0 0x0 0x9 0x1 0x0 oops 0 methods 0
ciMethodData sun/util/locale/BaseLocale$Key normalize (Lsun/util/locale/BaseLocale$Key;)Lsun/util/locale/BaseLocale$Key; 2 1680 orig 80 0 0 0 0 0 0 0 0 0 0 0 0 0 0 0 0 0 0 0 0 0 0 0 0 0 0 0 0 0 0 0 0 0 0 0 0 0 0 0 0 0 0 0 0 0 0 0 0 0 0 0 0 0 0 0 0 0 0 0 0 0 0 0 0 0 0 0 0 0 0 0 0 0 0 0 0 0 0 0 0 data 53 0x40007 0x348 0x20 0x349 0xc0007 0x348 0x70 0x0 0x130007 0x0 0x40 0x0 0x1a0007 0x0 0x30 0x0 0x210002 0x0 0x2f0005 0x348 0x0 0x0 0x0 0x0 0x330005 0x348 0x0 0x0 0x0 0x0 0x370005 0x348 0x0 0x0 0x0 0x0 0x3b0005 0x348 0x0 0x0 0x0 0x0 0x3f0002 0x348 0x0 0x0 0x0 0x0 0x0 0x0 0x9 0x1 0x0 oops 0 methods 0
ciMethodData sun/util/locale/BaseLocale$Key getBaseLocale ()Lsun/util/locale/BaseLocale; 2 2798 orig 80 0 0 0 0 0 0 0 0 0 0 0 0 0 0 0 0 0 0 0 0 0 0 0 0 0 0 0 0 0 0 0 0 0 0 0 0 0 0 0 0 0 0 0 0 0 0 0 0 0 0 0 0 0 0 0 0 0 0 0 0 0 0 0 0 0 0 0 0 0 0 0 0 0 0 0 0 0 0 0 0 data 28 0x40007 0x44e 0x98 0x6a1 0xb0005 0x0 0x156d19799a8 0x6a1 0x0 0x0 0xe0004 0x0 0x15717244650 0x6a1 0x0 0x0 0x110003 0x6a1 0x18 0x0 0x0 0x0 0x0 0x0 0x0 0x9 0x1 0x0 oops 2 6 java/lang/ref/SoftReference 12 sun/util/locale/BaseLocale methods 0
ciMethodData sun/util/locale/BaseLocale$Cache normalizeKey (Ljava/lang/Object;)Ljava/lang/Object; 1 584 orig 80 0 0 0 0 0 0 0 0 0 0 0 0 0 0 0 0 0 0 0 0 0 0 0 0 0 0 0 0 0 0 0 0 0 0 0 0 0 0 0 0 0 0 0 0 0 0 0 0 0 0 0 0 0 0 0 0 0 0 0 0 0 0 0 0 0 0 0 0 0 0 0 0 0 0 0 0 0 0 0 0 data 22 0x20004 0x0 0x15717248140 0x249 0x0 0x0 0x50005 0x0 0x15717244cd0 0x249 0x0 0x0 0x0 0x0 0x0 0x0 0x0 0x0 0x9 0x2 0x0 0x0 oops 2 2 sun/util/locale/BaseLocale$Key 8 sun/util/locale/BaseLocale$Cache methods 0
ciMethodData sun/util/locale/BaseLocale$Cache normalizeKey (Lsun/util/locale/BaseLocale$Key;)Lsun/util/locale/BaseLocale$Key; 1 584 orig 80 0 0 0 0 0 0 0 0 0 0 0 0 0 0 0 0 0 0 0 0 0 0 0 0 0 0 0 0 0 0 0 0 0 0 0 0 0 0 0 0 0 0 0 0 0 0 0 0 0 0 0 0 0 0 0 0 0 0 0 0 0 0 0 0 0 0 0 0 0 0 0 0 0 0 0 0 0 0 0 0 data 12 0x10002 0x249 0x0 0x0 0x0 0x0 0x0 0x0 0x9 0x2 0x0 0x0 oops 0 methods 0
ciMethodData sun/util/locale/BaseLocale$Cache createObject (Ljava/lang/Object;)Ljava/lang/Object; 1 584 orig 80 0 0 0 0 0 0 0 0 0 0 0 0 0 0 0 0 0 0 0 0 0 0 0 0 0 0 0 0 0 0 0 0 0 0 0 0 0 0 0 0 0 0 0 0 0 0 0 0 0 0 0 0 0 0 0 0 0 0 0 0 0 0 0 0 0 0 0 0 0 0 0 0 0 0 0 0 0 0 0 0 data 22 0x20004 0x0 0x15717248140 0x249 0x0 0x0 0x50005 0x0 0x15717244cd0 0x249 0x0 0x0 0x0 0x0 0x0 0x0 0x0 0x0 0x9 0x2 0x0 0x0 oops 2 2 sun/util/locale/BaseLocale$Key 8 sun/util/locale/BaseLocale$Cache methods 0
ciMethodData sun/util/locale/BaseLocale$Cache createObject (Lsun/util/locale/BaseLocale$Key;)Lsun/util/locale/BaseLocale; 1 584 orig 80 0 0 0 0 0 0 0 0 0 0 0 0 0 0 0 0 0 0 0 0 0 0 0 0 0 0 0 0 0 0 0 0 0 0 0 0 0 0 0 0 0 0 0 0 0 0 0 0 0 0 0 0 0 0 0 0 0 0 0 0 0 0 0 0 0 0 0 0 0 0 0 0 0 0 0 0 0 0 0 0 data 18 0x10002 0x249 0x40005 0x249 0x0 0x0 0x0 0x0 0x0 0x0 0x0 0x0 0x0 0x0 0x9 0x2 0x0 0x0 oops 0 methods 0
ciMethodData sun/util/locale/LocaleUtils caseIgnoreMatch (Ljava/lang/String;Ljava/lang/String;)Z 2 3178 orig 80 0 0 0 0 0 0 0 0 0 0 0 0 87 1 0 0 0 0 0 0 0 0 0 0 0 0 0 0 0 0 0 0 0 0 0 0 0 0 0 0 0 0 0 0 0 0 0 0 0 0 0 0 0 0 0 0 0 0 0 0 0 0 0 0 0 0 0 0 0 0 0 0 0 0 0 0 0 0 0 0 data 61 0x20007 0x817 0x20 0x453 0x80005 0x817 0x0 0x0 0x0 0x0 0xe0005 0x817 0x0 0x0 0x0 0x0 0x110007 0x817 0x20 0x0 0x1a0007 0x80d 0xf8 0x13aa 0x1f0005 0x13aa 0x0 0x0 0x0 0x0 0x260005 0x13aa 0x0 0x0 0x0 0x0 0x2f0007 0x13a0 0x60 0xa 0x340002 0xa 0x390002 0xa 0x3c0007 0x0 0x20 0xa 0x440003 0x13a0 0xffffffffffffff20 0x0 0x0 0x0 0x0 0x0 0x0 0x9 0x2 0x0 0x0 oops 0 methods 0
ciMethodData sun/util/locale/BaseLocale$Key equals (Ljava/lang/Object;)Z 1 790 orig 80 0 0 0 0 0 0 0 0 0 0 0 0 0 0 0 0 0 0 0 0 0 0 0 0 0 0 0 0 0 0 0 0 0 0 0 0 0 0 0 0 0 0 0 0 0 0 0 0 0 0 0 0 0 0 0 0 0 0 0 0 0 0 0 0 0 0 0 0 0 0 0 0 0 0 0 0 0 0 0 0 data 136 0x20007 0x316 0x20 0x0 0x80004 0x0 0x15717248140 0x316 0x0 0x0 0xb0007 0x0 0x3a0 0x316 0x130004 0x0 0x15717248140 0x316 0x0 0x0 0x190007 0x0 0x350 0x316 0x1d0004 0x0 0x15717248140 0x316 0x0 0x0 0x200005 0x316 0x0 0x0 0x0 0x0 0x250005 0x316 0x0 0x0 0x0 0x0 0x2a0007 0x0 0x2a0 0x316 0x2e0007 0x0 0x280 0x316 0x320005 0x316 0x0 0x0 0x0 0x0 0x360005 0x316 0x0 0x0 0x0 0x0 0x390002 0x316 0x3c0007 0x0 0x1f0 0x316 0x400005 0x316 0x0 0x0 0x0 0x0 0x440005 0x316 0x0 0x0 0x0 0x0 0x470002 0x316 0x4a0007 0x0 0x160 0x316 0x4e0005 0x316 0x0 0x0 0x0 0x0 0x520005 0x316 0x0 0x0 0x0 0x0 0x550002 0x316 0x580007 0x0 0xd0 0x316 0x5c0005 0x316 0x0 0x0 0x0 0x0 0x600005 0x316 0x0 0x0 0x0 0x0 0x630005 0x316 0x0 0x0 0x0 0x0 0x660007 0x0 0x20 0x316 0x0 0x0 0x0 0x0 0x0 0x0 0x9 0x2 0x0 0x0 oops 3 6 sun/util/locale/BaseLocale$Key 16 sun/util/locale/BaseLocale$Key 26 sun/util/locale/BaseLocale$Key methods 0
compile sun/util/locale/BaseLocale getInstance (Ljava/lang/String;Ljava/lang/String;Ljava/lang/String;Ljava/lang/String;)Lsun/util/locale/BaseLocale; -1 4 inline 103 0 -1 0 sun/util/locale/BaseLocale getInstance (Ljava/lang/String;Ljava/lang/String;Ljava/lang/String;Ljava/lang/String;)Lsun/util/locale/BaseLocale; 1 29 0 sun/util/locale/LocaleUtils toLowerString (Ljava/lang/String;)Ljava/lang/String; 2 1 0 java/lang/String length ()I 3 6 0 java/lang/String coder ()B 2 14 0 java/lang/String charAt (I)C 3 1 0 java/lang/String isLatin1 ()Z 3 12 0 java/lang/StringLatin1 charAt ([BI)C 4 3 0 java/lang/String checkIndex (II)V 2 17 0 sun/util/locale/LocaleUtils isUpper (C)Z 2 55 0 java/lang/String charAt (I)C 3 1 0 java/lang/String isLatin1 ()Z 3 12 0 java/lang/StringLatin1 charAt ([BI)C 4 3 0 java/lang/String checkIndex (II)V 2 76 0 sun/util/locale/LocaleUtils toLower (C)C 3 1 0 sun/util/locale/LocaleUtils isUpper (C)Z 2 91 0 java/lang/String <init> ([C)V 3 6 0 java/lang/String <init> ([CIILjava/lang/Void;)V 4 1 0 java/lang/Object <init> ()V 4 36 0 java/lang/StringUTF16 compress ([CII)[B 4 45 0 java/lang/StringUTF16 coderFromArrayLen ([BI)B 1 34 0 sun/util/locale/LocaleUtils toUpperString (Ljava/lang/String;)Ljava/lang/String; 2 1 0 java/lang/String length ()I 3 6 0 java/lang/String coder ()B 2 14 0 java/lang/String charAt (I)C 3 1 0 java/lang/String isLatin1 ()Z 3 12 0 java/lang/StringLatin1 charAt ([BI)C 4 3 0 java/lang/String checkIndex (II)V 2 17 0 sun/util/locale/LocaleUtils isLower (C)Z 1 39 0 java/lang/String isEmpty ()Z 1 46 0 java/lang/String isEmpty ()Z 1 81 0 sun/util/locale/BaseLocale getLanguage ()Ljava/lang/String; 1 85 0 java/lang/String equals (Ljava/lang/Object;)Z 1 93 0 sun/util/locale/BaseLocale getRegion ()Ljava/lang/String; 1 97 0 java/lang/String equals (Ljava/lang/Object;)Z 1 113 0 java/lang/String isEmpty ()Z 1 120 0 sun/util/locale/BaseLocale convertOldISOCodes (Ljava/lang/String;)Ljava/lang/String; 2 5 0 java/lang/String hashCode ()I 3 17 0 java/lang/String isLatin1 ()Z 1 133 0 sun/util/locale/BaseLocale$Key <init> (Ljava/lang/String;Ljava/lang/String;Ljava/lang/String;Ljava/lang/String;Z)V 2 1 0 java/lang/Object <init> ()V 2 15 0 sun/util/locale/BaseLocale <init> (Ljava/lang/String;Ljava/lang/String;Ljava/lang/String;Ljava/lang/String;Z)V 3 1 0 java/lang/Object <init> ()V 2 69 0 sun/util/locale/BaseLocale$Key hashCode (Lsun/util/locale/BaseLocale;)I 3 3 0 sun/util/locale/BaseLocale getLanguage ()Ljava/lang/String; 3 8 0 java/lang/String length ()I 4 6 0 java/lang/String coder ()B 3 30 0 java/lang/String charAt (I)C 4 1 0 java/lang/String isLatin1 ()Z 4 12 0 java/lang/StringLatin1 charAt ([BI)C 5 3 0 java/lang/String checkIndex (II)V 3 33 0 sun/util/locale/LocaleUtils toLower (C)C 4 1 0 sun/util/locale/LocaleUtils isUpper (C)Z 3 45 0 sun/util/locale/BaseLocale getScript ()Ljava/lang/String; 3 52 0 java/lang/String length ()I 4 6 0 java/lang/String coder ()B 3 75 0 java/lang/String charAt (I)C 4 1 0 java/lang/String isLatin1 ()Z 4 12 0 java/lang/StringLatin1 charAt ([BI)C 5 3 0 java/lang/String checkIndex (II)V 3 78 0 sun/util/locale/LocaleUtils toLower (C)C 4 1 0 sun/util/locale/LocaleUtils isUpper (C)Z 3 90 0 sun/util/locale/BaseLocale getRegion ()Ljava/lang/String; 3 97 0 java/lang/String length ()I 4 6 0 java/lang/String coder ()B 3 120 0 java/lang/String charAt (I)C 4 1 0 java/lang/String isLatin1 ()Z 4 12 0 java/lang/StringLatin1 charAt ([BI)C 5 3 0 java/lang/String checkIndex (II)V 3 123 0 sun/util/locale/LocaleUtils toLower (C)C 4 1 0 sun/util/locale/LocaleUtils isUpper (C)Z 3 135 0 sun/util/locale/BaseLocale getVariant ()Ljava/lang/String; 3 142 0 java/lang/String length ()I 4 6 0 java/lang/String coder ()B 3 165 0 java/lang/String charAt (I)C 4 1 0 java/lang/String isLatin1 ()Z 4 12 0 java/lang/StringLatin1 charAt ([BI)C 5 3 0 java/lang/String checkIndex (II)V 1 143 0 sun/util/locale/LocaleObjectCache get (Ljava/lang/Object;)Ljava/lang/Object; 2 3 0 sun/util/locale/LocaleObjectCache cleanStaleEntries ()V 3 4 0 java/lang/ref/ReferenceQueue poll ()Ljava/lang/ref/Reference; 4 1 0 java/lang/ref/ReferenceQueue headIsNull ()Z 2 11 0 java/util/concurrent/ConcurrentHashMap get (Ljava/lang/Object;)Ljava/lang/Object; 3 1 0 sun/util/locale/BaseLocale$Key hashCode ()I 3 4 0 java/util/concurrent/ConcurrentHashMap spread (I)I 3 34 0 java/util/concurrent/ConcurrentHashMap tabAt ([Ljava/util/concurrent/ConcurrentHashMap$Node;I)Ljava/util/concurrent/ConcurrentHashMap$Node; 3 73 0 sun/util/locale/BaseLocale$Key equals (Ljava/lang/Object;)Z 4 50 0 sun/util/locale/BaseLocale getLanguage ()Ljava/lang/String; 4 54 0 sun/util/locale/BaseLocale getLanguage ()Ljava/lang/String; 4 64 0 sun/util/locale/BaseLocale getScript ()Ljava/lang/String; 4 68 0 sun/util/locale/BaseLocale getScript ()Ljava/lang/String; 4 78 0 sun/util/locale/BaseLocale getRegion ()Ljava/lang/String; 4 82 0 sun/util/locale/BaseLocale getRegion ()Ljava/lang/String; 4 92 0 sun/util/locale/BaseLocale getVariant ()Ljava/lang/String; 4 96 0 sun/util/locale/BaseLocale getVariant ()Ljava/lang/String; 2 25 0 java/lang/ref/SoftReference get ()Ljava/lang/Object; 2 35 0 sun/util/locale/BaseLocale$Cache normalizeKey (Ljava/lang/Object;)Ljava/lang/Object; 3 5 0 sun/util/locale/BaseLocale$Cache normalizeKey (Lsun/util/locale/BaseLocale$Key;)Lsun/util/locale/BaseLocale$Key; 2 41 0 sun/util/locale/BaseLocale$Cache createObject (Ljava/lang/Object;)Ljava/lang/Object; 2 68 0 sun/util/locale/LocaleObjectCache$CacheEntry <init> (Ljava/lang/Object;Ljava/lang/Object;Ljava/lang/ref/ReferenceQueue;)V 3 3 0 java/lang/ref/SoftReference <init> (Ljava/lang/Object;Ljava/lang/ref/ReferenceQueue;)V 4 3 0 java/lang/ref/Reference <init> (Ljava/lang/Object;Ljava/lang/ref/ReferenceQueue;)V 5 1 0 java/lang/Object <init> ()V 2 80 0 java/util/concurrent/ConcurrentHashMap putIfAbsent (Ljava/lang/Object;Ljava/lang/Object;)Ljava/lang/Object;
